0
SECTION
2
HEADER
9
$ACADVER
1
AC1009
9
$INSBASE
10
0
20
0
30
0
9
$EXTMIN
10
-1150
20
-420
30
0
9
$EXTMAX
10
640
20
1820
30
60
0
ENDSEC
0
SECTION
2
TABLES
0
TABLE
2
LTYPE
70
1
0
LTYPE
2
CONTINUOUS
70
0
3
Solid line
72
65
73
0
40
0
0
ENDTAB
0
TABLE
2
LAYER
70
19
0
LAYER
2
WATER
70
0
62
5
6
CONTINUOUS
0
LAYER
2
LAND_EDGE
70
0
62
8
6
CONTINUOUS
0
LAYER
2
ZONE_SHIPYARD
70
0
62
1
6
CONTINUOUS
0
LAYER
2
ZONE_CIVIL
70
0
62
3
6
CONTINUOUS
0
LAYER
2
BUILDINGS_SHIPYARD
70
0
62
6
6
CONTINUOUS
0
LAYER
2
BUILDINGS_CONTEXT
70
0
62
9
6
CONTINUOUS
0
LAYER
2
FENCE
70
0
62
1
6
CONTINUOUS
0
LAYER
2
FENCE_GATES
70
0
62
2
6
CONTINUOUS
0
LAYER
2
ROADS_CITY
70
0
62
8
6
CONTINUOUS
0
LAYER
2
ROADS_INTERNAL
70
0
62
250
6
CONTINUOUS
0
LAYER
2
SIDEWALKS
70
0
62
9
6
CONTINUOUS
0
LAYER
2
RAILS
70
0
62
30
6
CONTINUOUS
0
LAYER
2
SLIPWAYS
70
0
62
4
6
CONTINUOUS
0
LAYER
2
BRIDGES
70
0
62
34
6
CONTINUOUS
0
LAYER
2
CRANES
70
0
62
2
6
CONTINUOUS
0
LAYER
2
VESSELS
70
0
62
140
6
CONTINUOUS
0
LAYER
2
DOCKS
70
0
62
150
6
CONTINUOUS
0
LAYER
2
AREAS
70
0
62
62
6
CONTINUOUS
0
LAYER
2
LABELS
70
0
62
7
6
CONTINUOUS
0
ENDTAB
0
ENDSEC
0
SECTION
2
ENTITIES
0
POLYLINE
8
WATER
66
1
10
0
20
0
30
0
70
1
0
VERTEX
8
WATER
10
-1150
20
-420
30
0
0
VERTEX
8
WATER
10
-686.667
20
-420
30
0
0
VERTEX
8
WATER
10
-660
20
-320
30
0
0
VERTEX
8
WATER
10
-625
20
-190
30
0
0
VERTEX
8
WATER
10
-624.343
20
-187.753
30
0
0
VERTEX
8
WATER
10
-555.077
20
-172.515
30
0
0
VERTEX
8
WATER
10
-446.271
20
-152.732
30
0
0
VERTEX
8
WATER
10
-409.804
20
-148.356
30
0
0
VERTEX
8
WATER
10
-418.695
20
-216.75
30
0
0
VERTEX
8
WATER
10
-453.199
20
-315.333
30
0
0
VERTEX
8
WATER
10
-490.58
20
-420
30
0
0
VERTEX
8
WATER
10
-460.848
20
-420
30
0
0
VERTEX
8
WATER
10
-426.801
20
-324.667
30
0
0
VERTEX
8
WATER
10
-391.305
20
-223.25
30
0
0
VERTEX
8
WATER
10
-381.121
20
-144.914
30
0
0
VERTEX
8
WATER
10
-297.678
20
-134.901
30
0
0
VERTEX
8
WATER
10
-148.497
20
-124.955
30
0
0
VERTEX
8
WATER
10
37.219
20
-114.971
30
0
0
VERTEX
8
WATER
10
150.398
20
-110.007
30
0
0
VERTEX
8
WATER
10
399.364
20
-112.994
30
0
0
VERTEX
8
WATER
10
640
20
-122.352
30
0
0
VERTEX
8
WATER
10
640
20
-72.314
30
0
0
VERTEX
8
WATER
10
400.636
20
-63.006
30
0
0
VERTEX
8
WATER
10
149.602
20
-59.993
30
0
0
VERTEX
8
WATER
10
34.781
20
-65.029
30
0
0
VERTEX
8
WATER
10
-151.503
20
-75.045
30
0
0
VERTEX
8
WATER
10
-302.322
20
-85.099
30
0
0
VERTEX
8
WATER
10
-453.729
20
-103.268
30
0
0
VERTEX
8
WATER
10
-564.923
20
-123.485
30
0
0
VERTEX
8
WATER
10
-608.35
20
-133.039
30
0
0
VERTEX
8
WATER
10
-606
20
-125
30
0
0
VERTEX
8
WATER
10
-575
20
-40
30
0
0
VERTEX
8
WATER
10
-522
20
150
30
0
0
VERTEX
8
WATER
10
-478
20
300
30
0
0
VERTEX
8
WATER
10
-469.775
20
341.124
30
0
0
VERTEX
8
WATER
10
-398.798
20
351.061
30
0
0
VERTEX
8
WATER
10
-298.875
20
359.055
30
0
0
VERTEX
8
WATER
10
-122.744
20
381.197
30
0
0
VERTEX
8
WATER
10
-21.769
20
410.958
30
0
0
VERTEX
8
WATER
10
0.982
20
467.836
30
0
0
VERTEX
8
WATER
10
3
20
699.989
30
0
0
VERTEX
8
WATER
10
1
20
1000.037
30
0
0
VERTEX
8
WATER
10
1
20
1162.345
30
0
0
VERTEX
8
WATER
10
106.36
20
1191.003
30
0
0
VERTEX
8
WATER
10
255.723
20
1250.749
30
0
0
VERTEX
8
WATER
10
296.98
20
1259
30
0
0
VERTEX
8
WATER
10
299
20
1259
30
0
0
VERTEX
8
WATER
10
299
20
1259.404
30
0
0
VERTEX
8
WATER
10
352.112
20
1270.026
30
0
0
VERTEX
8
WATER
10
500.056
20
1271.999
30
0
0
VERTEX
8
WATER
10
640
20
1270.922
30
0
0
VERTEX
8
WATER
10
640
20
1310.924
30
0
0
VERTEX
8
WATER
10
499.944
20
1312.001
30
0
0
VERTEX
8
WATER
10
347.888
20
1309.974
30
0
0
VERTEX
8
WATER
10
299
20
1300.196
30
0
0
VERTEX
8
WATER
10
299
20
1505.599
30
0
0
VERTEX
8
WATER
10
500.351
20
1512.006
30
0
0
VERTEX
8
WATER
10
640
20
1517.377
30
0
0
VERTEX
8
WATER
10
640
20
1537.392
30
0
0
VERTEX
8
WATER
10
499.649
20
1531.994
30
0
0
VERTEX
8
WATER
10
299
20
1525.61
30
0
0
VERTEX
8
WATER
10
299
20
1659.714
30
0
0
VERTEX
8
WATER
10
300
20
1660
30
0
0
VERTEX
8
WATER
10
520
20
1722
30
0
0
VERTEX
8
WATER
10
640
20
1755.333
30
0
0
VERTEX
8
WATER
10
640
20
1820
30
0
0
VERTEX
8
WATER
10
43.75
20
1820
30
0
0
VERTEX
8
WATER
10
-50
20
1770
30
0
0
VERTEX
8
WATER
10
-250
20
1665
30
0
0
VERTEX
8
WATER
10
-450
20
1565
30
0
0
VERTEX
8
WATER
10
-650
20
1460
30
0
0
VERTEX
8
WATER
10
-780
20
1390
30
0
0
VERTEX
8
WATER
10
-890
20
1260
30
0
0
VERTEX
8
WATER
10
-960
20
1060
30
0
0
VERTEX
8
WATER
10
-1000
20
820
30
0
0
VERTEX
8
WATER
10
-1060
20
300
30
0
0
VERTEX
8
WATER
10
-1090
20
50
30
0
0
VERTEX
8
WATER
10
-1130
20
-200
30
0
0
VERTEX
8
WATER
10
-1150
20
-308
30
0
0
SEQEND
8
WATER
0
POLYLINE
8
WATER
66
1
10
0
20
0
30
0
70
1
0
VERTEX
8
WATER
10
-465.731
20
363.905
30
0
0
VERTEX
8
WATER
10
-446
20
650
30
0
0
VERTEX
8
WATER
10
-422
20
900
30
0
0
VERTEX
8
WATER
10
-400
20
1080
30
0
0
VERTEX
8
WATER
10
-396.878
20
1092.489
30
0
0
VERTEX
8
WATER
10
-297.779
20
1100.112
30
0
0
VERTEX
8
WATER
10
-145.91
20
1122.386
30
0
0
VERTEX
8
WATER
10
-21
20
1156.361
30
0
0
VERTEX
8
WATER
10
-21
20
999.963
30
0
0
VERTEX
8
WATER
10
-19
20
700.011
30
0
0
VERTEX
8
WATER
10
-20.982
20
472.164
30
0
0
VERTEX
8
WATER
10
-38.231
20
429.042
30
0
0
VERTEX
8
WATER
10
-127.256
20
402.803
30
0
0
VERTEX
8
WATER
10
-301.125
20
380.945
30
0
0
VERTEX
8
WATER
10
-401.202
20
372.939
30
0
0
SEQEND
8
WATER
0
POLYLINE
8
WATER
66
1
10
0
20
0
30
0
70
1
0
VERTEX
8
WATER
10
-386.652
20
1133.394
30
0
0
VERTEX
8
WATER
10
-385
20
1140
30
0
0
VERTEX
8
WATER
10
-370
20
1250
30
0
0
VERTEX
8
WATER
10
-330
20
1318
30
0
0
VERTEX
8
WATER
10
-240
20
1376
30
0
0
VERTEX
8
WATER
10
-100
20
1450
30
0
0
VERTEX
8
WATER
10
100
20
1565
30
0
0
VERTEX
8
WATER
10
272
20
1652
30
0
0
VERTEX
8
WATER
10
273
20
1652.286
30
0
0
VERTEX
8
WATER
10
273
20
1294.996
30
0
0
VERTEX
8
WATER
10
244.277
20
1289.251
30
0
0
VERTEX
8
WATER
10
93.64
20
1228.997
30
0
0
VERTEX
8
WATER
10
-9.289
20
1201
30
0
0
VERTEX
8
WATER
10
-21
20
1201
30
0
0
VERTEX
8
WATER
10
-21
20
1197.815
30
0
0
VERTEX
8
WATER
10
-154.09
20
1161.614
30
0
0
VERTEX
8
WATER
10
-302.221
20
1139.888
30
0
0
SEQEND
8
WATER
0
POLYLINE
8
LAND_EDGE
66
1
10
0
20
0
30
0
70
1
0
VERTEX
8
LAND_EDGE
10
-1150
20
-308
30
0
0
VERTEX
8
LAND_EDGE
10
-1130
20
-200
30
0
0
VERTEX
8
LAND_EDGE
10
-1090
20
50
30
0
0
VERTEX
8
LAND_EDGE
10
-1060
20
300
30
0
0
VERTEX
8
LAND_EDGE
10
-1000
20
820
30
0
0
VERTEX
8
LAND_EDGE
10
-960
20
1060
30
0
0
VERTEX
8
LAND_EDGE
10
-890
20
1260
30
0
0
VERTEX
8
LAND_EDGE
10
-780
20
1390
30
0
0
VERTEX
8
LAND_EDGE
10
-650
20
1460
30
0
0
VERTEX
8
LAND_EDGE
10
-450
20
1565
30
0
0
VERTEX
8
LAND_EDGE
10
-250
20
1665
30
0
0
VERTEX
8
LAND_EDGE
10
-50
20
1770
30
0
0
VERTEX
8
LAND_EDGE
10
43.75
20
1820
30
0
0
VERTEX
8
LAND_EDGE
10
-1150
20
1820
30
0
0
SEQEND
8
LAND_EDGE
0
POLYLINE
8
LAND_EDGE
66
1
10
0
20
0
30
0
70
1
0
VERTEX
8
LAND_EDGE
10
-686.667
20
-420
30
0
0
VERTEX
8
LAND_EDGE
10
-490.58
20
-420
30
0
0
VERTEX
8
LAND_EDGE
10
-453.199
20
-315.333
30
0
0
VERTEX
8
LAND_EDGE
10
-418.695
20
-216.75
30
0
0
VERTEX
8
LAND_EDGE
10
-409.804
20
-148.356
30
0
0
VERTEX
8
LAND_EDGE
10
-446.271
20
-152.732
30
0
0
VERTEX
8
LAND_EDGE
10
-555.077
20
-172.515
30
0
0
VERTEX
8
LAND_EDGE
10
-624.343
20
-187.753
30
0
0
VERTEX
8
LAND_EDGE
10
-625
20
-190
30
0
0
VERTEX
8
LAND_EDGE
10
-660
20
-320
30
0
0
SEQEND
8
LAND_EDGE
0
POLYLINE
8
LAND_EDGE
66
1
10
0
20
0
30
0
70
1
0
VERTEX
8
LAND_EDGE
10
-608.35
20
-133.039
30
0
0
VERTEX
8
LAND_EDGE
10
-564.923
20
-123.485
30
0
0
VERTEX
8
LAND_EDGE
10
-453.729
20
-103.268
30
0
0
VERTEX
8
LAND_EDGE
10
-302.322
20
-85.099
30
0
0
VERTEX
8
LAND_EDGE
10
-151.503
20
-75.045
30
0
0
VERTEX
8
LAND_EDGE
10
34.781
20
-65.029
30
0
0
VERTEX
8
LAND_EDGE
10
149.602
20
-59.993
30
0
0
VERTEX
8
LAND_EDGE
10
400.636
20
-63.006
30
0
0
VERTEX
8
LAND_EDGE
10
640
20
-72.314
30
0
0
VERTEX
8
LAND_EDGE
10
640
20
1270.922
30
0
0
VERTEX
8
LAND_EDGE
10
500.056
20
1271.999
30
0
0
VERTEX
8
LAND_EDGE
10
352.112
20
1270.026
30
0
0
VERTEX
8
LAND_EDGE
10
299
20
1259.404
30
0
0
VERTEX
8
LAND_EDGE
10
299
20
1259
30
0
0
VERTEX
8
LAND_EDGE
10
296.98
20
1259
30
0
0
VERTEX
8
LAND_EDGE
10
255.723
20
1250.749
30
0
0
VERTEX
8
LAND_EDGE
10
106.36
20
1191.003
30
0
0
VERTEX
8
LAND_EDGE
10
1
20
1162.345
30
0
0
VERTEX
8
LAND_EDGE
10
1
20
1000.037
30
0
0
VERTEX
8
LAND_EDGE
10
3
20
699.989
30
0
0
VERTEX
8
LAND_EDGE
10
0.982
20
467.836
30
0
0
VERTEX
8
LAND_EDGE
10
-21.769
20
410.958
30
0
0
VERTEX
8
LAND_EDGE
10
-122.744
20
381.197
30
0
0
VERTEX
8
LAND_EDGE
10
-298.875
20
359.055
30
0
0
VERTEX
8
LAND_EDGE
10
-398.798
20
351.061
30
0
0
VERTEX
8
LAND_EDGE
10
-469.775
20
341.124
30
0
0
VERTEX
8
LAND_EDGE
10
-478
20
300
30
0
0
VERTEX
8
LAND_EDGE
10
-522
20
150
30
0
0
VERTEX
8
LAND_EDGE
10
-575
20
-40
30
0
0
VERTEX
8
LAND_EDGE
10
-606
20
-125
30
0
0
SEQEND
8
LAND_EDGE
0
POLYLINE
8
LAND_EDGE
66
1
10
0
20
0
30
0
70
1
0
VERTEX
8
LAND_EDGE
10
-465.731
20
363.905
30
0
0
VERTEX
8
LAND_EDGE
10
-401.202
20
372.939
30
0
0
VERTEX
8
LAND_EDGE
10
-301.125
20
380.945
30
0
0
VERTEX
8
LAND_EDGE
10
-127.256
20
402.803
30
0
0
VERTEX
8
LAND_EDGE
10
-38.231
20
429.042
30
0
0
VERTEX
8
LAND_EDGE
10
-20.982
20
472.164
30
0
0
VERTEX
8
LAND_EDGE
10
-19
20
700.011
30
0
0
VERTEX
8
LAND_EDGE
10
-21
20
999.963
30
0
0
VERTEX
8
LAND_EDGE
10
-21
20
1156.361
30
0
0
VERTEX
8
LAND_EDGE
10
-145.91
20
1122.386
30
0
0
VERTEX
8
LAND_EDGE
10
-297.779
20
1100.112
30
0
0
VERTEX
8
LAND_EDGE
10
-396.878
20
1092.489
30
0
0
VERTEX
8
LAND_EDGE
10
-400
20
1080
30
0
0
VERTEX
8
LAND_EDGE
10
-422
20
900
30
0
0
VERTEX
8
LAND_EDGE
10
-446
20
650
30
0
0
SEQEND
8
LAND_EDGE
0
POLYLINE
8
LAND_EDGE
66
1
10
0
20
0
30
0
70
1
0
VERTEX
8
LAND_EDGE
10
-460.848
20
-420
30
0
0
VERTEX
8
LAND_EDGE
10
640
20
-420
30
0
0
VERTEX
8
LAND_EDGE
10
640
20
-122.352
30
0
0
VERTEX
8
LAND_EDGE
10
399.364
20
-112.994
30
0
0
VERTEX
8
LAND_EDGE
10
150.398
20
-110.007
30
0
0
VERTEX
8
LAND_EDGE
10
37.219
20
-114.971
30
0
0
VERTEX
8
LAND_EDGE
10
-148.497
20
-124.955
30
0
0
VERTEX
8
LAND_EDGE
10
-297.678
20
-134.901
30
0
0
VERTEX
8
LAND_EDGE
10
-381.121
20
-144.914
30
0
0
VERTEX
8
LAND_EDGE
10
-391.305
20
-223.25
30
0
0
VERTEX
8
LAND_EDGE
10
-426.801
20
-324.667
30
0
0
SEQEND
8
LAND_EDGE
0
POLYLINE
8
LAND_EDGE
66
1
10
0
20
0
30
0
70
1
0
VERTEX
8
LAND_EDGE
10
-386.652
20
1133.394
30
0
0
VERTEX
8
LAND_EDGE
10
-302.221
20
1139.888
30
0
0
VERTEX
8
LAND_EDGE
10
-154.09
20
1161.614
30
0
0
VERTEX
8
LAND_EDGE
10
-21
20
1197.815
30
0
0
VERTEX
8
LAND_EDGE
10
-21
20
1201
30
0
0
VERTEX
8
LAND_EDGE
10
-9.289
20
1201
30
0
0
VERTEX
8
LAND_EDGE
10
93.64
20
1228.997
30
0
0
VERTEX
8
LAND_EDGE
10
244.277
20
1289.251
30
0
0
VERTEX
8
LAND_EDGE
10
273
20
1294.996
30
0
0
VERTEX
8
LAND_EDGE
10
273
20
1652.286
30
0
0
VERTEX
8
LAND_EDGE
10
272
20
1652
30
0
0
VERTEX
8
LAND_EDGE
10
100
20
1565
30
0
0
VERTEX
8
LAND_EDGE
10
-100
20
1450
30
0
0
VERTEX
8
LAND_EDGE
10
-240
20
1376
30
0
0
VERTEX
8
LAND_EDGE
10
-330
20
1318
30
0
0
VERTEX
8
LAND_EDGE
10
-370
20
1250
30
0
0
VERTEX
8
LAND_EDGE
10
-385
20
1140
30
0
0
SEQEND
8
LAND_EDGE
0
POLYLINE
8
LAND_EDGE
66
1
10
0
20
0
30
0
70
1
0
VERTEX
8
LAND_EDGE
10
299
20
1300.196
30
0
0
VERTEX
8
LAND_EDGE
10
347.888
20
1309.974
30
0
0
VERTEX
8
LAND_EDGE
10
499.944
20
1312.001
30
0
0
VERTEX
8
LAND_EDGE
10
640
20
1310.924
30
0
0
VERTEX
8
LAND_EDGE
10
640
20
1517.377
30
0
0
VERTEX
8
LAND_EDGE
10
500.351
20
1512.006
30
0
0
VERTEX
8
LAND_EDGE
10
299
20
1505.599
30
0
0
SEQEND
8
LAND_EDGE
0
POLYLINE
8
LAND_EDGE
66
1
10
0
20
0
30
0
70
1
0
VERTEX
8
LAND_EDGE
10
299
20
1525.61
30
0
0
VERTEX
8
LAND_EDGE
10
499.649
20
1531.994
30
0
0
VERTEX
8
LAND_EDGE
10
640
20
1537.392
30
0
0
VERTEX
8
LAND_EDGE
10
640
20
1755.333
30
0
0
VERTEX
8
LAND_EDGE
10
520
20
1722
30
0
0
VERTEX
8
LAND_EDGE
10
300
20
1660
30
0
0
VERTEX
8
LAND_EDGE
10
299
20
1659.714
30
0
0
SEQEND
8
LAND_EDGE
0
POLYLINE
8
ZONE_SHIPYARD
66
1
10
0
20
0
30
0
70
1
0
VERTEX
8
ZONE_SHIPYARD
10
-608.35
20
-133.039
30
0
0
VERTEX
8
ZONE_SHIPYARD
10
-564.923
20
-123.485
30
0
0
VERTEX
8
ZONE_SHIPYARD
10
-453.729
20
-103.268
30
0
0
VERTEX
8
ZONE_SHIPYARD
10
-302.322
20
-85.099
30
0
0
VERTEX
8
ZONE_SHIPYARD
10
-151.503
20
-75.045
30
0
0
VERTEX
8
ZONE_SHIPYARD
10
-43.696
20
-69.249
30
0
0
VERTEX
8
ZONE_SHIPYARD
10
-41
20
44
30
0
0
VERTEX
8
ZONE_SHIPYARD
10
-168.906
20
375.394
30
0
0
VERTEX
8
ZONE_SHIPYARD
10
-298.875
20
359.055
30
0
0
VERTEX
8
ZONE_SHIPYARD
10
-398.798
20
351.061
30
0
0
VERTEX
8
ZONE_SHIPYARD
10
-469.775
20
341.124
30
0
0
VERTEX
8
ZONE_SHIPYARD
10
-478
20
300
30
0
0
VERTEX
8
ZONE_SHIPYARD
10
-522
20
150
30
0
0
VERTEX
8
ZONE_SHIPYARD
10
-575
20
-40
30
0
0
VERTEX
8
ZONE_SHIPYARD
10
-606
20
-125
30
0
0
SEQEND
8
ZONE_SHIPYARD
0
POLYLINE
8
ZONE_SHIPYARD
66
1
10
0
20
0
30
0
70
1
0
VERTEX
8
ZONE_SHIPYARD
10
-465.731
20
363.905
30
0
0
VERTEX
8
ZONE_SHIPYARD
10
-401.202
20
372.939
30
0
0
VERTEX
8
ZONE_SHIPYARD
10
-301.125
20
380.945
30
0
0
VERTEX
8
ZONE_SHIPYARD
10
-220
20
391.144
30
0
0
VERTEX
8
ZONE_SHIPYARD
10
-220
20
722
30
0
0
VERTEX
8
ZONE_SHIPYARD
10
-19.147
20
722
30
0
0
VERTEX
8
ZONE_SHIPYARD
10
-21
20
999.963
30
0
0
VERTEX
8
ZONE_SHIPYARD
10
-21
20
1156.361
30
0
0
VERTEX
8
ZONE_SHIPYARD
10
-145.91
20
1122.386
30
0
0
VERTEX
8
ZONE_SHIPYARD
10
-297.779
20
1100.112
30
0
0
VERTEX
8
ZONE_SHIPYARD
10
-396.878
20
1092.489
30
0
0
VERTEX
8
ZONE_SHIPYARD
10
-400
20
1080
30
0
0
VERTEX
8
ZONE_SHIPYARD
10
-422
20
900
30
0
0
VERTEX
8
ZONE_SHIPYARD
10
-446
20
650
30
0
0
SEQEND
8
ZONE_SHIPYARD
0
POLYLINE
8
ZONE_SHIPYARD
66
1
10
0
20
0
30
0
70
1
0
VERTEX
8
ZONE_SHIPYARD
10
-386.652
20
1133.394
30
0
0
VERTEX
8
ZONE_SHIPYARD
10
-302.221
20
1139.888
30
0
0
VERTEX
8
ZONE_SHIPYARD
10
-154.09
20
1161.614
30
0
0
VERTEX
8
ZONE_SHIPYARD
10
-21
20
1197.815
30
0
0
VERTEX
8
ZONE_SHIPYARD
10
-21
20
1201
30
0
0
VERTEX
8
ZONE_SHIPYARD
10
-9.289
20
1201
30
0
0
VERTEX
8
ZONE_SHIPYARD
10
93.64
20
1228.997
30
0
0
VERTEX
8
ZONE_SHIPYARD
10
244.277
20
1289.251
30
0
0
VERTEX
8
ZONE_SHIPYARD
10
273
20
1294.996
30
0
0
VERTEX
8
ZONE_SHIPYARD
10
273
20
1652.286
30
0
0
VERTEX
8
ZONE_SHIPYARD
10
272
20
1652
30
0
0
VERTEX
8
ZONE_SHIPYARD
10
100
20
1565
30
0
0
VERTEX
8
ZONE_SHIPYARD
10
-100
20
1450
30
0
0
VERTEX
8
ZONE_SHIPYARD
10
-240
20
1376
30
0
0
VERTEX
8
ZONE_SHIPYARD
10
-330
20
1318
30
0
0
VERTEX
8
ZONE_SHIPYARD
10
-370
20
1250
30
0
0
VERTEX
8
ZONE_SHIPYARD
10
-385
20
1140
30
0
0
SEQEND
8
ZONE_SHIPYARD
0
POLYLINE
8
ZONE_CIVIL
66
1
10
0
20
0
30
0
70
1
0
VERTEX
8
ZONE_CIVIL
10
-220
20
391.144
30
0
0
VERTEX
8
ZONE_CIVIL
10
-127.256
20
402.803
30
0
0
VERTEX
8
ZONE_CIVIL
10
-38.231
20
429.042
30
0
0
VERTEX
8
ZONE_CIVIL
10
-20.982
20
472.164
30
0
0
VERTEX
8
ZONE_CIVIL
10
-19
20
700.011
30
0
0
VERTEX
8
ZONE_CIVIL
10
-19.147
20
722
30
0
0
VERTEX
8
ZONE_CIVIL
10
-220
20
722
30
0
0
SEQEND
8
ZONE_CIVIL
0
POLYLINE
8
ROADS_CITY
66
1
10
0
20
0
30
0
70
1
0
VERTEX
8
ROADS_CITY
10
-795.956
20
1406.746
30
0
0
VERTEX
8
ROADS_CITY
10
-789.329
20
1394.414
30
0
0
VERTEX
8
ROADS_CITY
10
-652.729
20
1467.811
30
0
0
VERTEX
8
ROADS_CITY
10
-452.82
20
1571.764
30
0
0
VERTEX
8
ROADS_CITY
10
-252.808
20
1671.77
30
0
0
VERTEX
8
ROADS_CITY
10
-52.723
20
1776.814
30
0
0
VERTEX
8
ROADS_CITY
10
28.076
20
1820
30
0
0
VERTEX
8
ROADS_CITY
10
-1.624
20
1820
30
0
0
VERTEX
8
ROADS_CITY
10
-59.277
20
1789.186
30
0
0
VERTEX
8
ROADS_CITY
10
-136.511
20
1748.638
30
0
0
VERTEX
8
ROADS_CITY
10
-147.005
20
1820
30
0
0
VERTEX
8
ROADS_CITY
10
-157.113
20
1820
30
0
0
VERTEX
8
ROADS_CITY
10
-145.894
20
1743.712
30
0
0
VERTEX
8
ROADS_CITY
10
-259.192
20
1684.23
30
0
0
VERTEX
8
ROADS_CITY
10
-276.662
20
1675.495
30
0
0
VERTEX
8
ROADS_CITY
10
-303.238
20
1820
30
0
0
VERTEX
8
ROADS_CITY
10
-313.406
20
1820
30
0
0
VERTEX
8
ROADS_CITY
10
-285.974
20
1670.839
30
0
0
VERTEX
8
ROADS_CITY
10
-416.589
20
1605.532
30
0
0
VERTEX
8
ROADS_CITY
10
-458.953
20
1820
30
0
0
VERTEX
8
ROADS_CITY
10
-469.146
20
1820
30
0
0
VERTEX
8
ROADS_CITY
10
-425.866
20
1600.893
30
0
0
VERTEX
8
ROADS_CITY
10
-459.18
20
1584.236
30
0
0
VERTEX
8
ROADS_CITY
10
-556.179
20
1533.797
30
0
0
VERTEX
8
ROADS_CITY
10
-601.752
20
1820
30
0
0
VERTEX
8
ROADS_CITY
10
-611.878
20
1820
30
0
0
VERTEX
8
ROADS_CITY
10
-565.53
20
1528.934
30
0
0
VERTEX
8
ROADS_CITY
10
-659.271
20
1480.189
30
0
0
SEQEND
8
ROADS_CITY
0
POLYLINE
8
ROADS_CITY
66
1
10
0
20
0
30
0
70
1
0
VERTEX
8
ROADS_CITY
10
-644.221
20
-293.661
30
0
0
VERTEX
8
ROADS_CITY
10
-641.679
20
-307.428
30
0
0
VERTEX
8
ROADS_CITY
10
-443.71
20
-270.88
30
0
0
VERTEX
8
ROADS_CITY
10
-437.207
20
-269.642
30
0
0
VERTEX
8
ROADS_CITY
10
-431.863
20
-254.372
30
0
0
VERTEX
8
ROADS_CITY
10
-446.29
20
-257.12
30
0
0
SEQEND
8
ROADS_CITY
0
POLYLINE
8
ROADS_CITY
66
1
10
0
20
0
30
0
70
1
0
VERTEX
8
ROADS_CITY
10
-405.423
20
-263.587
30
0
0
VERTEX
8
ROADS_CITY
10
-380.648
20
-258.868
30
0
0
VERTEX
8
ROADS_CITY
10
-198.646
20
-221.868
30
0
0
VERTEX
8
ROADS_CITY
10
25.193
20
-179.09
30
0
0
VERTEX
8
ROADS_CITY
10
16.7
20
-420
30
0
0
VERTEX
8
ROADS_CITY
10
34.711
20
-420
30
0
0
VERTEX
8
ROADS_CITY
10
45.025
20
-127.45
30
0
0
VERTEX
8
ROADS_CITY
10
399.945
20
-125.5
30
0
0
VERTEX
8
ROADS_CITY
10
640
20
-132.702
30
0
0
VERTEX
8
ROADS_CITY
10
640
20
-123.698
30
0
0
VERTEX
8
ROADS_CITY
10
400.055
20
-116.5
30
0
0
VERTEX
8
ROADS_CITY
10
35.867
20
-118.501
30
0
0
VERTEX
8
ROADS_CITY
10
-150.27
20
-128.508
30
0
0
VERTEX
8
ROADS_CITY
10
-300.367
20
-138.515
30
0
0
VERTEX
8
ROADS_CITY
10
-375.421
20
-145.811
30
0
0
VERTEX
8
ROADS_CITY
10
-374.55
20
-154.769
30
0
0
VERTEX
8
ROADS_CITY
10
-299.633
20
-147.485
30
0
0
VERTEX
8
ROADS_CITY
10
-149.73
20
-137.492
30
0
0
VERTEX
8
ROADS_CITY
10
26.995
20
-127.991
30
0
0
VERTEX
8
ROADS_CITY
10
25.699
20
-164.74
30
0
0
VERTEX
8
ROADS_CITY
10
-201.354
20
-208.132
30
0
0
VERTEX
8
ROADS_CITY
10
-383.352
20
-245.132
30
0
0
VERTEX
8
ROADS_CITY
10
-400.078
20
-248.318
30
0
0
SEQEND
8
ROADS_CITY
0
POLYLINE
8
ROADS_CITY
66
1
10
0
20
0
30
0
70
1
0
VERTEX
8
ROADS_CITY
10
-183.5
20
556.5
30
0
0
VERTEX
8
ROADS_CITY
10
-24
20
556.5
30
0
0
VERTEX
8
ROADS_CITY
10
-24
20
563.5
30
0
0
VERTEX
8
ROADS_CITY
10
-176.5
20
563.5
30
0
0
VERTEX
8
ROADS_CITY
10
-176.5
20
712
30
0
0
VERTEX
8
ROADS_CITY
10
-183.5
20
712
30
0
0
SEQEND
8
ROADS_CITY
0
POLYLINE
8
ROADS_CITY
66
1
10
0
20
0
30
0
70
1
0
VERTEX
8
ROADS_CITY
10
-163.824
20
371.824
30
0
0
VERTEX
8
ROADS_CITY
10
-162.059
20
362.999
30
0
0
VERTEX
8
ROADS_CITY
10
-158.679
20
363.675
30
0
0
VERTEX
8
ROADS_CITY
10
-33.566
20
43.386
30
0
0
VERTEX
8
ROADS_CITY
10
-24.251
20
47.025
30
0
0
VERTEX
8
ROADS_CITY
10
-88.191
20
210.711
30
0
0
VERTEX
8
ROADS_CITY
10
101.96
20
265.245
30
0
0
VERTEX
8
ROADS_CITY
10
147.529
20
116.108
30
0
0
VERTEX
8
ROADS_CITY
10
154.224
20
118.154
30
0
0
VERTEX
8
ROADS_CITY
10
108.69
20
267.175
30
0
0
VERTEX
8
ROADS_CITY
10
640
20
419.551
30
0
0
VERTEX
8
ROADS_CITY
10
640
20
432.034
30
0
0
VERTEX
8
ROADS_CITY
10
573.233
20
412.886
30
0
0
VERTEX
8
ROADS_CITY
10
512.713
20
624.704
30
0
0
VERTEX
8
ROADS_CITY
10
640
20
661.17
30
0
0
VERTEX
8
ROADS_CITY
10
640
20
668.452
30
0
0
VERTEX
8
ROADS_CITY
10
510.79
20
631.435
30
0
0
VERTEX
8
ROADS_CITY
10
456.884
20
820.106
30
0
0
VERTEX
8
ROADS_CITY
10
640
20
872.538
30
0
0
VERTEX
8
ROADS_CITY
10
640
20
887.101
30
0
0
VERTEX
8
ROADS_CITY
10
454.211
20
833.903
30
0
0
VERTEX
8
ROADS_CITY
10
434.82
20
1021.782
30
0
0
VERTEX
8
ROADS_CITY
10
640
20
1079.489
30
0
0
VERTEX
8
ROADS_CITY
10
640
20
1086.761
30
0
0
VERTEX
8
ROADS_CITY
10
434.09
20
1028.849
30
0
0
VERTEX
8
ROADS_CITY
10
410.455
20
1257.845
30
0
0
VERTEX
8
ROADS_CITY
10
640
20
1259.157
30
0
0
VERTEX
8
ROADS_CITY
10
640
20
1268.157
30
0
0
VERTEX
8
ROADS_CITY
10
349.498
20
1266.497
30
0
0
VERTEX
8
ROADS_CITY
10
248.672
20
1244.315
30
0
0
VERTEX
8
ROADS_CITY
10
193.37
20
1222.195
30
0
0
VERTEX
8
ROADS_CITY
10
193.306
20
1223.212
30
0
0
VERTEX
8
ROADS_CITY
10
186.32
20
1222.776
30
0
0
VERTEX
8
ROADS_CITY
10
186.527
20
1219.457
30
0
0
VERTEX
8
ROADS_CITY
10
98.672
20
1184.316
30
0
0
VERTEX
8
ROADS_CITY
10
10.648
20
1164.97
30
0
0
VERTEX
8
ROADS_CITY
10
5.164
20
1163.478
30
0
0
VERTEX
8
ROADS_CITY
10
5.269
20
1163
30
0
0
VERTEX
8
ROADS_CITY
10
4.5
20
1163
30
0
0
VERTEX
8
ROADS_CITY
10
4.5
20
500.262
30
0
0
VERTEX
8
ROADS_CITY
10
2.826
20
485.91
30
0
0
VERTEX
8
ROADS_CITY
10
1.135
20
485.425
30
0
0
VERTEX
8
ROADS_CITY
10
1.071
20
478.126
30
0
0
VERTEX
8
ROADS_CITY
10
1.947
20
478.376
30
0
0
VERTEX
8
ROADS_CITY
10
1.003
20
470.287
30
0
0
VERTEX
8
ROADS_CITY
10
0.982
20
467.836
30
0
0
VERTEX
8
ROADS_CITY
10
0.608
20
466.902
30
0
0
VERTEX
8
ROADS_CITY
10
-2.272
20
442.218
30
0
0
VERTEX
8
ROADS_CITY
10
-13.156
20
432.491
30
0
0
VERTEX
8
ROADS_CITY
10
-20.67
20
413.707
30
0
0
VERTEX
8
ROADS_CITY
10
6.272
20
437.782
30
0
0
VERTEX
8
ROADS_CITY
10
11.321
20
481.062
30
0
0
VERTEX
8
ROADS_CITY
10
183.014
20
530.25
30
0
0
VERTEX
8
ROADS_CITY
10
243.56
20
318.338
30
0
0
VERTEX
8
ROADS_CITY
10
105.183
20
278.653
30
0
0
VERTEX
8
ROADS_CITY
10
97.471
20
303.892
30
0
0
VERTEX
8
ROADS_CITY
10
90.776
20
301.846
30
0
0
VERTEX
8
ROADS_CITY
10
98.453
20
276.723
30
0
0
VERTEX
8
ROADS_CITY
10
-92.576
20
221.937
30
0
0
VERTEX
8
ROADS_CITY
10
-148.721
20
365.667
30
0
0
VERTEX
8
ROADS_CITY
10
-123.935
20
370.624
30
0
0
VERTEX
8
ROADS_CITY
10
-42.768
20
393.959
30
0
0
VERTEX
8
ROADS_CITY
10
-24.719
20
410.089
30
0
0
VERTEX
8
ROADS_CITY
10
-44.873
20
404.149
30
0
0
VERTEX
8
ROADS_CITY
10
-47.232
20
402.041
30
0
0
VERTEX
8
ROADS_CITY
10
-126.065
20
379.376
30
0
0
SEQEND
8
ROADS_CITY
0
POLYLINE
8
ROADS_CITY
66
1
10
0
20
0
30
0
70
1
0
VERTEX
8
ROADS_CITY
10
12.2
20
488.595
30
0
0
VERTEX
8
ROADS_CITY
10
13.5
20
499.738
30
0
0
VERTEX
8
ROADS_CITY
10
13.5
20
693.148
30
0
0
VERTEX
8
ROADS_CITY
10
127.172
20
725.697
30
0
0
VERTEX
8
ROADS_CITY
10
181.091
20
536.98
30
0
0
SEQEND
8
ROADS_CITY
0
POLYLINE
8
ROADS_CITY
66
1
10
0
20
0
30
0
70
1
0
VERTEX
8
ROADS_CITY
10
13.5
20
707.711
30
0
0
VERTEX
8
ROADS_CITY
10
13.5
20
1156.382
30
0
0
VERTEX
8
ROADS_CITY
10
83.382
20
1171.74
30
0
0
VERTEX
8
ROADS_CITY
10
105.736
20
936.499
30
0
0
VERTEX
8
ROADS_CITY
10
56.164
20
922.557
30
0
0
VERTEX
8
ROADS_CITY
10
58.06
20
915.818
30
0
0
VERTEX
8
ROADS_CITY
10
106.408
20
929.417
30
0
0
VERTEX
8
ROADS_CITY
10
124.457
20
739.482
30
0
0
SEQEND
8
ROADS_CITY
0
POLYLINE
8
ROADS_CITY
66
1
10
0
20
0
30
0
70
1
0
VERTEX
8
ROADS_CITY
10
93.222
20
1173.903
30
0
0
VERTEX
8
ROADS_CITY
10
101.328
20
1175.684
30
0
0
VERTEX
8
ROADS_CITY
10
187.118
20
1210.001
30
0
0
VERTEX
8
ROADS_CITY
10
201.526
20
979.482
30
0
0
VERTEX
8
ROADS_CITY
10
205.102
20
964.446
30
0
0
VERTEX
8
ROADS_CITY
10
115.519
20
939.251
30
0
0
SEQEND
8
ROADS_CITY
0
POLYLINE
8
ROADS_CITY
66
1
10
0
20
0
30
0
70
1
0
VERTEX
8
ROADS_CITY
10
116.192
20
932.168
30
0
0
VERTEX
8
ROADS_CITY
10
206.723
20
957.63
30
0
0
VERTEX
8
ROADS_CITY
10
250.058
20
775.446
30
0
0
VERTEX
8
ROADS_CITY
10
134.236
20
742.282
30
0
0
SEQEND
8
ROADS_CITY
0
POLYLINE
8
ROADS_CITY
66
1
10
0
20
0
30
0
70
1
0
VERTEX
8
ROADS_CITY
10
136.786
20
728.45
30
0
0
VERTEX
8
ROADS_CITY
10
253.301
20
761.812
30
0
0
VERTEX
8
ROADS_CITY
10
298.762
20
570.692
30
0
0
VERTEX
8
ROADS_CITY
10
190.705
20
539.735
30
0
0
SEQEND
8
ROADS_CITY
0
POLYLINE
8
ROADS_CITY
66
1
10
0
20
0
30
0
70
1
0
VERTEX
8
ROADS_CITY
10
192.628
20
533.004
30
0
0
VERTEX
8
ROADS_CITY
10
300.384
20
563.875
30
0
0
VERTEX
8
ROADS_CITY
10
349.289
20
358.272
30
0
0
VERTEX
8
ROADS_CITY
10
356.099
20
359.891
30
0
0
VERTEX
8
ROADS_CITY
10
307.12
20
565.804
30
0
0
VERTEX
8
ROADS_CITY
10
503.1
20
621.95
30
0
0
VERTEX
8
ROADS_CITY
10
563.62
20
410.129
30
0
0
VERTEX
8
ROADS_CITY
10
253.173
20
321.095
30
0
0
SEQEND
8
ROADS_CITY
0
POLYLINE
8
ROADS_CITY
66
1
10
0
20
0
30
0
70
1
0
VERTEX
8
ROADS_CITY
10
193.961
20
1212.738
30
0
0
VERTEX
8
ROADS_CITY
10
251.328
20
1235.685
30
0
0
VERTEX
8
ROADS_CITY
10
350.502
20
1257.503
30
0
0
VERTEX
8
ROADS_CITY
10
400.408
20
1257.788
30
0
0
VERTEX
8
ROADS_CITY
10
424.321
20
1026.101
30
0
0
VERTEX
8
ROADS_CITY
10
211.846
20
966.343
30
0
0
VERTEX
8
ROADS_CITY
10
208.474
20
980.518
30
0
0
SEQEND
8
ROADS_CITY
0
POLYLINE
8
ROADS_CITY
66
1
10
0
20
0
30
0
70
1
0
VERTEX
8
ROADS_CITY
10
213.467
20
959.527
30
0
0
VERTEX
8
ROADS_CITY
10
425.05
20
1019.035
30
0
0
VERTEX
8
ROADS_CITY
10
444.446
20
831.107
30
0
0
VERTEX
8
ROADS_CITY
10
256.795
20
777.375
30
0
0
SEQEND
8
ROADS_CITY
0
POLYLINE
8
ROADS_CITY
66
1
10
0
20
0
30
0
70
1
0
VERTEX
8
ROADS_CITY
10
260.038
20
763.741
30
0
0
VERTEX
8
ROADS_CITY
10
447.271
20
817.353
30
0
0
VERTEX
8
ROADS_CITY
10
501.177
20
628.681
30
0
0
VERTEX
8
ROADS_CITY
10
305.498
20
572.621
30
0
0
SEQEND
8
ROADS_CITY
0
POLYLINE
8
ROADS_CITY
66
1
10
0
20
0
30
0
70
1
0
VERTEX
8
ROADS_CITY
10
-152.564
20
408.946
30
0
0
VERTEX
8
ROADS_CITY
10
-151.436
20
403.054
30
0
0
VERTEX
8
ROADS_CITY
10
-102
20
412.52
30
0
0
VERTEX
8
ROADS_CITY
10
-102
20
556
30
0
0
VERTEX
8
ROADS_CITY
10
-108
20
556
30
0
0
VERTEX
8
ROADS_CITY
10
-108
20
417.48
30
0
0
SEQEND
8
ROADS_CITY
0
POLYLINE
8
ROADS_CITY
66
1
10
0
20
0
30
0
70
1
0
VERTEX
8
ROADS_CITY
10
-43.848
20
472.538
30
0
0
VERTEX
8
ROADS_CITY
10
-41.92
20
465.809
30
0
0
VERTEX
8
ROADS_CITY
10
-21.143
20
471.762
30
0
0
VERTEX
8
ROADS_CITY
10
-20.982
20
472.164
30
0
0
VERTEX
8
ROADS_CITY
10
-20.921
20
479.107
30
0
0
SEQEND
8
ROADS_CITY
0
POLYLINE
8
ROADS_CITY
66
1
10
0
20
0
30
0
70
1
0
VERTEX
8
ROADS_CITY
10
-39
20
-61.5
30
0
0
VERTEX
8
ROADS_CITY
10
36.099
20
-61.5
30
0
0
VERTEX
8
ROADS_CITY
10
150.072
20
-56.501
30
0
0
VERTEX
8
ROADS_CITY
10
399.906
20
-59.499
30
0
0
VERTEX
8
ROADS_CITY
10
640
20
-66.702
30
0
0
VERTEX
8
ROADS_CITY
10
640
20
-57.698
30
0
0
VERTEX
8
ROADS_CITY
10
400.094
20
-50.501
30
0
0
VERTEX
8
ROADS_CITY
10
149.928
20
-47.499
30
0
0
VERTEX
8
ROADS_CITY
10
35.901
20
-52.5
30
0
0
VERTEX
8
ROADS_CITY
10
-39
20
-52.5
30
0
0
SEQEND
8
ROADS_CITY
0
POLYLINE
8
ROADS_CITY
66
1
10
0
20
0
30
0
70
1
0
VERTEX
8
ROADS_CITY
10
38.693
20
35.764
30
0
0
VERTEX
8
ROADS_CITY
10
45.962
20
21.51
30
0
0
VERTEX
8
ROADS_CITY
10
640
20
324.425
30
0
0
VERTEX
8
ROADS_CITY
10
640
20
342.385
30
0
0
SEQEND
8
ROADS_CITY
0
POLYLINE
8
ROADS_CITY
66
1
10
0
20
0
30
0
70
1
0
VERTEX
8
ROADS_CITY
10
46.4
20
-5.289
30
0
0
VERTEX
8
ROADS_CITY
10
47.623
20
-19.235
30
0
0
VERTEX
8
ROADS_CITY
10
640
20
32.712
30
0
0
VERTEX
8
ROADS_CITY
10
640
20
46.765
30
0
0
SEQEND
8
ROADS_CITY
0
POLYLINE
8
ROADS_CITY
66
1
10
0
20
0
30
0
70
1
0
VERTEX
8
ROADS_CITY
10
299
20
1650.585
30
0
0
VERTEX
8
ROADS_CITY
10
301.011
20
1643.449
30
0
0
VERTEX
8
ROADS_CITY
10
303.5
20
1644.15
30
0
0
VERTEX
8
ROADS_CITY
10
303.5
20
1594.352
30
0
0
VERTEX
8
ROADS_CITY
10
303
20
1594.243
30
0
0
VERTEX
8
ROADS_CITY
10
303.5
20
1591.96
30
0
0
VERTEX
8
ROADS_CITY
10
303.5
20
1525.753
30
0
0
VERTEX
8
ROADS_CITY
10
310.5
20
1525.976
30
0
0
VERTEX
8
ROADS_CITY
10
310.5
20
1585.648
30
0
0
VERTEX
8
ROADS_CITY
10
640
20
1657.752
30
0
0
VERTEX
8
ROADS_CITY
10
640
20
1667.989
30
0
0
VERTEX
8
ROADS_CITY
10
310.5
20
1595.884
30
0
0
VERTEX
8
ROADS_CITY
10
310.5
20
1646.123
30
0
0
VERTEX
8
ROADS_CITY
10
523.896
20
1706.262
30
0
0
VERTEX
8
ROADS_CITY
10
640
20
1738.875
30
0
0
VERTEX
8
ROADS_CITY
10
640
20
1753.417
30
0
0
VERTEX
8
ROADS_CITY
10
520.104
20
1719.738
30
0
0
VERTEX
8
ROADS_CITY
10
299
20
1657.427
30
0
0
SEQEND
8
ROADS_CITY
0
POLYLINE
8
SIDEWALKS
66
1
10
0
20
0
30
0
70
1
0
VERTEX
8
SIDEWALKS
10
-797.376
20
1409.389
30
0
0
VERTEX
8
SIDEWALKS
10
-792.64
20
1400.575
30
0
0
VERTEX
8
SIDEWALKS
10
-795.956
20
1406.746
30
0
0
VERTEX
8
SIDEWALKS
10
-659.271
20
1480.189
30
0
0
VERTEX
8
SIDEWALKS
10
-565.53
20
1528.934
30
0
0
VERTEX
8
SIDEWALKS
10
-611.878
20
1820
30
0
0
VERTEX
8
SIDEWALKS
10
-614.916
20
1820
30
0
0
VERTEX
8
SIDEWALKS
10
-568.833
20
1530.598
30
0
0
VERTEX
8
SIDEWALKS
10
-660.674
20
1482.841
30
0
0
SEQEND
8
SIDEWALKS
0
POLYLINE
8
SIDEWALKS
66
1
10
0
20
0
30
0
70
1
0
VERTEX
8
SIDEWALKS
10
-789.329
20
1394.414
30
0
0
VERTEX
8
SIDEWALKS
10
-787.91
20
1391.771
30
0
0
VERTEX
8
SIDEWALKS
10
-651.326
20
1465.159
30
0
0
VERTEX
8
SIDEWALKS
10
-451.457
20
1569.091
30
0
0
VERTEX
8
SIDEWALKS
10
-251.439
20
1669.1
30
0
0
VERTEX
8
SIDEWALKS
10
-51.319
20
1774.163
30
0
0
VERTEX
8
SIDEWALKS
10
34.44
20
1820
30
0
0
VERTEX
8
SIDEWALKS
10
28.076
20
1820
30
0
0
VERTEX
8
SIDEWALKS
10
-52.723
20
1776.814
30
0
0
VERTEX
8
SIDEWALKS
10
-252.808
20
1671.77
30
0
0
VERTEX
8
SIDEWALKS
10
-452.82
20
1571.764
30
0
0
VERTEX
8
SIDEWALKS
10
-652.729
20
1467.811
30
0
0
SEQEND
8
SIDEWALKS
0
POLYLINE
8
SIDEWALKS
66
1
10
0
20
0
30
0
70
1
0
VERTEX
8
SIDEWALKS
10
-644.766
20
-290.711
30
0
0
VERTEX
8
SIDEWALKS
10
-644.221
20
-293.661
30
0
0
VERTEX
8
SIDEWALKS
10
-446.29
20
-257.12
30
0
0
VERTEX
8
SIDEWALKS
10
-431.863
20
-254.372
30
0
0
VERTEX
8
SIDEWALKS
10
-430.718
20
-251.1
30
0
0
VERTEX
8
SIDEWALKS
10
-446.843
20
-254.171
30
0
0
SEQEND
8
SIDEWALKS
0
POLYLINE
8
SIDEWALKS
66
1
10
0
20
0
30
0
70
1
0
VERTEX
8
SIDEWALKS
10
-641.679
20
-307.428
30
0
0
VERTEX
8
SIDEWALKS
10
-641.135
20
-310.378
30
0
0
VERTEX
8
SIDEWALKS
10
-443.157
20
-273.829
30
0
0
VERTEX
8
SIDEWALKS
10
-438.352
20
-272.914
30
0
0
VERTEX
8
SIDEWALKS
10
-437.207
20
-269.642
30
0
0
VERTEX
8
SIDEWALKS
10
-443.71
20
-270.88
30
0
0
SEQEND
8
SIDEWALKS
0
POLYLINE
8
SIDEWALKS
66
1
10
0
20
0
30
0
70
1
0
VERTEX
8
SIDEWALKS
10
-601.752
20
1820
30
0
0
VERTEX
8
SIDEWALKS
10
-556.179
20
1533.797
30
0
0
VERTEX
8
SIDEWALKS
10
-459.18
20
1584.236
30
0
0
VERTEX
8
SIDEWALKS
10
-425.866
20
1600.893
30
0
0
VERTEX
8
SIDEWALKS
10
-469.146
20
1820
30
0
0
VERTEX
8
SIDEWALKS
10
-472.204
20
1820
30
0
0
VERTEX
8
SIDEWALKS
10
-429.252
20
1602.554
30
0
0
VERTEX
8
SIDEWALKS
10
-460.543
20
1586.909
30
0
0
VERTEX
8
SIDEWALKS
10
-553.87
20
1538.379
30
0
0
VERTEX
8
SIDEWALKS
10
-598.714
20
1820
30
0
0
SEQEND
8
SIDEWALKS
0
POLYLINE
8
SIDEWALKS
66
1
10
0
20
0
30
0
70
1
0
VERTEX
8
SIDEWALKS
10
-458.953
20
1820
30
0
0
VERTEX
8
SIDEWALKS
10
-416.589
20
1605.532
30
0
0
VERTEX
8
SIDEWALKS
10
-285.974
20
1670.839
30
0
0
VERTEX
8
SIDEWALKS
10
-313.406
20
1820
30
0
0
VERTEX
8
SIDEWALKS
10
-316.456
20
1820
30
0
0
VERTEX
8
SIDEWALKS
10
-289.332
20
1672.514
30
0
0
VERTEX
8
SIDEWALKS
10
-414.409
20
1609.976
30
0
0
VERTEX
8
SIDEWALKS
10
-455.895
20
1820
30
0
0
SEQEND
8
SIDEWALKS
0
POLYLINE
8
SIDEWALKS
66
1
10
0
20
0
30
0
70
1
0
VERTEX
8
SIDEWALKS
10
-406.568
20
-266.859
30
0
0
VERTEX
8
SIDEWALKS
10
-380.068
20
-261.812
30
0
0
VERTEX
8
SIDEWALKS
10
-198.065
20
-224.811
30
0
0
VERTEX
8
SIDEWALKS
10
22.063
20
-182.742
30
0
0
VERTEX
8
SIDEWALKS
10
13.698
20
-420
30
0
0
VERTEX
8
SIDEWALKS
10
16.7
20
-420
30
0
0
VERTEX
8
SIDEWALKS
10
25.193
20
-179.09
30
0
0
VERTEX
8
SIDEWALKS
10
-198.646
20
-221.868
30
0
0
VERTEX
8
SIDEWALKS
10
-380.648
20
-258.868
30
0
0
VERTEX
8
SIDEWALKS
10
-405.423
20
-263.587
30
0
0
SEQEND
8
SIDEWALKS
0
POLYLINE
8
SIDEWALKS
66
1
10
0
20
0
30
0
70
1
0
VERTEX
8
SIDEWALKS
10
-400.078
20
-248.318
30
0
0
VERTEX
8
SIDEWALKS
10
-383.352
20
-245.132
30
0
0
VERTEX
8
SIDEWALKS
10
-201.354
20
-208.132
30
0
0
VERTEX
8
SIDEWALKS
10
-0.814
20
-169.807
30
0
0
VERTEX
8
SIDEWALKS
10
-10
20
-170
30
0
0
VERTEX
8
SIDEWALKS
10
-9.906
20
-168.49
30
0
0
VERTEX
8
SIDEWALKS
10
-201.935
20
-205.189
30
0
0
VERTEX
8
SIDEWALKS
10
-383.932
20
-242.188
30
0
0
VERTEX
8
SIDEWALKS
10
-398.933
20
-245.046
30
0
0
SEQEND
8
SIDEWALKS
0
POLYLINE
8
SIDEWALKS
66
1
10
0
20
0
30
0
70
1
0
VERTEX
8
SIDEWALKS
10
-375.573
20
-144.248
30
0
0
VERTEX
8
SIDEWALKS
10
-375.421
20
-145.811
30
0
0
VERTEX
8
SIDEWALKS
10
-300.367
20
-138.515
30
0
0
VERTEX
8
SIDEWALKS
10
-150.27
20
-128.508
30
0
0
VERTEX
8
SIDEWALKS
10
35.867
20
-118.501
30
0
0
VERTEX
8
SIDEWALKS
10
400.055
20
-116.5
30
0
0
VERTEX
8
SIDEWALKS
10
640
20
-123.698
30
0
0
VERTEX
8
SIDEWALKS
10
640
20
-122.352
30
0
0
VERTEX
8
SIDEWALKS
10
453.744
20
-115.109
30
0
0
VERTEX
8
SIDEWALKS
10
400.092
20
-113.499
30
0
0
VERTEX
8
SIDEWALKS
10
35.778
20
-115.501
30
0
0
VERTEX
8
SIDEWALKS
10
-150.451
20
-125.513
30
0
0
VERTEX
8
SIDEWALKS
10
-300.612
20
-135.524
30
0
0
VERTEX
8
SIDEWALKS
10
-312.525
20
-136.682
30
0
0
SEQEND
8
SIDEWALKS
0
POLYLINE
8
SIDEWALKS
66
1
10
0
20
0
30
0
70
1
0
VERTEX
8
SIDEWALKS
10
-374.55
20
-154.769
30
0
0
VERTEX
8
SIDEWALKS
10
-374.26
20
-157.755
30
0
0
VERTEX
8
SIDEWALKS
10
-299.388
20
-150.476
30
0
0
VERTEX
8
SIDEWALKS
10
-149.549
20
-140.487
30
0
0
VERTEX
8
SIDEWALKS
10
23.881
20
-131.162
30
0
0
VERTEX
8
SIDEWALKS
10
23.691
20
-136.56
30
0
0
VERTEX
8
SIDEWALKS
10
26.697
20
-136.423
30
0
0
VERTEX
8
SIDEWALKS
10
26.995
20
-127.991
30
0
0
VERTEX
8
SIDEWALKS
10
-149.73
20
-137.492
30
0
0
VERTEX
8
SIDEWALKS
10
-299.633
20
-147.485
30
0
0
SEQEND
8
SIDEWALKS
0
POLYLINE
8
SIDEWALKS
66
1
10
0
20
0
30
0
70
1
0
VERTEX
8
SIDEWALKS
10
-303.238
20
1820
30
0
0
VERTEX
8
SIDEWALKS
10
-276.662
20
1675.495
30
0
0
VERTEX
8
SIDEWALKS
10
-259.192
20
1684.23
30
0
0
VERTEX
8
SIDEWALKS
10
-145.894
20
1743.712
30
0
0
VERTEX
8
SIDEWALKS
10
-157.113
20
1820
30
0
0
VERTEX
8
SIDEWALKS
10
-160.145
20
1820
30
0
0
VERTEX
8
SIDEWALKS
10
-149.171
20
1745.379
30
0
0
VERTEX
8
SIDEWALKS
10
-260.561
20
1686.9
30
0
0
VERTEX
8
SIDEWALKS
10
-274.434
20
1679.963
30
0
0
VERTEX
8
SIDEWALKS
10
-300.188
20
1820
30
0
0
SEQEND
8
SIDEWALKS
0
POLYLINE
8
SIDEWALKS
66
1
10
0
20
0
30
0
70
1
0
VERTEX
8
SIDEWALKS
10
-164.413
20
374.766
30
0
0
VERTEX
8
SIDEWALKS
10
-163.824
20
371.824
30
0
0
VERTEX
8
SIDEWALKS
10
-126.065
20
379.376
30
0
0
VERTEX
8
SIDEWALKS
10
-47.232
20
402.041
30
0
0
VERTEX
8
SIDEWALKS
10
-44.873
20
404.149
30
0
0
VERTEX
8
SIDEWALKS
10
-122.744
20
381.197
30
0
0
VERTEX
8
SIDEWALKS
10
-148.357
20
377.977
30
0
0
SEQEND
8
SIDEWALKS
0
POLYLINE
8
SIDEWALKS
66
1
10
0
20
0
30
0
70
1
0
VERTEX
8
SIDEWALKS
10
-163.543
20
367.884
30
0
0
VERTEX
8
SIDEWALKS
10
-162.504
20
365.223
30
0
0
VERTEX
8
SIDEWALKS
10
-161.471
20
360.057
30
0
0
VERTEX
8
SIDEWALKS
10
-160.557
20
360.24
30
0
0
VERTEX
8
SIDEWALKS
10
-36.36
20
42.295
30
0
0
VERTEX
8
SIDEWALKS
10
-33.566
20
43.386
30
0
0
VERTEX
8
SIDEWALKS
10
-158.679
20
363.675
30
0
0
VERTEX
8
SIDEWALKS
10
-162.059
20
362.999
30
0
0
VERTEX
8
SIDEWALKS
10
-163.073
20
368.067
30
0
0
SEQEND
8
SIDEWALKS
0
POLYLINE
8
SIDEWALKS
66
1
10
0
20
0
30
0
70
1
0
VERTEX
8
SIDEWALKS
10
-148.721
20
365.667
30
0
0
VERTEX
8
SIDEWALKS
10
-92.576
20
221.937
30
0
0
VERTEX
8
SIDEWALKS
10
98.453
20
276.723
30
0
0
VERTEX
8
SIDEWALKS
10
90.776
20
301.846
30
0
0
VERTEX
8
SIDEWALKS
10
87.907
20
300.97
30
0
0
VERTEX
8
SIDEWALKS
10
94.692
20
278.765
30
0
0
VERTEX
8
SIDEWALKS
10
-90.776
20
225.574
30
0
0
VERTEX
8
SIDEWALKS
10
-144.625
20
363.427
30
0
0
VERTEX
8
SIDEWALKS
10
-123.225
20
367.706
30
0
0
VERTEX
8
SIDEWALKS
10
-41.281
20
391.266
30
0
0
VERTEX
8
SIDEWALKS
10
9.12
20
436.304
30
0
0
VERTEX
8
SIDEWALKS
10
14.069
20
478.729
30
0
0
VERTEX
8
SIDEWALKS
10
180.954
20
526.539
30
0
0
VERTEX
8
SIDEWALKS
10
239.852
20
320.396
30
0
0
VERTEX
8
SIDEWALKS
10
107.19
20
282.349
30
0
0
VERTEX
8
SIDEWALKS
10
100.34
20
304.768
30
0
0
VERTEX
8
SIDEWALKS
10
97.471
20
303.892
30
0
0
VERTEX
8
SIDEWALKS
10
105.183
20
278.653
30
0
0
VERTEX
8
SIDEWALKS
10
243.56
20
318.338
30
0
0
VERTEX
8
SIDEWALKS
10
183.014
20
530.25
30
0
0
VERTEX
8
SIDEWALKS
10
11.321
20
481.062
30
0
0
VERTEX
8
SIDEWALKS
10
6.272
20
437.782
30
0
0
VERTEX
8
SIDEWALKS
10
-20.67
20
413.707
30
0
0
VERTEX
8
SIDEWALKS
10
-21.769
20
410.958
30
0
0
VERTEX
8
SIDEWALKS
10
-24.719
20
410.089
30
0
0
VERTEX
8
SIDEWALKS
10
-42.768
20
393.959
30
0
0
VERTEX
8
SIDEWALKS
10
-123.935
20
370.624
30
0
0
SEQEND
8
SIDEWALKS
0
POLYLINE
8
SIDEWALKS
66
1
10
0
20
0
30
0
70
1
0
VERTEX
8
SIDEWALKS
10
-147.005
20
1820
30
0
0
VERTEX
8
SIDEWALKS
10
-136.511
20
1748.638
30
0
0
VERTEX
8
SIDEWALKS
10
-59.277
20
1789.186
30
0
0
VERTEX
8
SIDEWALKS
10
-1.624
20
1820
30
0
0
VERTEX
8
SIDEWALKS
10
-7.989
20
1820
30
0
0
VERTEX
8
SIDEWALKS
10
-60.681
20
1791.837
30
0
0
VERTEX
8
SIDEWALKS
10
-134.158
20
1753.261
30
0
0
VERTEX
8
SIDEWALKS
10
-143.973
20
1820
30
0
0
SEQEND
8
SIDEWALKS
0
POLYLINE
8
SIDEWALKS
66
1
10
0
20
0
30
0
70
1
0
VERTEX
8
SIDEWALKS
10
-88.191
20
210.711
30
0
0
VERTEX
8
SIDEWALKS
10
-24.533
20
47.746
30
0
0
VERTEX
8
SIDEWALKS
10
-22.632
20
47.657
30
0
0
VERTEX
8
SIDEWALKS
10
-21.457
20
48.116
30
0
0
VERTEX
8
SIDEWALKS
10
-84.198
20
208.735
30
0
0
VERTEX
8
SIDEWALKS
10
99.953
20
261.548
30
0
0
VERTEX
8
SIDEWALKS
10
144.66
20
115.232
30
0
0
VERTEX
8
SIDEWALKS
10
147.529
20
116.108
30
0
0
VERTEX
8
SIDEWALKS
10
101.96
20
265.245
30
0
0
SEQEND
8
SIDEWALKS
0
POLYLINE
8
SIDEWALKS
66
1
10
0
20
0
30
0
70
1
0
VERTEX
8
SIDEWALKS
10
-44.674
20
475.422
30
0
0
VERTEX
8
SIDEWALKS
10
-43.848
20
472.538
30
0
0
VERTEX
8
SIDEWALKS
10
-20.921
20
479.107
30
0
0
VERTEX
8
SIDEWALKS
10
-20.894
20
482.235
30
0
0
SEQEND
8
SIDEWALKS
0
POLYLINE
8
SIDEWALKS
66
1
10
0
20
0
30
0
70
1
0
VERTEX
8
SIDEWALKS
10
-41.92
20
465.809
30
0
0
VERTEX
8
SIDEWALKS
10
-41.094
20
462.925
30
0
0
VERTEX
8
SIDEWALKS
10
-22.553
20
468.237
30
0
0
VERTEX
8
SIDEWALKS
10
-21.143
20
471.762
30
0
0
SEQEND
8
SIDEWALKS
0
POLYLINE
8
SIDEWALKS
66
1
10
0
20
0
30
0
70
1
0
VERTEX
8
SIDEWALKS
10
-39
20
-64.5
30
0
0
VERTEX
8
SIDEWALKS
10
36.164
20
-64.5
30
0
0
VERTEX
8
SIDEWALKS
10
150.119
20
-59.502
30
0
0
VERTEX
8
SIDEWALKS
10
399.843
20
-62.499
30
0
0
VERTEX
8
SIDEWALKS
10
640
20
-69.703
30
0
0
VERTEX
8
SIDEWALKS
10
640
20
-66.702
30
0
0
VERTEX
8
SIDEWALKS
10
399.906
20
-59.499
30
0
0
VERTEX
8
SIDEWALKS
10
150.072
20
-56.501
30
0
0
VERTEX
8
SIDEWALKS
10
36.099
20
-61.5
30
0
0
VERTEX
8
SIDEWALKS
10
-39
20
-61.5
30
0
0
SEQEND
8
SIDEWALKS
0
POLYLINE
8
SIDEWALKS
66
1
10
0
20
0
30
0
70
1
0
VERTEX
8
SIDEWALKS
10
-39
20
-52.5
30
0
0
VERTEX
8
SIDEWALKS
10
35.901
20
-52.5
30
0
0
VERTEX
8
SIDEWALKS
10
149.928
20
-47.499
30
0
0
VERTEX
8
SIDEWALKS
10
400.094
20
-50.501
30
0
0
VERTEX
8
SIDEWALKS
10
640
20
-57.698
30
0
0
VERTEX
8
SIDEWALKS
10
640
20
-54.697
30
0
0
VERTEX
8
SIDEWALKS
10
400.157
20
-47.501
30
0
0
VERTEX
8
SIDEWALKS
10
149.881
20
-44.498
30
0
0
VERTEX
8
SIDEWALKS
10
35.836
20
-49.5
30
0
0
VERTEX
8
SIDEWALKS
10
-13
20
-49.5
30
0
0
VERTEX
8
SIDEWALKS
10
-36
20
-50
30
0
0
VERTEX
8
SIDEWALKS
10
-35.969
20
-49.5
30
0
0
VERTEX
8
SIDEWALKS
10
-39
20
-49.5
30
0
0
SEQEND
8
SIDEWALKS
0
POLYLINE
8
SIDEWALKS
66
1
10
0
20
0
30
0
70
1
0
VERTEX
8
SIDEWALKS
10
-13.156
20
432.491
30
0
0
VERTEX
8
SIDEWALKS
10
-2.272
20
442.218
30
0
0
VERTEX
8
SIDEWALKS
10
0.608
20
466.902
30
0
0
VERTEX
8
SIDEWALKS
10
-3.656
20
456.242
30
0
0
VERTEX
8
SIDEWALKS
10
-5.12
20
443.696
30
0
0
VERTEX
8
SIDEWALKS
10
-10.652
20
438.753
30
0
0
SEQEND
8
SIDEWALKS
0
POLYLINE
8
SIDEWALKS
66
1
10
0
20
0
30
0
70
1
0
VERTEX
8
SIDEWALKS
10
1.003
20
470.287
30
0
0
VERTEX
8
SIDEWALKS
10
1.947
20
478.376
30
0
0
VERTEX
8
SIDEWALKS
10
1.071
20
478.126
30
0
0
SEQEND
8
SIDEWALKS
0
POLYLINE
8
SIDEWALKS
66
1
10
0
20
0
30
0
70
1
0
VERTEX
8
SIDEWALKS
10
1.135
20
485.425
30
0
0
VERTEX
8
SIDEWALKS
10
2.826
20
485.91
30
0
0
VERTEX
8
SIDEWALKS
10
4.5
20
500.262
30
0
0
VERTEX
8
SIDEWALKS
10
4.5
20
1163
30
0
0
VERTEX
8
SIDEWALKS
10
3.407
20
1163
30
0
0
VERTEX
8
SIDEWALKS
10
1.5
20
1162.481
30
0
0
VERTEX
8
SIDEWALKS
10
1.5
20
925.037
30
0
0
VERTEX
8
SIDEWALKS
10
3
20
699.989
30
0
0
VERTEX
8
SIDEWALKS
10
1.5
20
527.452
30
0
0
VERTEX
8
SIDEWALKS
10
1.5
20
500.436
30
0
0
VERTEX
8
SIDEWALKS
10
1.246
20
498.26
30
0
0
SEQEND
8
SIDEWALKS
0
POLYLINE
8
SIDEWALKS
66
1
10
0
20
0
30
0
70
1
0
VERTEX
8
SIDEWALKS
10
10.648
20
1164.97
30
0
0
VERTEX
8
SIDEWALKS
10
98.672
20
1184.316
30
0
0
VERTEX
8
SIDEWALKS
10
186.527
20
1219.457
30
0
0
VERTEX
8
SIDEWALKS
10
186.32
20
1222.776
30
0
0
VERTEX
8
SIDEWALKS
10
193.306
20
1223.212
30
0
0
VERTEX
8
SIDEWALKS
10
193.37
20
1222.195
30
0
0
VERTEX
8
SIDEWALKS
10
248.672
20
1244.315
30
0
0
VERTEX
8
SIDEWALKS
10
349.498
20
1266.497
30
0
0
VERTEX
8
SIDEWALKS
10
640
20
1268.157
30
0
0
VERTEX
8
SIDEWALKS
10
640
20
1270.922
30
0
0
VERTEX
8
SIDEWALKS
10
622.488
20
1271.057
30
0
0
VERTEX
8
SIDEWALKS
10
349.466
20
1269.497
30
0
0
VERTEX
8
SIDEWALKS
10
346.228
20
1268.85
30
0
0
VERTEX
8
SIDEWALKS
10
247.787
20
1247.192
30
0
0
VERTEX
8
SIDEWALKS
10
186.824
20
1222.807
30
0
0
VERTEX
8
SIDEWALKS
10
185.693
20
1222.737
30
0
0
VERTEX
8
SIDEWALKS
10
183.374
20
1221.809
30
0
0
VERTEX
8
SIDEWALKS
10
183.398
20
1221.437
30
0
0
VERTEX
8
SIDEWALKS
10
97.787
20
1187.193
30
0
0
VERTEX
8
SIDEWALKS
10
69.468
20
1180.969
30
0
0
SEQEND
8
SIDEWALKS
0
POLYLINE
8
SIDEWALKS
66
1
10
0
20
0
30
0
70
1
0
VERTEX
8
SIDEWALKS
10
12.2
20
488.595
30
0
0
VERTEX
8
SIDEWALKS
10
181.091
20
536.98
30
0
0
VERTEX
8
SIDEWALKS
10
127.172
20
725.697
30
0
0
VERTEX
8
SIDEWALKS
10
13.5
20
693.148
30
0
0
VERTEX
8
SIDEWALKS
10
13.5
20
499.738
30
0
0
SEQEND
8
SIDEWALKS
0
POLYLINE
8
SIDEWALKS
66
1
10
0
20
0
30
0
70
1
0
VERTEX
8
SIDEWALKS
10
15.701
20
492.719
30
0
0
VERTEX
8
SIDEWALKS
10
16.5
20
499.564
30
0
0
VERTEX
8
SIDEWALKS
10
16.5
20
690.887
30
0
0
VERTEX
8
SIDEWALKS
10
125.112
20
721.986
30
0
0
VERTEX
8
SIDEWALKS
10
177.383
20
539.039
30
0
0
SEQEND
8
SIDEWALKS
0
POLYLINE
8
SIDEWALKS
66
1
10
0
20
0
30
0
70
1
0
VERTEX
8
SIDEWALKS
10
13.5
20
707.711
30
0
0
VERTEX
8
SIDEWALKS
10
124.457
20
739.482
30
0
0
VERTEX
8
SIDEWALKS
10
106.408
20
929.417
30
0
0
VERTEX
8
SIDEWALKS
10
58.06
20
915.818
30
0
0
VERTEX
8
SIDEWALKS
10
58.872
20
912.931
30
0
0
VERTEX
8
SIDEWALKS
10
103.762
20
925.556
30
0
0
VERTEX
8
SIDEWALKS
10
121.234
20
741.68
30
0
0
VERTEX
8
SIDEWALKS
10
16.5
20
711.69
30
0
0
VERTEX
8
SIDEWALKS
10
16.5
20
1153.969
30
0
0
VERTEX
8
SIDEWALKS
10
80.716
20
1168.083
30
0
0
VERTEX
8
SIDEWALKS
10
102.512
20
938.709
30
0
0
VERTEX
8
SIDEWALKS
10
55.352
20
925.445
30
0
0
VERTEX
8
SIDEWALKS
10
56.164
20
922.557
30
0
0
VERTEX
8
SIDEWALKS
10
105.736
20
936.499
30
0
0
VERTEX
8
SIDEWALKS
10
83.382
20
1171.74
30
0
0
VERTEX
8
SIDEWALKS
10
13.5
20
1156.382
30
0
0
SEQEND
8
SIDEWALKS
0
POLYLINE
8
SIDEWALKS
66
1
10
0
20
0
30
0
70
1
0
VERTEX
8
SIDEWALKS
10
34.711
20
-420
30
0
0
VERTEX
8
SIDEWALKS
10
37.713
20
-420
30
0
0
VERTEX
8
SIDEWALKS
10
46.569
20
-168.809
30
0
0
VERTEX
8
SIDEWALKS
10
43.565
20
-168.872
30
0
0
SEQEND
8
SIDEWALKS
0
POLYLINE
8
SIDEWALKS
66
1
10
0
20
0
30
0
70
1
0
VERTEX
8
SIDEWALKS
10
44.738
20
-135.603
30
0
0
VERTEX
8
SIDEWALKS
10
47.744
20
-135.466
30
0
0
VERTEX
8
SIDEWALKS
10
47.922
20
-130.435
30
0
0
VERTEX
8
SIDEWALKS
10
399.908
20
-128.501
30
0
0
VERTEX
8
SIDEWALKS
10
640
20
-135.703
30
0
0
VERTEX
8
SIDEWALKS
10
640
20
-132.702
30
0
0
VERTEX
8
SIDEWALKS
10
399.945
20
-125.5
30
0
0
VERTEX
8
SIDEWALKS
10
45.025
20
-127.45
30
0
0
SEQEND
8
SIDEWALKS
0
POLYLINE
8
SIDEWALKS
66
1
10
0
20
0
30
0
70
1
0
VERTEX
8
SIDEWALKS
10
48.889
20
44.331
30
0
0
VERTEX
8
SIDEWALKS
10
54.941
20
44.049
30
0
0
VERTEX
8
SIDEWALKS
10
640
20
342.385
30
0
0
VERTEX
8
SIDEWALKS
10
640
20
345.752
30
0
0
SEQEND
8
SIDEWALKS
0
POLYLINE
8
SIDEWALKS
66
1
10
0
20
0
30
0
70
1
0
VERTEX
8
SIDEWALKS
10
56
20
-21.512
30
0
0
VERTEX
8
SIDEWALKS
10
640
20
29.7
30
0
0
VERTEX
8
SIDEWALKS
10
640
20
32.712
30
0
0
VERTEX
8
SIDEWALKS
10
56
20
-18.501
30
0
0
SEQEND
8
SIDEWALKS
0
POLYLINE
8
SIDEWALKS
66
1
10
0
20
0
30
0
70
1
0
VERTEX
8
SIDEWALKS
10
56
20
-4.447
30
0
0
VERTEX
8
SIDEWALKS
10
640
20
46.765
30
0
0
VERTEX
8
SIDEWALKS
10
640
20
49.777
30
0
0
VERTEX
8
SIDEWALKS
10
56
20
-1.435
30
0
0
SEQEND
8
SIDEWALKS
0
POLYLINE
8
SIDEWALKS
66
1
10
0
20
0
30
0
70
1
0
VERTEX
8
SIDEWALKS
10
56
20
23.262
30
0
0
VERTEX
8
SIDEWALKS
10
640
20
321.057
30
0
0
VERTEX
8
SIDEWALKS
10
640
20
324.425
30
0
0
VERTEX
8
SIDEWALKS
10
56
20
26.629
30
0
0
SEQEND
8
SIDEWALKS
0
POLYLINE
8
SIDEWALKS
66
1
10
0
20
0
30
0
70
1
0
VERTEX
8
SIDEWALKS
10
93.222
20
1173.903
30
0
0
VERTEX
8
SIDEWALKS
10
115.519
20
939.251
30
0
0
VERTEX
8
SIDEWALKS
10
205.102
20
964.446
30
0
0
VERTEX
8
SIDEWALKS
10
201.526
20
979.482
30
0
0
VERTEX
8
SIDEWALKS
10
187.118
20
1210.001
30
0
0
VERTEX
8
SIDEWALKS
10
101.328
20
1175.684
30
0
0
SEQEND
8
SIDEWALKS
0
POLYLINE
8
SIDEWALKS
66
1
10
0
20
0
30
0
70
1
0
VERTEX
8
SIDEWALKS
10
96.46
20
1171.543
30
0
0
VERTEX
8
SIDEWALKS
10
102.213
20
1172.807
30
0
0
VERTEX
8
SIDEWALKS
10
184.383
20
1205.675
30
0
0
VERTEX
8
SIDEWALKS
10
198.547
20
979.038
30
0
0
VERTEX
8
SIDEWALKS
10
201.517
20
966.554
30
0
0
VERTEX
8
SIDEWALKS
10
118.166
20
943.111
30
0
0
SEQEND
8
SIDEWALKS
0
POLYLINE
8
SIDEWALKS
66
1
10
0
20
0
30
0
70
1
0
VERTEX
8
SIDEWALKS
10
108.69
20
267.175
30
0
0
VERTEX
8
SIDEWALKS
10
154.224
20
118.154
30
0
0
VERTEX
8
SIDEWALKS
10
157.093
20
119.03
30
0
0
VERTEX
8
SIDEWALKS
10
112.451
20
265.132
30
0
0
VERTEX
8
SIDEWALKS
10
640
20
416.43
30
0
0
VERTEX
8
SIDEWALKS
10
640
20
419.551
30
0
0
SEQEND
8
SIDEWALKS
0
POLYLINE
8
SIDEWALKS
66
1
10
0
20
0
30
0
70
1
0
VERTEX
8
SIDEWALKS
10
116.192
20
932.168
30
0
0
VERTEX
8
SIDEWALKS
10
134.236
20
742.282
30
0
0
VERTEX
8
SIDEWALKS
10
250.058
20
775.446
30
0
0
VERTEX
8
SIDEWALKS
10
206.723
20
957.63
30
0
0
SEQEND
8
SIDEWALKS
0
POLYLINE
8
SIDEWALKS
66
1
10
0
20
0
30
0
70
1
0
VERTEX
8
SIDEWALKS
10
119.416
20
929.958
30
0
0
VERTEX
8
SIDEWALKS
10
204.528
20
953.896
30
0
0
VERTEX
8
SIDEWALKS
10
246.476
20
777.541
30
0
0
VERTEX
8
SIDEWALKS
10
136.881
20
746.16
30
0
0
SEQEND
8
SIDEWALKS
0
POLYLINE
8
SIDEWALKS
66
1
10
0
20
0
30
0
70
1
0
VERTEX
8
SIDEWALKS
10
136.786
20
728.45
30
0
0
VERTEX
8
SIDEWALKS
10
190.705
20
539.735
30
0
0
VERTEX
8
SIDEWALKS
10
298.762
20
570.692
30
0
0
VERTEX
8
SIDEWALKS
10
253.301
20
761.812
30
0
0
SEQEND
8
SIDEWALKS
0
POLYLINE
8
SIDEWALKS
66
1
10
0
20
0
30
0
70
1
0
VERTEX
8
SIDEWALKS
10
140.494
20
726.391
30
0
0
VERTEX
8
SIDEWALKS
10
251.109
20
758.064
30
0
0
VERTEX
8
SIDEWALKS
10
295.18
20
572.786
30
0
0
VERTEX
8
SIDEWALKS
10
192.764
20
543.445
30
0
0
SEQEND
8
SIDEWALKS
0
POLYLINE
8
SIDEWALKS
66
1
10
0
20
0
30
0
70
1
0
VERTEX
8
SIDEWALKS
10
192.628
20
533.004
30
0
0
VERTEX
8
SIDEWALKS
10
253.173
20
321.095
30
0
0
VERTEX
8
SIDEWALKS
10
563.62
20
410.129
30
0
0
VERTEX
8
SIDEWALKS
10
503.1
20
621.95
30
0
0
VERTEX
8
SIDEWALKS
10
307.12
20
565.804
30
0
0
VERTEX
8
SIDEWALKS
10
356.099
20
359.891
30
0
0
VERTEX
8
SIDEWALKS
10
359.018
20
360.586
30
0
0
VERTEX
8
SIDEWALKS
10
310.702
20
563.71
30
0
0
VERTEX
8
SIDEWALKS
10
501.04
20
618.239
30
0
0
VERTEX
8
SIDEWALKS
10
559.912
20
412.187
30
0
0
VERTEX
8
SIDEWALKS
10
255.232
20
324.807
30
0
0
VERTEX
8
SIDEWALKS
10
196.336
20
530.946
30
0
0
VERTEX
8
SIDEWALKS
10
298.192
20
560.126
30
0
0
VERTEX
8
SIDEWALKS
10
346.371
20
357.577
30
0
0
VERTEX
8
SIDEWALKS
10
349.289
20
358.272
30
0
0
VERTEX
8
SIDEWALKS
10
300.384
20
563.875
30
0
0
SEQEND
8
SIDEWALKS
0
POLYLINE
8
SIDEWALKS
66
1
10
0
20
0
30
0
70
1
0
VERTEX
8
SIDEWALKS
10
193.961
20
1212.738
30
0
0
VERTEX
8
SIDEWALKS
10
208.474
20
980.518
30
0
0
VERTEX
8
SIDEWALKS
10
211.846
20
966.343
30
0
0
VERTEX
8
SIDEWALKS
10
424.321
20
1026.101
30
0
0
VERTEX
8
SIDEWALKS
10
400.408
20
1257.788
30
0
0
VERTEX
8
SIDEWALKS
10
350.502
20
1257.503
30
0
0
VERTEX
8
SIDEWALKS
10
251.328
20
1235.685
30
0
0
SEQEND
8
SIDEWALKS
0
POLYLINE
8
SIDEWALKS
66
1
10
0
20
0
30
0
70
1
0
VERTEX
8
SIDEWALKS
10
197.09
20
1210.758
30
0
0
VERTEX
8
SIDEWALKS
10
252.213
20
1232.808
30
0
0
VERTEX
8
SIDEWALKS
10
350.836
20
1254.505
30
0
0
VERTEX
8
SIDEWALKS
10
397.703
20
1254.772
30
0
0
VERTEX
8
SIDEWALKS
10
421.077
20
1028.305
30
0
0
VERTEX
8
SIDEWALKS
10
214.042
20
970.076
30
0
0
VERTEX
8
SIDEWALKS
10
211.453
20
980.962
30
0
0
SEQEND
8
SIDEWALKS
0
POLYLINE
8
SIDEWALKS
66
1
10
0
20
0
30
0
70
1
0
VERTEX
8
SIDEWALKS
10
213.467
20
959.527
30
0
0
VERTEX
8
SIDEWALKS
10
256.795
20
777.375
30
0
0
VERTEX
8
SIDEWALKS
10
444.446
20
831.107
30
0
0
VERTEX
8
SIDEWALKS
10
425.05
20
1019.035
30
0
0
SEQEND
8
SIDEWALKS
0
POLYLINE
8
SIDEWALKS
66
1
10
0
20
0
30
0
70
1
0
VERTEX
8
SIDEWALKS
10
217.053
20
957.419
30
0
0
VERTEX
8
SIDEWALKS
10
422.432
20
1015.182
30
0
0
VERTEX
8
SIDEWALKS
10
441.204
20
833.299
30
0
0
VERTEX
8
SIDEWALKS
10
258.987
20
781.123
30
0
0
SEQEND
8
SIDEWALKS
0
POLYLINE
8
SIDEWALKS
66
1
10
0
20
0
30
0
70
1
0
VERTEX
8
SIDEWALKS
10
260.038
20
763.741
30
0
0
VERTEX
8
SIDEWALKS
10
305.498
20
572.621
30
0
0
VERTEX
8
SIDEWALKS
10
501.177
20
628.681
30
0
0
VERTEX
8
SIDEWALKS
10
447.271
20
817.353
30
0
0
SEQEND
8
SIDEWALKS
0
POLYLINE
8
SIDEWALKS
66
1
10
0
20
0
30
0
70
1
0
VERTEX
8
SIDEWALKS
10
263.62
20
761.646
30
0
0
VERTEX
8
SIDEWALKS
10
445.211
20
813.642
30
0
0
VERTEX
8
SIDEWALKS
10
497.469
20
630.739
30
0
0
VERTEX
8
SIDEWALKS
10
307.69
20
576.37
30
0
0
SEQEND
8
SIDEWALKS
0
POLYLINE
8
SIDEWALKS
66
1
10
0
20
0
30
0
70
1
0
VERTEX
8
SIDEWALKS
10
299
20
1657.427
30
0
0
VERTEX
8
SIDEWALKS
10
520.104
20
1719.738
30
0
0
VERTEX
8
SIDEWALKS
10
640
20
1753.417
30
0
0
VERTEX
8
SIDEWALKS
10
640
20
1755.333
30
0
0
VERTEX
8
SIDEWALKS
10
520
20
1722
30
0
0
VERTEX
8
SIDEWALKS
10
300
20
1660
30
0
0
VERTEX
8
SIDEWALKS
10
299
20
1659.714
30
0
0
SEQEND
8
SIDEWALKS
0
POLYLINE
8
SIDEWALKS
66
1
10
0
20
0
30
0
70
1
0
VERTEX
8
SIDEWALKS
10
300.5
20
1525.657
30
0
0
VERTEX
8
SIDEWALKS
10
303.5
20
1525.753
30
0
0
VERTEX
8
SIDEWALKS
10
303.5
20
1591.96
30
0
0
VERTEX
8
SIDEWALKS
10
303
20
1594.243
30
0
0
VERTEX
8
SIDEWALKS
10
303.5
20
1594.352
30
0
0
VERTEX
8
SIDEWALKS
10
303.5
20
1644.15
30
0
0
VERTEX
8
SIDEWALKS
10
301.011
20
1643.449
30
0
0
VERTEX
8
SIDEWALKS
10
300.5
20
1645.263
30
0
0
SEQEND
8
SIDEWALKS
0
POLYLINE
8
SIDEWALKS
66
1
10
0
20
0
30
0
70
1
0
VERTEX
8
SIDEWALKS
10
310.5
20
1525.976
30
0
0
VERTEX
8
SIDEWALKS
10
313.5
20
1526.071
30
0
0
VERTEX
8
SIDEWALKS
10
313.5
20
1583.233
30
0
0
VERTEX
8
SIDEWALKS
10
640
20
1654.681
30
0
0
VERTEX
8
SIDEWALKS
10
640
20
1657.752
30
0
0
VERTEX
8
SIDEWALKS
10
310.5
20
1585.648
30
0
0
SEQEND
8
SIDEWALKS
0
POLYLINE
8
SIDEWALKS
66
1
10
0
20
0
30
0
70
1
0
VERTEX
8
SIDEWALKS
10
310.5
20
1595.884
30
0
0
VERTEX
8
SIDEWALKS
10
640
20
1667.989
30
0
0
VERTEX
8
SIDEWALKS
10
640
20
1671.06
30
0
0
VERTEX
8
SIDEWALKS
10
313.5
20
1599.612
30
0
0
VERTEX
8
SIDEWALKS
10
313.5
20
1643.851
30
0
0
VERTEX
8
SIDEWALKS
10
524.708
20
1703.374
30
0
0
VERTEX
8
SIDEWALKS
10
640
20
1735.759
30
0
0
VERTEX
8
SIDEWALKS
10
640
20
1738.875
30
0
0
VERTEX
8
SIDEWALKS
10
523.896
20
1706.262
30
0
0
VERTEX
8
SIDEWALKS
10
310.5
20
1646.123
30
0
0
SEQEND
8
SIDEWALKS
0
POLYLINE
8
SIDEWALKS
66
1
10
0
20
0
30
0
70
1
0
VERTEX
8
SIDEWALKS
10
410.455
20
1257.845
30
0
0
VERTEX
8
SIDEWALKS
10
434.09
20
1028.849
30
0
0
VERTEX
8
SIDEWALKS
10
640
20
1086.761
30
0
0
VERTEX
8
SIDEWALKS
10
640
20
1089.877
30
0
0
VERTEX
8
SIDEWALKS
10
436.709
20
1032.701
30
0
0
VERTEX
8
SIDEWALKS
10
413.779
20
1254.864
30
0
0
VERTEX
8
SIDEWALKS
10
640
20
1256.157
30
0
0
VERTEX
8
SIDEWALKS
10
640
20
1259.157
30
0
0
SEQEND
8
SIDEWALKS
0
POLYLINE
8
SIDEWALKS
66
1
10
0
20
0
30
0
70
1
0
VERTEX
8
SIDEWALKS
10
434.82
20
1021.782
30
0
0
VERTEX
8
SIDEWALKS
10
454.211
20
833.903
30
0
0
VERTEX
8
SIDEWALKS
10
640
20
887.101
30
0
0
VERTEX
8
SIDEWALKS
10
640
20
890.222
30
0
0
VERTEX
8
SIDEWALKS
10
456.827
20
837.773
30
0
0
VERTEX
8
SIDEWALKS
10
438.063
20
1019.578
30
0
0
VERTEX
8
SIDEWALKS
10
640
20
1076.373
30
0
0
VERTEX
8
SIDEWALKS
10
640
20
1079.489
30
0
0
SEQEND
8
SIDEWALKS
0
POLYLINE
8
SIDEWALKS
66
1
10
0
20
0
30
0
70
1
0
VERTEX
8
SIDEWALKS
10
456.884
20
820.106
30
0
0
VERTEX
8
SIDEWALKS
10
510.79
20
631.435
30
0
0
VERTEX
8
SIDEWALKS
10
640
20
668.452
30
0
0
VERTEX
8
SIDEWALKS
10
640
20
671.572
30
0
0
VERTEX
8
SIDEWALKS
10
512.85
20
635.146
30
0
0
VERTEX
8
SIDEWALKS
10
460.592
20
818.047
30
0
0
VERTEX
8
SIDEWALKS
10
640
20
869.418
30
0
0
VERTEX
8
SIDEWALKS
10
640
20
872.538
30
0
0
SEQEND
8
SIDEWALKS
0
POLYLINE
8
SIDEWALKS
66
1
10
0
20
0
30
0
70
1
0
VERTEX
8
SIDEWALKS
10
512.713
20
624.704
30
0
0
VERTEX
8
SIDEWALKS
10
573.233
20
412.886
30
0
0
VERTEX
8
SIDEWALKS
10
640
20
432.034
30
0
0
VERTEX
8
SIDEWALKS
10
640
20
435.155
30
0
0
VERTEX
8
SIDEWALKS
10
575.292
20
416.598
30
0
0
VERTEX
8
SIDEWALKS
10
516.421
20
622.646
30
0
0
VERTEX
8
SIDEWALKS
10
640
20
658.049
30
0
0
VERTEX
8
SIDEWALKS
10
640
20
661.17
30
0
0
SEQEND
8
SIDEWALKS
0
POLYLINE
8
ROADS_INTERNAL
66
1
10
0
20
0
30
0
70
1
0
VERTEX
8
ROADS_INTERNAL
10
-549.516
20
-42.132
30
0
0
VERTEX
8
ROADS_INTERNAL
10
-548.473
20
-52.077
30
0
0
VERTEX
8
ROADS_INTERNAL
10
-299.473
20
-25.972
30
0
0
VERTEX
8
ROADS_INTERNAL
10
-221.652
20
-17.646
30
0
0
VERTEX
8
ROADS_INTERNAL
10
-222.043
20
-25.807
30
0
0
VERTEX
8
ROADS_INTERNAL
10
-214.053
20
-26.191
30
0
0
VERTEX
8
ROADS_INTERNAL
10
-213.601
20
-16.784
30
0
0
VERTEX
8
ROADS_INTERNAL
10
-55.474
20
0.135
30
0
0
VERTEX
8
ROADS_INTERNAL
10
-56.538
20
10.078
30
0
0
VERTEX
8
ROADS_INTERNAL
10
-213.116
20
-6.675
30
0
0
VERTEX
8
ROADS_INTERNAL
10
-207.998
20
99.944
30
0
0
VERTEX
8
ROADS_INTERNAL
10
-209.139
20
157.005
30
0
0
VERTEX
8
ROADS_INTERNAL
10
-139.581
20
164.525
30
0
0
VERTEX
8
ROADS_INTERNAL
10
-93.546
20
170.663
30
0
0
VERTEX
8
ROADS_INTERNAL
10
-94.471
20
177.601
30
0
0
VERTEX
8
ROADS_INTERNAL
10
-140.419
20
171.475
30
0
0
VERTEX
8
ROADS_INTERNAL
10
-209.28
20
164.031
30
0
0
VERTEX
8
ROADS_INTERNAL
10
-210.001
20
200.068
30
0
0
VERTEX
8
ROADS_INTERNAL
10
-211.954
20
341.712
30
0
0
VERTEX
8
ROADS_INTERNAL
10
-178.255
20
348.264
30
0
0
VERTEX
8
ROADS_INTERNAL
10
-179.782
20
356.117
30
0
0
VERTEX
8
ROADS_INTERNAL
10
-216.558
20
348.966
30
0
0
VERTEX
8
ROADS_INTERNAL
10
-330.423
20
338.978
30
0
0
VERTEX
8
ROADS_INTERNAL
10
-451.488
20
323.845
30
0
0
VERTEX
8
ROADS_INTERNAL
10
-450.496
20
315.907
30
0
0
VERTEX
8
ROADS_INTERNAL
10
-329.577
20
331.022
30
0
0
VERTEX
8
ROADS_INTERNAL
10
-219.94
20
340.639
30
0
0
VERTEX
8
ROADS_INTERNAL
10
-217.999
20
199.932
30
0
0
VERTEX
8
ROADS_INTERNAL
10
-217.634
20
181.663
30
0
0
VERTEX
8
ROADS_INTERNAL
10
-501.385
20
153.884
30
0
0
VERTEX
8
ROADS_INTERNAL
10
-500.605
20
145.922
30
0
0
VERTEX
8
ROADS_INTERNAL
10
-217.474
20
173.641
30
0
0
VERTEX
8
ROADS_INTERNAL
10
-216.002
20
100.056
30
0
0
VERTEX
8
ROADS_INTERNAL
10
-221.166
20
-7.537
30
0
0
VERTEX
8
ROADS_INTERNAL
10
-300.527
20
-16.028
30
0
0
SEQEND
8
ROADS_INTERNAL
0
POLYLINE
8
ROADS_INTERNAL
66
1
10
0
20
0
30
0
70
1
0
VERTEX
8
ROADS_INTERNAL
10
-521.41
20
-96.644
30
0
0
VERTEX
8
ROADS_INTERNAL
10
-520.576
20
-103.594
30
0
0
VERTEX
8
ROADS_INTERNAL
10
-419.617
20
-91.479
30
0
0
VERTEX
8
ROADS_INTERNAL
10
-199.658
20
-69.483
30
0
0
VERTEX
8
ROADS_INTERNAL
10
-53.668
20
-55.388
30
0
0
VERTEX
8
ROADS_INTERNAL
10
-54.341
20
-48.42
30
0
0
VERTEX
8
ROADS_INTERNAL
10
-200.342
20
-62.517
30
0
0
VERTEX
8
ROADS_INTERNAL
10
-420.383
20
-84.521
30
0
0
SEQEND
8
ROADS_INTERNAL
0
POLYLINE
8
ROADS_INTERNAL
66
1
10
0
20
0
30
0
70
1
0
VERTEX
8
ROADS_INTERNAL
10
-422.546
20
394.237
30
0
0
VERTEX
8
ROADS_INTERNAL
10
-413.559
20
393.766
30
0
0
VERTEX
8
ROADS_INTERNAL
10
-412.41
20
415.668
30
0
0
VERTEX
8
ROADS_INTERNAL
10
-334.145
20
406.46
30
0
0
VERTEX
8
ROADS_INTERNAL
10
-335.037
20
384.161
30
0
0
VERTEX
8
ROADS_INTERNAL
10
-327.043
20
383.841
30
0
0
VERTEX
8
ROADS_INTERNAL
10
-325.855
20
413.54
30
0
0
VERTEX
8
ROADS_INTERNAL
10
-411.99
20
423.673
30
0
0
VERTEX
8
ROADS_INTERNAL
10
-397.701
20
696.05
30
0
0
VERTEX
8
ROADS_INTERNAL
10
-228
20
698.047
30
0
0
VERTEX
8
ROADS_INTERNAL
10
-228
20
734.151
30
0
0
VERTEX
8
ROADS_INTERNAL
10
-184
20
735.843
30
0
0
VERTEX
8
ROADS_INTERNAL
10
-184
20
711
30
0
0
VERTEX
8
ROADS_INTERNAL
10
-183.5
20
711
30
0
0
VERTEX
8
ROADS_INTERNAL
10
-183.5
20
712
30
0
0
VERTEX
8
ROADS_INTERNAL
10
-176.5
20
712
30
0
0
VERTEX
8
ROADS_INTERNAL
10
-176.5
20
711
30
0
0
VERTEX
8
ROADS_INTERNAL
10
-176
20
711
30
0
0
VERTEX
8
ROADS_INTERNAL
10
-176
20
1081.657
30
0
0
VERTEX
8
ROADS_INTERNAL
10
-197.879
20
1103.536
30
0
0
VERTEX
8
ROADS_INTERNAL
10
-203.536
20
1097.879
30
0
0
VERTEX
8
ROADS_INTERNAL
10
-188.592
20
1082.935
30
0
0
VERTEX
8
ROADS_INTERNAL
10
-300.37
20
1075.483
30
0
0
VERTEX
8
ROADS_INTERNAL
10
-383.496
20
1063.318
30
0
0
VERTEX
8
ROADS_INTERNAL
10
-383.167
20
1061.066
30
0
0
VERTEX
8
ROADS_INTERNAL
10
-386.438
20
1061.248
30
0
0
VERTEX
8
ROADS_INTERNAL
10
-406.493
20
700.243
30
0
0
SEQEND
8
ROADS_INTERNAL
0
POLYLINE
8
ROADS_INTERNAL
66
1
10
0
20
0
30
0
70
1
0
VERTEX
8
ROADS_INTERNAL
10
-397.268
20
704.056
30
0
0
VERTEX
8
ROADS_INTERNAL
10
-386.326
20
901
30
0
0
VERTEX
8
ROADS_INTERNAL
10
-184
20
901
30
0
0
VERTEX
8
ROADS_INTERNAL
10
-184
20
743.849
30
0
0
VERTEX
8
ROADS_INTERNAL
10
-236
20
741.849
30
0
0
VERTEX
8
ROADS_INTERNAL
10
-236
20
705.953
30
0
0
SEQEND
8
ROADS_INTERNAL
0
POLYLINE
8
ROADS_INTERNAL
66
1
10
0
20
0
30
0
70
1
0
VERTEX
8
ROADS_INTERNAL
10
-385.882
20
909
30
0
0
VERTEX
8
ROADS_INTERNAL
10
-377.654
20
1057.099
30
0
0
VERTEX
8
ROADS_INTERNAL
10
-299.63
20
1068.517
30
0
0
VERTEX
8
ROADS_INTERNAL
10
-184
20
1076.226
30
0
0
VERTEX
8
ROADS_INTERNAL
10
-184
20
909
30
0
0
SEQEND
8
ROADS_INTERNAL
0
POLYLINE
8
ROADS_INTERNAL
66
1
10
0
20
0
30
0
70
1
0
VERTEX
8
ROADS_INTERNAL
10
-352.107
20
1198.544
30
0
0
VERTEX
8
ROADS_INTERNAL
10
-349.808
20
1190.881
30
0
0
VERTEX
8
ROADS_INTERNAL
10
-298.91
20
1206.151
30
0
0
VERTEX
8
ROADS_INTERNAL
10
-200.298
20
1232.447
30
0
0
VERTEX
8
ROADS_INTERNAL
10
-204.047
20
1161.212
30
0
0
VERTEX
8
ROADS_INTERNAL
10
-196.058
20
1160.791
30
0
0
VERTEX
8
ROADS_INTERNAL
10
-192.173
20
1234.614
30
0
0
VERTEX
8
ROADS_INTERNAL
10
-148.628
20
1246.226
30
0
0
VERTEX
8
ROADS_INTERNAL
10
1.616
20
1316.34
30
0
0
VERTEX
8
ROADS_INTERNAL
10
121.571
20
1366.321
30
0
0
VERTEX
8
ROADS_INTERNAL
10
201.282
20
1401.195
30
0
0
VERTEX
8
ROADS_INTERNAL
10
266
20
1416.852
30
0
0
VERTEX
8
ROADS_INTERNAL
10
266
20
1579
30
0
0
VERTEX
8
ROADS_INTERNAL
10
258
20
1579
30
0
0
VERTEX
8
ROADS_INTERNAL
10
258
20
1423.148
30
0
0
VERTEX
8
ROADS_INTERNAL
10
198.718
20
1408.805
30
0
0
VERTEX
8
ROADS_INTERNAL
10
131.004
20
1379.181
30
0
0
VERTEX
8
ROADS_INTERNAL
10
163.419
20
1423.75
30
0
0
VERTEX
8
ROADS_INTERNAL
10
157.758
20
1427.867
30
0
0
VERTEX
8
ROADS_INTERNAL
10
118.312
20
1373.63
30
0
0
VERTEX
8
ROADS_INTERNAL
10
-1.616
20
1323.66
30
0
0
VERTEX
8
ROADS_INTERNAL
10
-151.372
20
1253.774
30
0
0
VERTEX
8
ROADS_INTERNAL
10
-301.09
20
1213.849
30
0
0
SEQEND
8
ROADS_INTERNAL
0
POLYLINE
8
AREAS
66
1
10
0
20
0
30
0
70
1
0
VERTEX
8
AREAS
10
-476.844
20
125.187
30
0
0
VERTEX
8
AREAS
10
-472.663
20
85.406
30
0
0
VERTEX
8
AREAS
10
-383.156
20
94.813
30
0
0
VERTEX
8
AREAS
10
-387.337
20
134.594
30
0
0
SEQEND
8
AREAS
0
POLYLINE
8
AREAS
66
1
10
0
20
0
30
0
70
1
0
VERTEX
8
AREAS
10
-255.667
20
308.131
30
0
0
VERTEX
8
AREAS
10
-244.169
20
198.733
30
0
0
VERTEX
8
AREAS
10
-214.333
20
201.869
30
0
0
VERTEX
8
AREAS
10
-225.831
20
311.267
30
0
0
SEQEND
8
AREAS
0
POLYLINE
8
AREAS
66
1
10
0
20
0
30
0
70
1
0
VERTEX
8
AREAS
10
-400.2
20
486.09
30
0
0
VERTEX
8
AREAS
10
-374.263
20
484.276
30
0
0
VERTEX
8
AREAS
10
-363.8
20
633.91
30
0
0
VERTEX
8
AREAS
10
-389.737
20
635.724
30
0
0
SEQEND
8
AREAS
0
POLYLINE
8
AREAS
66
1
10
0
20
0
30
0
70
1
0
VERTEX
8
AREAS
10
-73.694
20
68.721
30
0
0
VERTEX
8
AREAS
10
-61.509
20
36.979
30
0
0
VERTEX
8
AREAS
10
-50.306
20
41.279
30
0
0
VERTEX
8
AREAS
10
-62.491
20
73.021
30
0
0
SEQEND
8
AREAS
0
POLYLINE
8
AREAS
66
1
10
0
20
0
30
0
70
1
0
VERTEX
8
AREAS
10
-115.622
20
-17.129
30
0
0
VERTEX
8
AREAS
10
-114.159
20
-31.052
30
0
0
VERTEX
8
AREAS
10
-74.378
20
-26.871
30
0
0
VERTEX
8
AREAS
10
-75.841
20
-12.948
30
0
0
SEQEND
8
AREAS
0
POLYLINE
8
AREAS
66
1
10
0
20
0
30
0
70
1
0
VERTEX
8
AREAS
10
25.91
20
1461.514
30
0
0
VERTEX
8
AREAS
10
58.773
20
1399.707
30
0
0
VERTEX
8
AREAS
10
94.09
20
1418.486
30
0
0
VERTEX
8
AREAS
10
61.227
20
1480.293
30
0
0
SEQEND
8
AREAS
0
POLYLINE
8
AREAS
66
1
10
0
20
0
30
0
70
1
0
VERTEX
8
AREAS
10
-36
20
-50
30
0
0
VERTEX
8
AREAS
10
56
20
-48
30
0
0
VERTEX
8
AREAS
10
56
20
-18.501
30
0
0
VERTEX
8
AREAS
10
47.623
20
-19.235
30
0
0
VERTEX
8
AREAS
10
46.4
20
-5.289
30
0
0
VERTEX
8
AREAS
10
56
20
-4.447
30
0
0
VERTEX
8
AREAS
10
56
20
26.629
30
0
0
VERTEX
8
AREAS
10
45.962
20
21.51
30
0
0
VERTEX
8
AREAS
10
38.693
20
35.764
30
0
0
VERTEX
8
AREAS
10
54.941
20
44.049
30
0
0
VERTEX
8
AREAS
10
-24.533
20
47.746
30
0
0
VERTEX
8
AREAS
10
-24.251
20
47.025
30
0
0
VERTEX
8
AREAS
10
-30.202
20
44.7
30
0
0
SEQEND
8
AREAS
0
POLYLINE
8
AREAS
66
1
10
0
20
0
30
0
70
1
0
VERTEX
8
AREAS
10
-14.433
20
22.577
30
0
0
VERTEX
8
AREAS
10
-13.56
20
-27.415
30
0
0
VERTEX
8
AREAS
10
34.433
20
-26.577
30
0
0
VERTEX
8
AREAS
10
33.56
20
23.415
30
0
0
SEQEND
8
AREAS
0
POLYLINE
8
AREAS
66
1
10
0
20
0
30
0
70
1
0
VERTEX
8
AREAS
10
-10
20
-170
30
0
0
VERTEX
8
AREAS
10
-0.814
20
-169.807
30
0
0
VERTEX
8
AREAS
10
25.699
20
-164.74
30
0
0
VERTEX
8
AREAS
10
26.697
20
-136.423
30
0
0
VERTEX
8
AREAS
10
-8
20
-138
30
0
0
SEQEND
8
AREAS
0
POLYLINE
8
AREAS
66
1
10
0
20
0
30
0
70
1
0
VERTEX
8
AREAS
10
43.565
20
-168.872
30
0
0
VERTEX
8
AREAS
10
85
20
-168
30
0
0
VERTEX
8
AREAS
10
80
20
-134
30
0
0
VERTEX
8
AREAS
10
44.738
20
-135.603
30
0
0
SEQEND
8
AREAS
0
POLYLINE
8
AREAS
66
1
10
0
20
0
30
0
70
1
0
VERTEX
8
AREAS
10
-45
20
122
30
0
0
VERTEX
8
AREAS
10
-26
20
74
30
0
0
VERTEX
8
AREAS
10
-19
20
74
30
0
0
VERTEX
8
AREAS
10
-38
20
124
30
0
0
SEQEND
8
AREAS
0
POLYLINE
8
AREAS
66
1
10
0
20
0
30
0
70
1
0
VERTEX
8
AREAS
10
393.929
20
1437.363
30
0
0
VERTEX
8
AREAS
10
396.162
20
1373.402
30
0
0
VERTEX
8
AREAS
10
546.071
20
1378.637
30
0
0
VERTEX
8
AREAS
10
543.838
20
1442.598
30
0
0
SEQEND
8
AREAS
0
POLYLINE
8
AREAS
66
1
10
0
20
0
30
0
70
1
0
VERTEX
8
AREAS
10
335
20
1360
30
0
0
VERTEX
8
AREAS
10
600
20
1366
30
0
0
VERTEX
8
AREAS
10
600
20
1455
30
0
0
VERTEX
8
AREAS
10
335
20
1452
30
0
0
SEQEND
8
AREAS
0
POLYLINE
8
AREAS
66
1
10
0
20
0
30
0
70
1
0
VERTEX
8
AREAS
10
-165
20
500
30
0
0
VERTEX
8
AREAS
10
-115
20
500
30
0
0
VERTEX
8
AREAS
10
-115
20
540
30
0
0
VERTEX
8
AREAS
10
-165
20
540
30
0
0
SEQEND
8
AREAS
0
POLYLINE
8
AREAS
66
1
10
0
20
0
30
0
70
1
0
VERTEX
8
AREAS
10
-1150
20
120
30
0
0
VERTEX
8
AREAS
10
-1081.6
20
120
30
0
0
VERTEX
8
AREAS
10
-1060
20
300
30
0
0
VERTEX
8
AREAS
10
-1055.263
20
341.053
30
0
0
VERTEX
8
AREAS
10
-1050
20
400
30
0
0
VERTEX
8
AREAS
10
-1015
20
700
30
0
0
VERTEX
8
AREAS
10
-1010
20
733.333
30
0
0
VERTEX
8
AREAS
10
-1000
20
820
30
0
0
VERTEX
8
AREAS
10
-960
20
1060
30
0
0
VERTEX
8
AREAS
10
-943.667
20
1106.667
30
0
0
VERTEX
8
AREAS
10
-935
20
1150
30
0
0
VERTEX
8
AREAS
10
-913.333
20
1193.333
30
0
0
VERTEX
8
AREAS
10
-890
20
1260
30
0
0
VERTEX
8
AREAS
10
-865.556
20
1288.889
30
0
0
VERTEX
8
AREAS
10
-860
20
1300
30
0
0
VERTEX
8
AREAS
10
-800
20
1380
30
0
0
VERTEX
8
AREAS
10
-1150
20
1380
30
0
0
SEQEND
8
AREAS
0
POLYLINE
8
BUILDINGS_SHIPYARD
66
1
10
0
20
0
30
0
39
7.5
70
1
0
VERTEX
8
BUILDINGS_SHIPYARD
10
-55
20
-15
30
0
0
VERTEX
8
BUILDINGS_SHIPYARD
10
-41
20
-15
30
0
0
VERTEX
8
BUILDINGS_SHIPYARD
10
-41
20
19
30
0
0
VERTEX
8
BUILDINGS_SHIPYARD
10
-55
20
19
30
0
0
SEQEND
8
BUILDINGS_SHIPYARD
0
TEXT
8
LABELS
10
-48
20
2
30
0
40
3
1
\U+0413\U+043B\U+0430\U+0432\U+043D\U+0430\U+044F \U+043F\U+0440\U+043E\U+0445\U+043E\U+0434\U+043D\U+0430\U+044F
0
POLYLINE
8
BUILDINGS_SHIPYARD
66
1
10
0
20
0
30
0
39
19
70
1
0
VERTEX
8
BUILDINGS_SHIPYARD
10
-58.995
20
90.649
30
0
0
VERTEX
8
BUILDINGS_SHIPYARD
10
-84.189
20
155.959
30
0
0
VERTEX
8
BUILDINGS_SHIPYARD
10
-100.983
20
149.48
30
0
0
VERTEX
8
BUILDINGS_SHIPYARD
10
-75.789
20
84.171
30
0
0
SEQEND
8
BUILDINGS_SHIPYARD
0
TEXT
8
LABELS
10
-79.989
20
120.065
30
0
40
3
1
\U+0417\U+0430\U+0432\U+043E\U+0434\U+043E\U+0443\U+043F\U+0440\U+0430\U+0432\U+043B\U+0435\U+043D\U+0438\U+0435
0
POLYLINE
8
BUILDINGS_SHIPYARD
66
1
10
0
20
0
30
0
39
22
70
1
0
VERTEX
8
BUILDINGS_SHIPYARD
10
-107.583
20
216.603
30
0
0
VERTEX
8
BUILDINGS_SHIPYARD
10
-129.177
20
272.582
30
0
0
VERTEX
8
BUILDINGS_SHIPYARD
10
-145.971
20
266.104
30
0
0
VERTEX
8
BUILDINGS_SHIPYARD
10
-124.376
20
210.125
30
0
0
SEQEND
8
BUILDINGS_SHIPYARD
0
TEXT
8
LABELS
10
-126.777
20
241.353
30
0
40
3
1
\U+0418\U+043D\U+0436\U+0435\U+043D\U+0435\U+0440\U+043D\U+043E-\U+043A\U+043E\U+043D\U+0441\U+0442\U+0440\U+0443\U+043A\U+0442\U+043E\U+0440\U+0441\U+043A\U+0438\U+0439 \U+043A\U+043E\U+0440\U+043F\U+0443\U+0441
0
POLYLINE
8
BUILDINGS_SHIPYARD
66
1
10
0
20
0
30
0
39
15
70
1
0
VERTEX
8
BUILDINGS_SHIPYARD
10
-139.974
20
300.572
30
0
0
VERTEX
8
BUILDINGS_SHIPYARD
10
-154.371
20
337.891
30
0
0
VERTEX
8
BUILDINGS_SHIPYARD
10
-168.365
20
332.493
30
0
0
VERTEX
8
BUILDINGS_SHIPYARD
10
-153.969
20
295.173
30
0
0
SEQEND
8
BUILDINGS_SHIPYARD
0
TEXT
8
LABELS
10
-154.17
20
316.532
30
0
40
3
1
\U+0423\U+0447\U+0435\U+0431\U+043D\U+044B\U+0439 \U+0446\U+0435\U+043D\U+0442\U+0440
0
POLYLINE
8
BUILDINGS_SHIPYARD
66
1
10
0
20
0
30
0
39
21
70
1
0
VERTEX
8
BUILDINGS_SHIPYARD
10
-353.076
20
-63.712
30
0
0
VERTEX
8
BUILDINGS_SHIPYARD
10
-223.788
20
-50.123
30
0
0
VERTEX
8
BUILDINGS_SHIPYARD
10
-226.924
20
-20.288
30
0
0
VERTEX
8
BUILDINGS_SHIPYARD
10
-356.212
20
-33.877
30
0
0
SEQEND
8
BUILDINGS_SHIPYARD
0
TEXT
8
LABELS
10
-290
20
-42
30
0
40
3
1
\U+0413\U+043B\U+0430\U+0432\U+043D\U+0430\U+044F \U+0441\U+0443\U+0434\U+043E\U+0441\U+0442\U+0440\U+043E\U+0438\U+0442\U+0435\U+043B\U+044C\U+043D\U+0430\U+044F \U+043C\U+0430\U+0441\U+0442\U+0435\U+0440\U+0441\U+043A\U+0430\U+044F \U+0441 \U+043A\U+0443\U+0437\U+043D\U+0438\U+0446\U+0435\U+0439
0
POLYLINE
8
BUILDINGS_SHIPYARD
66
1
10
0
20
0
30
0
39
21
70
1
0
VERTEX
8
BUILDINGS_SHIPYARD
10
-357.476
20
42.843
30
0
0
VERTEX
8
BUILDINGS_SHIPYARD
10
-238.134
20
55.387
30
0
0
VERTEX
8
BUILDINGS_SHIPYARD
10
-242.524
20
97.157
30
0
0
VERTEX
8
BUILDINGS_SHIPYARD
10
-361.866
20
84.613
30
0
0
SEQEND
8
BUILDINGS_SHIPYARD
0
TEXT
8
LABELS
10
-300
20
70
30
0
40
3
1
\U+041C\U+0435\U+0445\U+0430\U+043D\U+043E\U+0441\U+0431\U+043E\U+0440\U+043E\U+0447\U+043D\U+044B\U+0439 \U+0446\U+0435\U+0445
0
POLYLINE
8
BUILDINGS_SHIPYARD
66
1
10
0
20
0
30
0
39
15
70
1
0
VERTEX
8
BUILDINGS_SHIPYARD
10
-178.477
20
-54.065
30
0
0
VERTEX
8
BUILDINGS_SHIPYARD
10
-118.805
20
-47.793
30
0
0
VERTEX
8
BUILDINGS_SHIPYARD
10
-121.523
20
-21.935
30
0
0
VERTEX
8
BUILDINGS_SHIPYARD
10
-181.195
20
-28.207
30
0
0
SEQEND
8
BUILDINGS_SHIPYARD
0
TEXT
8
LABELS
10
-150
20
-38
30
0
40
3
1
\U+0422\U+0440\U+0443\U+0431\U+043E\U+043C\U+0435\U+0434\U+043D\U+0438\U+0446\U+043A\U+0438\U+0439 \U+0446\U+0435\U+0445
0
POLYLINE
8
BUILDINGS_SHIPYARD
66
1
10
0
20
0
30
0
39
12
70
1
0
VERTEX
8
BUILDINGS_SHIPYARD
10
-154.867
20
60.382
30
0
0
VERTEX
8
BUILDINGS_SHIPYARD
10
-123.042
20
63.727
30
0
0
VERTEX
8
BUILDINGS_SHIPYARD
10
-125.133
20
83.618
30
0
0
VERTEX
8
BUILDINGS_SHIPYARD
10
-156.958
20
80.273
30
0
0
SEQEND
8
BUILDINGS_SHIPYARD
0
TEXT
8
LABELS
10
-140
20
72
30
0
40
3
1
\U+041A\U+043E\U+0442\U+0435\U+043B\U+044C\U+043D\U+0430\U+044F
0
POLYLINE
8
BUILDINGS_SHIPYARD
66
1
10
0
20
0
30
0
39
8
70
1
0
VERTEX
8
BUILDINGS_SHIPYARD
10
-116.856
20
33.173
30
0
0
VERTEX
8
BUILDINGS_SHIPYARD
10
-81.053
20
36.936
30
0
0
VERTEX
8
BUILDINGS_SHIPYARD
10
-83.144
20
56.827
30
0
0
VERTEX
8
BUILDINGS_SHIPYARD
10
-118.947
20
53.064
30
0
0
SEQEND
8
BUILDINGS_SHIPYARD
0
TEXT
8
LABELS
10
-100
20
45
30
0
40
3
1
\U+0421\U+0442\U+043E\U+043B\U+043E\U+0432\U+0430\U+044F
0
POLYLINE
8
BUILDINGS_SHIPYARD
66
1
10
0
20
0
30
0
39
10
70
1
0
VERTEX
8
BUILDINGS_SHIPYARD
10
-468.713
20
-79.553
30
0
0
VERTEX
8
BUILDINGS_SHIPYARD
10
-418.987
20
-74.327
30
0
0
VERTEX
8
BUILDINGS_SHIPYARD
10
-421.287
20
-52.447
30
0
0
VERTEX
8
BUILDINGS_SHIPYARD
10
-471.013
20
-57.673
30
0
0
SEQEND
8
BUILDINGS_SHIPYARD
0
TEXT
8
LABELS
10
-445
20
-66
30
0
40
3
1
\U+0421\U+043A\U+043B\U+0430\U+0434 \U+2116 1
0
POLYLINE
8
BUILDINGS_SHIPYARD
66
1
10
0
20
0
30
0
39
29
70
1
0
VERTEX
8
BUILDINGS_SHIPYARD
10
-197.857
20
184.859
30
0
0
VERTEX
8
BUILDINGS_SHIPYARD
10
-152.109
20
189.667
30
0
0
VERTEX
8
BUILDINGS_SHIPYARD
10
-162.143
20
285.141
30
0
0
VERTEX
8
BUILDINGS_SHIPYARD
10
-207.891
20
280.333
30
0
0
SEQEND
8
BUILDINGS_SHIPYARD
0
TEXT
8
LABELS
10
-180
20
235
30
0
40
3
1
\U+041A\U+043E\U+0440\U+043F\U+0443\U+0441\U+043E\U+0441\U+0431\U+043E\U+0440\U+043E\U+0447\U+043D\U+044B\U+0439 \U+0446\U+0435\U+0445 (\U+043F\U+0440\U+0435\U+0434\U+0441\U+0442\U+0430\U+043F\U+0435\U+043B\U+044C\U+043D\U+0430\U+044F \U+0441\U+0431\U+043E\U+0440\U+043A\U+0430)
0
POLYLINE
8
BUILDINGS_SHIPYARD
66
1
10
0
20
0
30
0
39
21
70
1
0
VERTEX
8
BUILDINGS_SHIPYARD
10
-183.323
20
107.992
30
0
0
VERTEX
8
BUILDINGS_SHIPYARD
10
-143.542
20
112.173
30
0
0
VERTEX
8
BUILDINGS_SHIPYARD
10
-146.677
20
142.008
30
0
0
VERTEX
8
BUILDINGS_SHIPYARD
10
-186.458
20
137.827
30
0
0
SEQEND
8
BUILDINGS_SHIPYARD
0
TEXT
8
LABELS
10
-165
20
125
30
0
40
3
1
\U+041E\U+043A\U+0440\U+0430\U+0441\U+043E\U+0447\U+043D\U+043E-\U+0441\U+0443\U+0448\U+0438\U+043B\U+044C\U+043D\U+0430\U+044F \U+043A\U+0430\U+043C\U+0435\U+0440\U+0430
0
POLYLINE
8
BUILDINGS_SHIPYARD
66
1
10
0
20
0
30
0
39
5
70
1
0
VERTEX
8
BUILDINGS_SHIPYARD
10
-426.439
20
24.296
30
0
0
VERTEX
8
BUILDINGS_SHIPYARD
10
-412.516
20
25.759
30
0
0
VERTEX
8
BUILDINGS_SHIPYARD
10
-413.561
20
35.704
30
0
0
VERTEX
8
BUILDINGS_SHIPYARD
10
-427.484
20
34.241
30
0
0
SEQEND
8
BUILDINGS_SHIPYARD
0
TEXT
8
LABELS
10
-420
20
30
30
0
40
3
1
\U+0422\U+0440\U+0430\U+043D\U+0441\U+0444\U+043E\U+0440\U+043C\U+0430\U+0442\U+043E\U+0440\U+043D\U+0430\U+044F \U+043F\U+043E\U+0434\U+0441\U+0442\U+0430\U+043D\U+0446\U+0438\U+044F
0
POLYLINE
8
BUILDINGS_SHIPYARD
66
1
10
0
20
0
30
0
39
11
70
1
0
VERTEX
8
BUILDINGS_SHIPYARD
10
-526.752
20
18.61
30
0
0
VERTEX
8
BUILDINGS_SHIPYARD
10
-538.585
20
-23.769
30
0
0
VERTEX
8
BUILDINGS_SHIPYARD
10
-521.248
20
-28.61
30
0
0
VERTEX
8
BUILDINGS_SHIPYARD
10
-509.415
20
13.769
30
0
0
SEQEND
8
BUILDINGS_SHIPYARD
0
TEXT
8
LABELS
10
-524
20
-5
30
0
40
3
1
\U+0421\U+043A\U+043B\U+0430\U+0434 \U+0434\U+043E\U+0441\U+0442\U+0440\U+043E\U+0435\U+0447\U+043D\U+043E\U+0439 \U+043D\U+0430\U+0431\U+0435\U+0440\U+0435\U+0436\U+043D\U+043E\U+0439
0
POLYLINE
8
BUILDINGS_SHIPYARD
66
1
10
0
20
0
30
0
39
3
70
1
0
VERTEX
8
BUILDINGS_SHIPYARD
10
-95.019
20
181.256
30
0
0
VERTEX
8
BUILDINGS_SHIPYARD
10
-96.819
20
185.921
30
0
0
VERTEX
8
BUILDINGS_SHIPYARD
10
-100.551
20
184.481
30
0
0
VERTEX
8
BUILDINGS_SHIPYARD
10
-98.751
20
179.816
30
0
0
SEQEND
8
BUILDINGS_SHIPYARD
0
TEXT
8
LABELS
10
-97.785
20
182.869
30
0
40
3
1
\U+041A\U+041F\U+041F-2 (\U+0430\U+0432\U+0442\U+043E\U+0442\U+0440\U+0430\U+043D\U+0441\U+043F\U+043E\U+0440\U+0442)
0
POLYLINE
8
BUILDINGS_SHIPYARD
66
1
10
0
20
0
30
0
39
24
70
1
0
VERTEX
8
BUILDINGS_SHIPYARD
10
-356.156
20
473.707
30
0
0
VERTEX
8
BUILDINGS_SHIPYARD
10
-256.4
20
466.731
30
0
0
VERTEX
8
BUILDINGS_SHIPYARD
10
-243.844
20
646.293
30
0
0
VERTEX
8
BUILDINGS_SHIPYARD
10
-343.6
20
653.269
30
0
0
SEQEND
8
BUILDINGS_SHIPYARD
0
TEXT
8
LABELS
10
-300
20
560
30
0
40
3
1
\U+041A\U+043E\U+0440\U+043F\U+0443\U+0441\U+043E\U+043E\U+0431\U+0440\U+0430\U+0431\U+0430\U+0442\U+044B\U+0432\U+0430\U+044E\U+0449\U+0438\U+0439 \U+0446\U+0435\U+0445
0
POLYLINE
8
BUILDINGS_SHIPYARD
66
1
10
0
20
0
30
0
39
30
70
1
0
VERTEX
8
BUILDINGS_SHIPYARD
10
-354.761
20
753.658
30
0
0
VERTEX
8
BUILDINGS_SHIPYARD
10
-255.005
20
746.683
30
0
0
VERTEX
8
BUILDINGS_SHIPYARD
10
-245.239
20
886.342
30
0
0
VERTEX
8
BUILDINGS_SHIPYARD
10
-344.995
20
893.317
30
0
0
SEQEND
8
BUILDINGS_SHIPYARD
0
TEXT
8
LABELS
10
-300
20
820
30
0
40
3
1
\U+0421\U+0431\U+043E\U+0440\U+043E\U+0447\U+043D\U+043E-\U+0441\U+0432\U+0430\U+0440\U+043E\U+0447\U+043D\U+044B\U+0439 \U+0446\U+0435\U+0445
0
POLYLINE
8
BUILDINGS_SHIPYARD
66
1
10
0
20
0
30
0
39
21
70
1
0
VERTEX
8
BUILDINGS_SHIPYARD
10
-125
20
815
30
0
0
VERTEX
8
BUILDINGS_SHIPYARD
10
-65
20
815
30
0
0
VERTEX
8
BUILDINGS_SHIPYARD
10
-65
20
865
30
0
0
VERTEX
8
BUILDINGS_SHIPYARD
10
-125
20
865
30
0
0
SEQEND
8
BUILDINGS_SHIPYARD
0
TEXT
8
LABELS
10
-95
20
840
30
0
40
3
1
\U+041E\U+043A\U+0440\U+0430\U+0441\U+043E\U+0447\U+043D\U+044B\U+0439 \U+0446\U+0435\U+0445
0
POLYLINE
8
BUILDINGS_SHIPYARD
66
1
10
0
20
0
30
0
39
18
70
1
0
VERTEX
8
BUILDINGS_SHIPYARD
10
-130
20
938
30
0
0
VERTEX
8
BUILDINGS_SHIPYARD
10
-60
20
938
30
0
0
VERTEX
8
BUILDINGS_SHIPYARD
10
-60
20
982
30
0
0
VERTEX
8
BUILDINGS_SHIPYARD
10
-130
20
982
30
0
0
SEQEND
8
BUILDINGS_SHIPYARD
0
TEXT
8
LABELS
10
-95
20
960
30
0
40
3
1
\U+041C\U+0435\U+0445\U+0430\U+043D\U+043E\U+043C\U+043E\U+043D\U+0442\U+0430\U+0436\U+043D\U+044B\U+0439 \U+0446\U+0435\U+0445
0
POLYLINE
8
BUILDINGS_SHIPYARD
66
1
10
0
20
0
30
0
39
12
70
1
0
VERTEX
8
BUILDINGS_SHIPYARD
10
-340.949
20
987.827
30
0
0
VERTEX
8
BUILDINGS_SHIPYARD
10
-261.144
20
982.246
30
0
0
VERTEX
8
BUILDINGS_SHIPYARD
10
-259.051
20
1012.173
30
0
0
VERTEX
8
BUILDINGS_SHIPYARD
10
-338.856
20
1017.754
30
0
0
SEQEND
8
BUILDINGS_SHIPYARD
0
TEXT
8
LABELS
10
-300
20
1000
30
0
40
3
1
\U+0421\U+043A\U+043B\U+0430\U+0434 \U+043C\U+0430\U+0442\U+0435\U+0440\U+0438\U+0430\U+043B\U+044C\U+043D\U+043E-\U+0442\U+0435\U+0445\U+043D\U+0438\U+0447\U+0435\U+0441\U+043A\U+043E\U+0433\U+043E \U+0441\U+043D\U+0430\U+0431\U+0436\U+0435\U+043D\U+0438\U+044F
0
POLYLINE
8
BUILDINGS_SHIPYARD
66
1
10
0
20
0
30
0
39
9
70
1
0
VERTEX
8
BUILDINGS_SHIPYARD
10
-75
20
1052
30
0
0
VERTEX
8
BUILDINGS_SHIPYARD
10
-45
20
1052
30
0
0
VERTEX
8
BUILDINGS_SHIPYARD
10
-45
20
1072
30
0
0
VERTEX
8
BUILDINGS_SHIPYARD
10
-75
20
1072
30
0
0
SEQEND
8
BUILDINGS_SHIPYARD
0
TEXT
8
LABELS
10
-60
20
1062
30
0
40
3
1
\U+041A\U+043E\U+043C\U+043F\U+0440\U+0435\U+0441\U+0441\U+043E\U+0440\U+043D\U+0430\U+044F \U+0441\U+0442\U+0430\U+043D\U+0446\U+0438\U+044F
0
POLYLINE
8
BUILDINGS_SHIPYARD
66
1
10
0
20
0
30
0
39
15
70
1
0
VERTEX
8
BUILDINGS_SHIPYARD
10
-165
20
744
30
0
0
VERTEX
8
BUILDINGS_SHIPYARD
10
-95
20
744
30
0
0
VERTEX
8
BUILDINGS_SHIPYARD
10
-95
20
760
30
0
0
VERTEX
8
BUILDINGS_SHIPYARD
10
-165
20
760
30
0
0
SEQEND
8
BUILDINGS_SHIPYARD
0
TEXT
8
LABELS
10
-130
20
752
30
0
40
3
1
\U+0410\U+0434\U+043C\U+0438\U+043D\U+0438\U+0441\U+0442\U+0440\U+0430\U+0442\U+0438\U+0432\U+043D\U+043E-\U+0431\U+044B\U+0442\U+043E\U+0432\U+043E\U+0439 \U+043A\U+043E\U+0440\U+043F\U+0443\U+0441
0
POLYLINE
8
BUILDINGS_SHIPYARD
66
1
10
0
20
0
30
0
39
3.5
70
1
0
VERTEX
8
BUILDINGS_SHIPYARD
10
-201
20
726
30
0
0
VERTEX
8
BUILDINGS_SHIPYARD
10
-189
20
726
30
0
0
VERTEX
8
BUILDINGS_SHIPYARD
10
-189
20
734
30
0
0
VERTEX
8
BUILDINGS_SHIPYARD
10
-201
20
734
30
0
0
SEQEND
8
BUILDINGS_SHIPYARD
0
TEXT
8
LABELS
10
-195
20
730
30
0
40
3
1
\U+041F\U+0440\U+043E\U+0445\U+043E\U+0434\U+043D\U+0430\U+044F \U+041C\U+0430\U+0442\U+0438\U+0441\U+043E\U+0432\U+0430 \U+043E\U+0441\U+0442\U+0440\U+043E\U+0432\U+0430
0
POLYLINE
8
BUILDINGS_SHIPYARD
66
1
10
0
20
0
30
0
39
5
70
1
0
VERTEX
8
BUILDINGS_SHIPYARD
10
-217
20
935
30
0
0
VERTEX
8
BUILDINGS_SHIPYARD
10
-203
20
935
30
0
0
VERTEX
8
BUILDINGS_SHIPYARD
10
-203
20
945
30
0
0
VERTEX
8
BUILDINGS_SHIPYARD
10
-217
20
945
30
0
0
SEQEND
8
BUILDINGS_SHIPYARD
0
TEXT
8
LABELS
10
-210
20
940
30
0
40
3
1
\U+0422\U+0440\U+0430\U+043D\U+0441\U+0444\U+043E\U+0440\U+043C\U+0430\U+0442\U+043E\U+0440\U+043D\U+0430\U+044F \U+043F\U+043E\U+0434\U+0441\U+0442\U+0430\U+043D\U+0446\U+0438\U+044F
0
POLYLINE
8
BUILDINGS_SHIPYARD
66
1
10
0
20
0
30
0
39
32
70
1
0
VERTEX
8
BUILDINGS_SHIPYARD
10
131.088
20
1563.915
30
0
0
VERTEX
8
BUILDINGS_SHIPYARD
10
102.533
20
1549.471
30
0
0
VERTEX
8
BUILDINGS_SHIPYARD
10
163.918
20
1428.113
30
0
0
VERTEX
8
BUILDINGS_SHIPYARD
10
192.473
20
1442.556
30
0
0
SEQEND
8
BUILDINGS_SHIPYARD
0
TEXT
8
LABELS
10
147.503
20
1496.014
30
0
40
3
1
\U+0411\U+043E\U+043B\U+044C\U+0448\U+043E\U+0439 \U+043A\U+0430\U+043C\U+0435\U+043D\U+043D\U+044B\U+0439 \U+044D\U+043B\U+043B\U+0438\U+043D\U+0433
0
POLYLINE
8
BUILDINGS_SHIPYARD
66
1
10
0
20
0
30
0
39
25
70
1
0
VERTEX
8
BUILDINGS_SHIPYARD
10
208.365
20
1603.003
30
0
0
VERTEX
8
BUILDINGS_SHIPYARD
10
185.164
20
1591.267
30
0
0
VERTEX
8
BUILDINGS_SHIPYARD
10
230.3
20
1502.033
30
0
0
VERTEX
8
BUILDINGS_SHIPYARD
10
253.5
20
1513.768
30
0
0
SEQEND
8
BUILDINGS_SHIPYARD
0
TEXT
8
LABELS
10
219.332
20
1552.518
30
0
40
3
1
\U+041C\U+0430\U+043B\U+044B\U+0439 \U+043A\U+0430\U+043C\U+0435\U+043D\U+043D\U+044B\U+0439 \U+044D\U+043B\U+043B\U+0438\U+043D\U+0433 (\U+044D\U+043B\U+043B\U+0438\U+043D\U+0433 \U+2116 1)
0
POLYLINE
8
BUILDINGS_SHIPYARD
66
1
10
0
20
0
30
0
39
36
70
1
0
VERTEX
8
BUILDINGS_SHIPYARD
10
36.717
20
1507.849
30
0
0
VERTEX
8
BUILDINGS_SHIPYARD
10
-58.643
20
1453.017
30
0
0
VERTEX
8
BUILDINGS_SHIPYARD
10
4.164
20
1343.787
30
0
0
VERTEX
8
BUILDINGS_SHIPYARD
10
99.524
20
1398.618
30
0
0
SEQEND
8
BUILDINGS_SHIPYARD
0
TEXT
8
LABELS
10
20.441
20
1425.818
30
0
40
3
1
\U+041A\U+0440\U+044B\U+0442\U+044B\U+0439 \U+044D\U+043B\U+043B\U+0438\U+043D\U+0433 (\U+0431\U+044B\U+0432\U+0448. \U+0437\U+0430\U+0432\U+043E\U+0434 \U+00AB\U+0421\U+0443\U+0434\U+043E\U+043C\U+0435\U+0445\U+00BB)
0
POLYLINE
8
BUILDINGS_SHIPYARD
66
1
10
0
20
0
30
0
39
18
70
1
0
VERTEX
8
BUILDINGS_SHIPYARD
10
-81.377
20
1443.405
30
0
0
VERTEX
8
BUILDINGS_SHIPYARD
10
-93.514
20
1436.426
30
0
0
VERTEX
8
BUILDINGS_SHIPYARD
10
-41.673
20
1346.268
30
0
0
VERTEX
8
BUILDINGS_SHIPYARD
10
-29.536
20
1353.247
30
0
0
SEQEND
8
BUILDINGS_SHIPYARD
0
TEXT
8
LABELS
10
-61.525
20
1394.837
30
0
40
3
1
\U+041A\U+0440\U+044B\U+0442\U+044B\U+0439 \U+044D\U+043B\U+043B\U+0438\U+043D\U+0433 100\U+00D710 \U+043C (\U+2116 1)
0
POLYLINE
8
BUILDINGS_SHIPYARD
66
1
10
0
20
0
30
0
39
18
70
1
0
VERTEX
8
BUILDINGS_SHIPYARD
10
-111.772
20
1426.811
30
0
0
VERTEX
8
BUILDINGS_SHIPYARD
10
-124.149
20
1420.269
30
0
0
VERTEX
8
BUILDINGS_SHIPYARD
10
-75.549
20
1328.323
30
0
0
VERTEX
8
BUILDINGS_SHIPYARD
10
-63.172
20
1334.865
30
0
0
SEQEND
8
BUILDINGS_SHIPYARD
0
TEXT
8
LABELS
10
-93.66
20
1377.567
30
0
40
3
1
\U+041A\U+0440\U+044B\U+0442\U+044B\U+0439 \U+044D\U+043B\U+043B\U+0438\U+043D\U+0433 100\U+00D710 \U+043C (\U+2116 2)
0
POLYLINE
8
BUILDINGS_SHIPYARD
66
1
10
0
20
0
30
0
39
12
70
1
0
VERTEX
8
BUILDINGS_SHIPYARD
10
249
20
1596
30
0
0
VERTEX
8
BUILDINGS_SHIPYARD
10
263
20
1596
30
0
0
VERTEX
8
BUILDINGS_SHIPYARD
10
263
20
1628
30
0
0
VERTEX
8
BUILDINGS_SHIPYARD
10
249
20
1628
30
0
0
SEQEND
8
BUILDINGS_SHIPYARD
0
TEXT
8
LABELS
10
256
20
1612
30
0
40
3
1
\U+041A\U+0430\U+0440\U+0430\U+0443\U+043B\U+044C\U+043D\U+044B\U+0439 \U+0434\U+043E\U+043C (\U+0421\U+0435\U+0432\U+0435\U+0440\U+043D\U+0430\U+044F \U+043F\U+0440\U+043E\U+0445\U+043E\U+0434\U+043D\U+0430\U+044F)
0
POLYLINE
8
BUILDINGS_SHIPYARD
66
1
10
0
20
0
30
0
39
14.5
70
1
0
VERTEX
8
BUILDINGS_SHIPYARD
10
63.446
20
1303.821
30
0
0
VERTEX
8
BUILDINGS_SHIPYARD
10
134.726
20
1340.141
30
0
0
VERTEX
8
BUILDINGS_SHIPYARD
10
126.554
20
1356.179
30
0
0
VERTEX
8
BUILDINGS_SHIPYARD
10
55.274
20
1319.859
30
0
0
SEQEND
8
BUILDINGS_SHIPYARD
0
TEXT
8
LABELS
10
95
20
1330
30
0
40
3
1
\U+041C\U+0430\U+0441\U+0442\U+0435\U+0440\U+0441\U+043A\U+0438\U+0435 \U+041D\U+043E\U+0432\U+043E\U+0433\U+043E \U+0410\U+0434\U+043C\U+0438\U+0440\U+0430\U+043B\U+0442\U+0435\U+0439\U+0441\U+0442\U+0432\U+0430
0
POLYLINE
8
BUILDINGS_SHIPYARD
66
1
10
0
20
0
30
0
39
18
70
1
0
VERTEX
8
BUILDINGS_SHIPYARD
10
120.545
20
1254.471
30
0
0
VERTEX
8
BUILDINGS_SHIPYARD
10
185.448
20
1280.694
30
0
0
VERTEX
8
BUILDINGS_SHIPYARD
10
179.455
20
1295.529
30
0
0
VERTEX
8
BUILDINGS_SHIPYARD
10
114.552
20
1269.306
30
0
0
SEQEND
8
BUILDINGS_SHIPYARD
0
TEXT
8
LABELS
10
150
20
1275
30
0
40
3
1
\U+0418\U+043D\U+0436\U+0435\U+043D\U+0435\U+0440\U+043D\U+044B\U+0439 \U+043A\U+043E\U+0440\U+043F\U+0443\U+0441 \U+041D\U+043E\U+0432\U+043E\U+0433\U+043E \U+0410\U+0434\U+043C\U+0438\U+0440\U+0430\U+043B\U+0442\U+0435\U+0439\U+0441\U+0442\U+0432\U+0430
0
POLYLINE
8
BUILDINGS_SHIPYARD
66
1
10
0
20
0
30
0
39
12
70
1
0
VERTEX
8
BUILDINGS_SHIPYARD
10
-313.861
20
1260.324
30
0
0
VERTEX
8
BUILDINGS_SHIPYARD
10
-252.055
20
1293.187
30
0
0
VERTEX
8
BUILDINGS_SHIPYARD
10
-266.139
20
1319.676
30
0
0
VERTEX
8
BUILDINGS_SHIPYARD
10
-327.945
20
1286.813
30
0
0
SEQEND
8
BUILDINGS_SHIPYARD
0
TEXT
8
LABELS
10
-290
20
1290
30
0
40
3
1
\U+0421\U+043A\U+043B\U+0430\U+0434
0
POLYLINE
8
BUILDINGS_SHIPYARD
66
1
10
0
20
0
30
0
39
15
70
1
0
VERTEX
8
BUILDINGS_SHIPYARD
10
-200.855
20
1275.32
30
0
0
VERTEX
8
BUILDINGS_SHIPYARD
10
-147.878
20
1303.489
30
0
0
VERTEX
8
BUILDINGS_SHIPYARD
10
-159.145
20
1324.68
30
0
0
VERTEX
8
BUILDINGS_SHIPYARD
10
-212.122
20
1296.511
30
0
0
SEQEND
8
BUILDINGS_SHIPYARD
0
TEXT
8
LABELS
10
-180
20
1300
30
0
40
3
1
\U+0426\U+0435\U+0445 \U+0434\U+043E\U+0441\U+0442\U+0440\U+043E\U+0439\U+043A\U+0438
0
POLYLINE
8
BUILDINGS_SHIPYARD
66
1
10
0
20
0
30
0
39
10
70
1
0
VERTEX
8
BUILDINGS_SHIPYARD
10
-68.549
20
1246.128
30
0
0
VERTEX
8
BUILDINGS_SHIPYARD
10
-42.061
20
1260.213
30
0
0
VERTEX
8
BUILDINGS_SHIPYARD
10
-51.451
20
1277.872
30
0
0
VERTEX
8
BUILDINGS_SHIPYARD
10
-77.939
20
1263.787
30
0
0
SEQEND
8
BUILDINGS_SHIPYARD
0
TEXT
8
LABELS
10
-60
20
1262
30
0
40
3
1
\U+041A\U+043E\U+0442\U+0435\U+043B\U+044C\U+043D\U+0430\U+044F \U+041D\U+043E\U+0432\U+043E\U+0433\U+043E \U+0410\U+0434\U+043C\U+0438\U+0440\U+0430\U+043B\U+0442\U+0435\U+0439\U+0441\U+0442\U+0432\U+0430
0
POLYLINE
8
BUILDINGS_SHIPYARD
66
1
10
0
20
0
30
0
39
12
70
1
0
VERTEX
8
BUILDINGS_SHIPYARD
10
14.832
20
1275.203
30
0
0
VERTEX
8
BUILDINGS_SHIPYARD
10
51.084
20
1292.108
30
0
0
VERTEX
8
BUILDINGS_SHIPYARD
10
45.168
20
1304.797
30
0
0
VERTEX
8
BUILDINGS_SHIPYARD
10
8.916
20
1287.892
30
0
0
SEQEND
8
BUILDINGS_SHIPYARD
0
TEXT
8
LABELS
10
30
20
1290
30
0
40
3
1
\U+041B\U+0430\U+0431\U+043E\U+0440\U+0430\U+0442\U+043E\U+0440\U+043D\U+044B\U+0439 \U+043A\U+043E\U+0440\U+043F\U+0443\U+0441
0
POLYLINE
8
BUILDINGS_CONTEXT
66
1
10
0
20
0
30
0
39
19
70
1
0
VERTEX
8
BUILDINGS_CONTEXT
10
-18
20
54
30
0
0
VERTEX
8
BUILDINGS_CONTEXT
10
34
20
54
30
0
0
VERTEX
8
BUILDINGS_CONTEXT
10
34
20
70
30
0
0
VERTEX
8
BUILDINGS_CONTEXT
10
-18
20
70
30
0
0
SEQEND
8
BUILDINGS_CONTEXT
0
TEXT
8
LABELS
10
8
20
62
30
0
40
2
1
\U+041C\U+0435\U+0434\U+0438\U+0446\U+0438\U+043D\U+0441\U+043A\U+0438\U+0439 \U+0446\U+0435\U+043D\U+0442\U+0440 \U+00AB\U+0410\U+0434\U+043C\U+0438\U+0440\U+0430\U+043B\U+0442\U+0435\U+0439\U+0441\U+043A\U+0438\U+0435 \U+0432\U+0435\U+0440\U+0444\U+0438\U+00BB
0
POLYLINE
8
BUILDINGS_CONTEXT
66
1
10
0
20
0
30
0
39
23.5
70
1
0
VERTEX
8
BUILDINGS_CONTEXT
10
26.019
20
676.522
30
0
0
VERTEX
8
BUILDINGS_CONTEXT
10
66.392
20
688.098
30
0
0
VERTEX
8
BUILDINGS_CONTEXT
10
61.981
20
703.478
30
0
0
VERTEX
8
BUILDINGS_CONTEXT
10
21.608
20
691.902
30
0
0
SEQEND
8
BUILDINGS_CONTEXT
0
TEXT
8
LABELS
10
44
20
690
30
0
40
2
1
\U+041C\U+0443\U+0437\U+0435\U+0439-\U+043A\U+0432\U+0430\U+0440\U+0442\U+0438\U+0440\U+0430 \U+0410. \U+0410. \U+0411\U+043B\U+043E\U+043A\U+0430
0
POLYLINE
8
BUILDINGS_CONTEXT
66
1
10
0
20
0
30
0
39
18.5
70
1
0
VERTEX
8
BUILDINGS_CONTEXT
10
23.297
20
1134.145
30
0
0
VERTEX
8
BUILDINGS_CONTEXT
10
80.03
20
1146.204
30
0
0
VERTEX
8
BUILDINGS_CONTEXT
10
76.703
20
1161.855
30
0
0
VERTEX
8
BUILDINGS_CONTEXT
10
19.97
20
1149.796
30
0
0
SEQEND
8
BUILDINGS_CONTEXT
0
TEXT
8
LABELS
10
50
20
1148
30
0
40
2
1
\U+0411\U+043E\U+043B\U+044C\U+043D\U+0438\U+0446\U+0430 \U+0421\U+0432\U+044F\U+0442\U+043E\U+0433\U+043E \U+041D\U+0438\U+043A\U+043E\U+043B\U+0430\U+044F \U+0427\U+0443\U+0434\U+043E\U+0442\U+0432\U+043E\U+0440\U+0446\U+0430
0
POLYLINE
8
BUILDINGS_CONTEXT
66
1
10
0
20
0
30
0
39
18.5
70
1
0
VERTEX
8
BUILDINGS_CONTEXT
10
23.401
20
1044.745
30
0
0
VERTEX
8
BUILDINGS_CONTEXT
10
39.391
20
1045.304
30
0
0
VERTEX
8
BUILDINGS_CONTEXT
10
36.599
20
1125.255
30
0
0
VERTEX
8
BUILDINGS_CONTEXT
10
20.609
20
1124.696
30
0
0
SEQEND
8
BUILDINGS_CONTEXT
0
TEXT
8
LABELS
10
30
20
1085
30
0
40
2
1
\U+0411\U+043E\U+043B\U+044C\U+043D\U+0438\U+0446\U+0430 \U+0421\U+0432\U+044F\U+0442\U+043E\U+0433\U+043E \U+041D\U+0438\U+043A\U+043E\U+043B\U+0430\U+044F \U+0427\U+0443\U+0434\U+043E\U+0442\U+0432\U+043E\U+0440\U+0446\U+0430 (\U+043A\U+043E\U+0440\U+043F\U+0443\U+0441)
0
POLYLINE
8
BUILDINGS_CONTEXT
66
1
10
0
20
0
30
0
39
18.5
70
1
0
VERTEX
8
BUILDINGS_CONTEXT
10
61.226
20
1054.742
30
0
0
VERTEX
8
BUILDINGS_CONTEXT
10
77.217
20
1055.301
30
0
0
VERTEX
8
BUILDINGS_CONTEXT
10
74.774
20
1125.258
30
0
0
VERTEX
8
BUILDINGS_CONTEXT
10
58.783
20
1124.699
30
0
0
SEQEND
8
BUILDINGS_CONTEXT
0
TEXT
8
LABELS
10
68
20
1090
30
0
40
2
1
\U+0411\U+043E\U+043B\U+044C\U+043D\U+0438\U+0446\U+0430 \U+0421\U+0432\U+044F\U+0442\U+043E\U+0433\U+043E \U+041D\U+0438\U+043A\U+043E\U+043B\U+0430\U+044F \U+0427\U+0443\U+0434\U+043E\U+0442\U+0432\U+043E\U+0440\U+0446\U+0430 (\U+043A\U+043E\U+0440\U+043F\U+0443\U+0441)
0
POLYLINE
8
BUILDINGS_CONTEXT
66
1
10
0
20
0
30
0
39
24
70
1
0
VERTEX
8
BUILDINGS_CONTEXT
10
410.244
20
1321.082
30
0
0
VERTEX
8
BUILDINGS_CONTEXT
10
630.21
20
1324.922
30
0
0
VERTEX
8
BUILDINGS_CONTEXT
10
629.756
20
1350.918
30
0
0
VERTEX
8
BUILDINGS_CONTEXT
10
409.79
20
1347.078
30
0
0
SEQEND
8
BUILDINGS_CONTEXT
0
TEXT
8
LABELS
10
520
20
1336
30
0
40
2
1
\U+041D\U+043E\U+0432\U+0430\U+044F \U+0413\U+043E\U+043B\U+043B\U+0430\U+043D\U+0434\U+0438\U+044F \U+2014 \U+043A\U+043E\U+0440\U+043F\U+0443\U+0441 \U+00AB\U+0411\U+0443\U+0442\U+044B\U+043B\U+043A\U+0430\U+00BB \U+0438 \U+0441\U+043A\U+043B\U+0430\U+0434\U+044B \U+0432\U+0434\U+043E\U+043B\U+044C \U+041C\U+043E\U+0439\U+043A\U+0438
0
POLYLINE
8
BUILDINGS_CONTEXT
66
1
10
0
20
0
30
0
39
24
70
1
0
VERTEX
8
BUILDINGS_CONTEXT
10
343.23
20
1322.618
30
0
0
VERTEX
8
BUILDINGS_CONTEXT
10
387.224
20
1323.386
30
0
0
VERTEX
8
BUILDINGS_CONTEXT
10
386.77
20
1349.382
30
0
0
VERTEX
8
BUILDINGS_CONTEXT
10
342.776
20
1348.614
30
0
0
SEQEND
8
BUILDINGS_CONTEXT
0
TEXT
8
LABELS
10
365
20
1336
30
0
40
2
1
\U+041D\U+043E\U+0432\U+0430\U+044F \U+0413\U+043E\U+043B\U+043B\U+0430\U+043D\U+0434\U+0438\U+044F \U+2014 \U+0441\U+043A\U+043B\U+0430\U+0434 \U+0443 \U+0430\U+0440\U+043A\U+0438
0
POLYLINE
8
BUILDINGS_CONTEXT
66
1
10
0
20
0
30
0
39
24
70
1
0
VERTEX
8
BUILDINGS_CONTEXT
10
320.545
20
1461.773
30
0
0
VERTEX
8
BUILDINGS_CONTEXT
10
620.362
20
1472.243
30
0
0
VERTEX
8
BUILDINGS_CONTEXT
10
619.455
20
1498.227
30
0
0
VERTEX
8
BUILDINGS_CONTEXT
10
319.638
20
1487.757
30
0
0
SEQEND
8
BUILDINGS_CONTEXT
0
TEXT
8
LABELS
10
470
20
1480
30
0
40
2
1
\U+041D\U+043E\U+0432\U+0430\U+044F \U+0413\U+043E\U+043B\U+043B\U+0430\U+043D\U+0434\U+0438\U+044F \U+2014 \U+0441\U+043A\U+043B\U+0430\U+0434\U+044B \U+0432\U+0434\U+043E\U+043B\U+044C \U+0410\U+0434\U+043C\U+0438\U+0440\U+0430\U+043B\U+0442\U+0435\U+0439\U+0441\U+043A\U+043E\U+0433\U+043E \U+043A\U+0430\U+043D\U+0430\U+043B\U+0430
0
POLYLINE
8
BUILDINGS_CONTEXT
66
1
10
0
20
0
30
0
39
24
70
1
0
VERTEX
8
BUILDINGS_CONTEXT
10
306
20
1358
30
0
0
VERTEX
8
BUILDINGS_CONTEXT
10
330
20
1358
30
0
0
VERTEX
8
BUILDINGS_CONTEXT
10
330
20
1458
30
0
0
VERTEX
8
BUILDINGS_CONTEXT
10
306
20
1458
30
0
0
SEQEND
8
BUILDINGS_CONTEXT
0
TEXT
8
LABELS
10
318
20
1408
30
0
40
2
1
\U+041D\U+043E\U+0432\U+0430\U+044F \U+0413\U+043E\U+043B\U+043B\U+0430\U+043D\U+0434\U+0438\U+044F \U+2014 \U+0441\U+043A\U+043B\U+0430\U+0434\U+044B \U+0432\U+0434\U+043E\U+043B\U+044C \U+041D\U+043E\U+0432\U+043E-\U+0410\U+0434\U+043C\U+0438\U+0440\U+0430\U+043B\U+0442\U+0435\U+0439\U+0441\U+043A\U+043E\U+0433\U+043E \U+043A\U+0430\U+043D\U+0430\U+043B\U+0430
0
POLYLINE
8
BUILDINGS_CONTEXT
66
1
10
0
20
0
30
0
39
24
70
1
0
VERTEX
8
BUILDINGS_CONTEXT
10
-738.422
20
1443.336
30
0
0
VERTEX
8
BUILDINGS_CONTEXT
10
-641.524
20
1495.401
30
0
0
VERTEX
8
BUILDINGS_CONTEXT
10
-658.563
20
1527.113
30
0
0
VERTEX
8
BUILDINGS_CONTEXT
10
-755.461
20
1475.048
30
0
0
SEQEND
8
BUILDINGS_CONTEXT
0
TEXT
8
LABELS
10
-698.492
20
1485.225
30
0
40
2
1
\U+0421\U+0430\U+043D\U+043A\U+0442-\U+041F\U+0435\U+0442\U+0435\U+0440\U+0431\U+0443\U+0440\U+0433\U+0441\U+043A\U+0438\U+0439 \U+0433\U+043E\U+0440\U+043D\U+044B\U+0439 \U+0443\U+043D\U+0438\U+0432\U+0435\U+0440\U+0441\U+0438\U+0442\U+0435\U+0442
0
POLYLINE
8
BUILDINGS_CONTEXT
66
1
10
0
20
0
30
0
39
33
70
1
0
VERTEX
8
BUILDINGS_CONTEXT
10
-1041.192
20
612.015
30
0
0
VERTEX
8
BUILDINGS_CONTEXT
10
-1019.255
20
790.673
30
0
0
VERTEX
8
BUILDINGS_CONTEXT
10
-1078.808
20
797.985
30
0
0
VERTEX
8
BUILDINGS_CONTEXT
10
-1100.745
20
619.327
30
0
0
SEQEND
8
BUILDINGS_CONTEXT
0
TEXT
8
LABELS
10
-1060
20
705
30
0
40
2
1
\U+0411\U+0430\U+043B\U+0442\U+0438\U+0439\U+0441\U+043A\U+0438\U+0439 \U+0437\U+0430\U+0432\U+043E\U+0434 \U+2014 \U+044D\U+043B\U+043B\U+0438\U+043D\U+0433
0
POLYLINE
8
BUILDINGS_CONTEXT
66
1
10
0
20
0
30
0
39
24
70
1
0
VERTEX
8
BUILDINGS_CONTEXT
10
-1081.488
20
323.034
30
0
0
VERTEX
8
BUILDINGS_CONTEXT
10
-1064.764
20
482.158
30
0
0
VERTEX
8
BUILDINGS_CONTEXT
10
-1110.512
20
486.966
30
0
0
VERTEX
8
BUILDINGS_CONTEXT
10
-1127.236
20
327.842
30
0
0
SEQEND
8
BUILDINGS_CONTEXT
0
TEXT
8
LABELS
10
-1096
20
405
30
0
40
2
1
\U+0411\U+0430\U+043B\U+0442\U+0438\U+0439\U+0441\U+043A\U+0438\U+0439 \U+0437\U+0430\U+0432\U+043E\U+0434 \U+2014 \U+0446\U+0435\U+0445
0
POLYLINE
8
BUILDINGS_CONTEXT
66
1
10
0
20
0
30
0
39
26
70
1
0
VERTEX
8
BUILDINGS_CONTEXT
10
-1007.029
20
1065.068
30
0
0
VERTEX
8
BUILDINGS_CONTEXT
10
-965.986
20
1177.831
30
0
0
VERTEX
8
BUILDINGS_CONTEXT
10
-1012.971
20
1194.932
30
0
0
VERTEX
8
BUILDINGS_CONTEXT
10
-1054.014
20
1082.169
30
0
0
SEQEND
8
BUILDINGS_CONTEXT
0
TEXT
8
LABELS
10
-1010
20
1130
30
0
40
2
1
\U+0411\U+0430\U+043B\U+0442\U+0438\U+0439\U+0441\U+043A\U+0438\U+0439 \U+0437\U+0430\U+0432\U+043E\U+0434 \U+2014 \U+0446\U+0435\U+0445
0
POLYLINE
8
BUILDINGS_CONTEXT
66
1
10
0
20
0
30
0
39
21
70
1
0
VERTEX
8
BUILDINGS_CONTEXT
10
-907.678
20
1279.038
30
0
0
VERTEX
8
BUILDINGS_CONTEXT
10
-844.038
20
1342.678
30
0
0
VERTEX
8
BUILDINGS_CONTEXT
10
-872.322
20
1370.962
30
0
0
VERTEX
8
BUILDINGS_CONTEXT
10
-935.962
20
1307.322
30
0
0
SEQEND
8
BUILDINGS_CONTEXT
0
TEXT
8
LABELS
10
-890
20
1325
30
0
40
2
1
\U+0411\U+0430\U+043B\U+0442\U+0438\U+0439\U+0441\U+043A\U+0438\U+0439 \U+0437\U+0430\U+0432\U+043E\U+0434 \U+2014 \U+0446\U+0435\U+0445
0
POLYLINE
8
BUILDINGS_CONTEXT
66
1
10
0
20
0
30
0
39
20
70
1
0
VERTEX
8
BUILDINGS_CONTEXT
10
-67
20
580
30
0
0
VERTEX
8
BUILDINGS_CONTEXT
10
-53
20
580
30
0
0
VERTEX
8
BUILDINGS_CONTEXT
10
-53
20
660
30
0
0
VERTEX
8
BUILDINGS_CONTEXT
10
-67
20
660
30
0
0
SEQEND
8
BUILDINGS_CONTEXT
0
TEXT
8
LABELS
10
-60
20
620
30
0
40
2
1
\U+0416\U+0438\U+043B\U+043E\U+0439 \U+0434\U+043E\U+043C (\U+041C\U+0430\U+0442\U+0438\U+0441\U+043E\U+0432 \U+043E\U+0441\U+0442\U+0440\U+043E\U+0432)
0
POLYLINE
8
BUILDINGS_CONTEXT
66
1
10
0
20
0
30
0
39
28
70
1
0
VERTEX
8
BUILDINGS_CONTEXT
10
-165
20
632
30
0
0
VERTEX
8
BUILDINGS_CONTEXT
10
-115
20
632
30
0
0
VERTEX
8
BUILDINGS_CONTEXT
10
-115
20
648
30
0
0
VERTEX
8
BUILDINGS_CONTEXT
10
-165
20
648
30
0
0
SEQEND
8
BUILDINGS_CONTEXT
0
TEXT
8
LABELS
10
-140
20
640
30
0
40
2
1
\U+041E\U+0431\U+0449\U+0435\U+0436\U+0438\U+0442\U+0438\U+0435
0
POLYLINE
8
BUILDINGS_CONTEXT
66
1
10
0
20
0
30
0
39
15
70
1
0
VERTEX
8
BUILDINGS_CONTEXT
10
-182.694
20
461.119
30
0
0
VERTEX
8
BUILDINGS_CONTEXT
10
-122.84
20
456.934
30
0
0
VERTEX
8
BUILDINGS_CONTEXT
10
-121.306
20
478.881
30
0
0
VERTEX
8
BUILDINGS_CONTEXT
10
-181.16
20
483.066
30
0
0
SEQEND
8
BUILDINGS_CONTEXT
0
TEXT
8
LABELS
10
-152
20
470
30
0
40
2
1
\U+0422\U+0432\U+043E\U+0440\U+0447\U+0435\U+0441\U+043A\U+0438\U+0435 \U+043C\U+0430\U+0441\U+0442\U+0435\U+0440\U+0441\U+043A\U+0438\U+0435
0
POLYLINE
8
BUILDINGS_CONTEXT
66
1
10
0
20
0
30
0
39
20
70
1
0
VERTEX
8
BUILDINGS_CONTEXT
10
-89.507
20
450.062
30
0
0
VERTEX
8
BUILDINGS_CONTEXT
10
-50.87
20
460.415
30
0
0
VERTEX
8
BUILDINGS_CONTEXT
10
-54.493
20
473.938
30
0
0
VERTEX
8
BUILDINGS_CONTEXT
10
-93.13
20
463.585
30
0
0
SEQEND
8
BUILDINGS_CONTEXT
0
TEXT
8
LABELS
10
-72
20
462
30
0
40
2
1
\U+0416\U+0438\U+043B\U+043E\U+0439 \U+0434\U+043E\U+043C (\U+041C\U+0430\U+0442\U+0438\U+0441\U+043E\U+0432 \U+043E\U+0441\U+0442\U+0440\U+043E\U+0432)
0
POLYLINE
8
BUILDINGS_CONTEXT
66
1
10
0
20
0
30
0
39
18.107
70
1
0
VERTEX
8
BUILDINGS_CONTEXT
10
-63.966
20
158.59
30
0
0
VERTEX
8
BUILDINGS_CONTEXT
10
-50.37
20
123.783
30
0
0
VERTEX
8
BUILDINGS_CONTEXT
10
-35.179
20
129.717
30
0
0
VERTEX
8
BUILDINGS_CONTEXT
10
-48.776
20
164.523
30
0
0
SEQEND
8
BUILDINGS_CONTEXT
0
POLYLINE
8
BUILDINGS_CONTEXT
66
1
10
0
20
0
30
0
39
13.2
70
1
0
VERTEX
8
BUILDINGS_CONTEXT
10
-39.724
20
141.351
30
0
0
VERTEX
8
BUILDINGS_CONTEXT
10
-35.179
20
129.717
30
0
0
VERTEX
8
BUILDINGS_CONTEXT
10
-15.559
20
137.381
30
0
0
VERTEX
8
BUILDINGS_CONTEXT
10
-20.103
20
149.015
30
0
0
SEQEND
8
BUILDINGS_CONTEXT
0
POLYLINE
8
BUILDINGS_CONTEXT
66
1
10
0
20
0
30
0
39
24.612
70
1
0
VERTEX
8
BUILDINGS_CONTEXT
10
-72.645
20
180.807
30
0
0
VERTEX
8
BUILDINGS_CONTEXT
10
-63.966
20
158.59
30
0
0
VERTEX
8
BUILDINGS_CONTEXT
10
-49.846
20
164.105
30
0
0
VERTEX
8
BUILDINGS_CONTEXT
10
-58.525
20
186.323
30
0
0
SEQEND
8
BUILDINGS_CONTEXT
0
POLYLINE
8
BUILDINGS_CONTEXT
66
1
10
0
20
0
30
0
39
23.4
70
1
0
VERTEX
8
BUILDINGS_CONTEXT
10
-58.525
20
186.323
30
0
0
VERTEX
8
BUILDINGS_CONTEXT
10
-54.716
20
176.571
30
0
0
VERTEX
8
BUILDINGS_CONTEXT
10
-36.195
20
183.806
30
0
0
VERTEX
8
BUILDINGS_CONTEXT
10
-40.004
20
193.558
30
0
0
SEQEND
8
BUILDINGS_CONTEXT
0
POLYLINE
8
BUILDINGS_CONTEXT
66
1
10
0
20
0
30
0
39
20.446
70
1
0
VERTEX
8
BUILDINGS_CONTEXT
10
-78.706
20
196.324
30
0
0
VERTEX
8
BUILDINGS_CONTEXT
10
-72.645
20
180.807
30
0
0
VERTEX
8
BUILDINGS_CONTEXT
10
-58.916
20
186.17
30
0
0
VERTEX
8
BUILDINGS_CONTEXT
10
-64.977
20
201.687
30
0
0
SEQEND
8
BUILDINGS_CONTEXT
0
POLYLINE
8
BUILDINGS_CONTEXT
66
1
10
0
20
0
30
0
39
16.6
70
1
0
VERTEX
8
BUILDINGS_CONTEXT
10
-63.05
20
196.752
30
0
0
VERTEX
8
BUILDINGS_CONTEXT
10
-58.916
20
186.17
30
0
0
VERTEX
8
BUILDINGS_CONTEXT
10
-35.328
20
195.384
30
0
0
VERTEX
8
BUILDINGS_CONTEXT
10
-39.461
20
205.967
30
0
0
SEQEND
8
BUILDINGS_CONTEXT
0
POLYLINE
8
BUILDINGS_CONTEXT
66
1
10
0
20
0
30
0
39
20.848
70
1
0
VERTEX
8
BUILDINGS_CONTEXT
10
-102.129
20
256.286
30
0
0
VERTEX
8
BUILDINGS_CONTEXT
10
-91.441
20
228.925
30
0
0
VERTEX
8
BUILDINGS_CONTEXT
10
-75.704
20
235.072
30
0
0
VERTEX
8
BUILDINGS_CONTEXT
10
-86.392
20
262.434
30
0
0
SEQEND
8
BUILDINGS_CONTEXT
0
POLYLINE
8
BUILDINGS_CONTEXT
66
1
10
0
20
0
30
0
39
20.424
70
1
0
VERTEX
8
BUILDINGS_CONTEXT
10
-109.355
20
274.786
30
0
0
VERTEX
8
BUILDINGS_CONTEXT
10
-102.129
20
256.286
30
0
0
VERTEX
8
BUILDINGS_CONTEXT
10
-86.694
20
262.316
30
0
0
VERTEX
8
BUILDINGS_CONTEXT
10
-93.921
20
280.815
30
0
0
SEQEND
8
BUILDINGS_CONTEXT
0
POLYLINE
8
BUILDINGS_CONTEXT
66
1
10
0
20
0
30
0
39
20
70
1
0
VERTEX
8
BUILDINGS_CONTEXT
10
-93.921
20
280.815
30
0
0
VERTEX
8
BUILDINGS_CONTEXT
10
-89.688
20
269.979
30
0
0
VERTEX
8
BUILDINGS_CONTEXT
10
-64.556
20
279.796
30
0
0
VERTEX
8
BUILDINGS_CONTEXT
10
-68.789
20
290.632
30
0
0
SEQEND
8
BUILDINGS_CONTEXT
0
POLYLINE
8
BUILDINGS_CONTEXT
66
1
10
0
20
0
30
0
39
23.974
70
1
0
VERTEX
8
BUILDINGS_CONTEXT
10
-121.147
20
304.971
30
0
0
VERTEX
8
BUILDINGS_CONTEXT
10
-109.355
20
274.786
30
0
0
VERTEX
8
BUILDINGS_CONTEXT
10
-94.665
20
280.525
30
0
0
VERTEX
8
BUILDINGS_CONTEXT
10
-106.456
20
310.71
30
0
0
SEQEND
8
BUILDINGS_CONTEXT
0
POLYLINE
8
BUILDINGS_CONTEXT
66
1
10
0
20
0
30
0
39
24.182
70
1
0
VERTEX
8
BUILDINGS_CONTEXT
10
-130.903
20
329.949
30
0
0
VERTEX
8
BUILDINGS_CONTEXT
10
-121.147
20
304.971
30
0
0
VERTEX
8
BUILDINGS_CONTEXT
10
-106.379
20
310.74
30
0
0
VERTEX
8
BUILDINGS_CONTEXT
10
-116.136
20
335.717
30
0
0
SEQEND
8
BUILDINGS_CONTEXT
0
POLYLINE
8
BUILDINGS_CONTEXT
66
1
10
0
20
0
30
0
39
18.011
70
1
0
VERTEX
8
BUILDINGS_CONTEXT
10
-140.905
20
355.553
30
0
0
VERTEX
8
BUILDINGS_CONTEXT
10
-130.903
20
329.949
30
0
0
VERTEX
8
BUILDINGS_CONTEXT
10
-115.115
20
336.116
30
0
0
VERTEX
8
BUILDINGS_CONTEXT
10
-125.117
20
361.721
30
0
0
SEQEND
8
BUILDINGS_CONTEXT
0
POLYLINE
8
BUILDINGS_CONTEXT
66
1
10
0
20
0
30
0
39
13.2
70
1
0
VERTEX
8
BUILDINGS_CONTEXT
10
-125.117
20
361.721
30
0
0
VERTEX
8
BUILDINGS_CONTEXT
10
-120.959
20
351.076
30
0
0
VERTEX
8
BUILDINGS_CONTEXT
10
-97.982
20
360.051
30
0
0
VERTEX
8
BUILDINGS_CONTEXT
10
-102.14
20
370.696
30
0
0
SEQEND
8
BUILDINGS_CONTEXT
0
POLYLINE
8
BUILDINGS_CONTEXT
66
1
10
0
20
0
30
0
39
23.907
70
1
0
VERTEX
8
BUILDINGS_CONTEXT
10
46.857
20
43.968
30
0
0
VERTEX
8
BUILDINGS_CONTEXT
10
74.548
20
58.088
30
0
0
VERTEX
8
BUILDINGS_CONTEXT
10
67.307
20
72.29
30
0
0
VERTEX
8
BUILDINGS_CONTEXT
10
39.616
20
58.17
30
0
0
SEQEND
8
BUILDINGS_CONTEXT
0
POLYLINE
8
BUILDINGS_CONTEXT
66
1
10
0
20
0
30
0
39
23.4
70
1
0
VERTEX
8
BUILDINGS_CONTEXT
10
58.041
20
67.565
30
0
0
VERTEX
8
BUILDINGS_CONTEXT
10
67.307
20
72.29
30
0
0
VERTEX
8
BUILDINGS_CONTEXT
10
59.614
20
87.375
30
0
0
VERTEX
8
BUILDINGS_CONTEXT
10
50.348
20
82.651
30
0
0
SEQEND
8
BUILDINGS_CONTEXT
0
POLYLINE
8
BUILDINGS_CONTEXT
66
1
10
0
20
0
30
0
39
24.663
70
1
0
VERTEX
8
BUILDINGS_CONTEXT
10
74.548
20
58.088
30
0
0
VERTEX
8
BUILDINGS_CONTEXT
10
99.19
20
70.654
30
0
0
VERTEX
8
BUILDINGS_CONTEXT
10
92.323
20
84.122
30
0
0
VERTEX
8
BUILDINGS_CONTEXT
10
67.681
20
71.556
30
0
0
SEQEND
8
BUILDINGS_CONTEXT
0
POLYLINE
8
BUILDINGS_CONTEXT
66
1
10
0
20
0
30
0
39
23.4
70
1
0
VERTEX
8
BUILDINGS_CONTEXT
10
67.681
20
71.556
30
0
0
VERTEX
8
BUILDINGS_CONTEXT
10
78.656
20
77.153
30
0
0
VERTEX
8
BUILDINGS_CONTEXT
10
63.262
20
107.342
30
0
0
VERTEX
8
BUILDINGS_CONTEXT
10
52.286
20
101.746
30
0
0
SEQEND
8
BUILDINGS_CONTEXT
0
POLYLINE
8
BUILDINGS_CONTEXT
66
1
10
0
20
0
30
0
39
24.446
70
1
0
VERTEX
8
BUILDINGS_CONTEXT
10
99.19
20
70.654
30
0
0
VERTEX
8
BUILDINGS_CONTEXT
10
116.152
20
79.303
30
0
0
VERTEX
8
BUILDINGS_CONTEXT
10
108.861
20
93.602
30
0
0
VERTEX
8
BUILDINGS_CONTEXT
10
91.899
20
84.953
30
0
0
SEQEND
8
BUILDINGS_CONTEXT
0
POLYLINE
8
BUILDINGS_CONTEXT
66
1
10
0
20
0
30
0
39
20
70
1
0
VERTEX
8
BUILDINGS_CONTEXT
10
97.441
20
87.778
30
0
0
VERTEX
8
BUILDINGS_CONTEXT
10
108.861
20
93.602
30
0
0
VERTEX
8
BUILDINGS_CONTEXT
10
96.978
20
116.904
30
0
0
VERTEX
8
BUILDINGS_CONTEXT
10
85.558
20
111.081
30
0
0
SEQEND
8
BUILDINGS_CONTEXT
0
POLYLINE
8
BUILDINGS_CONTEXT
66
1
10
0
20
0
30
0
39
17.795
70
1
0
VERTEX
8
BUILDINGS_CONTEXT
10
116.152
20
79.303
30
0
0
VERTEX
8
BUILDINGS_CONTEXT
10
144.069
20
93.539
30
0
0
VERTEX
8
BUILDINGS_CONTEXT
10
138.13
20
105.186
30
0
0
VERTEX
8
BUILDINGS_CONTEXT
10
110.213
20
90.95
30
0
0
SEQEND
8
BUILDINGS_CONTEXT
0
POLYLINE
8
BUILDINGS_CONTEXT
66
1
10
0
20
0
30
0
39
13.2
70
1
0
VERTEX
8
BUILDINGS_CONTEXT
10
128.526
20
100.288
30
0
0
VERTEX
8
BUILDINGS_CONTEXT
10
138.13
20
105.186
30
0
0
VERTEX
8
BUILDINGS_CONTEXT
10
127.867
20
125.312
30
0
0
VERTEX
8
BUILDINGS_CONTEXT
10
118.263
20
120.414
30
0
0
SEQEND
8
BUILDINGS_CONTEXT
0
POLYLINE
8
BUILDINGS_CONTEXT
66
1
10
0
20
0
30
0
39
21.522
70
1
0
VERTEX
8
BUILDINGS_CONTEXT
10
144.069
20
93.539
30
0
0
VERTEX
8
BUILDINGS_CONTEXT
10
174.441
20
109.026
30
0
0
VERTEX
8
BUILDINGS_CONTEXT
10
167.242
20
123.143
30
0
0
VERTEX
8
BUILDINGS_CONTEXT
10
136.87
20
107.656
30
0
0
SEQEND
8
BUILDINGS_CONTEXT
0
POLYLINE
8
BUILDINGS_CONTEXT
66
1
10
0
20
0
30
0
39
17.871
70
1
0
VERTEX
8
BUILDINGS_CONTEXT
10
174.441
20
109.026
30
0
0
VERTEX
8
BUILDINGS_CONTEXT
10
201.65
20
122.901
30
0
0
VERTEX
8
BUILDINGS_CONTEXT
10
194.976
20
135.989
30
0
0
VERTEX
8
BUILDINGS_CONTEXT
10
167.767
20
122.114
30
0
0
SEQEND
8
BUILDINGS_CONTEXT
0
POLYLINE
8
BUILDINGS_CONTEXT
66
1
10
0
20
0
30
0
39
17.759
70
1
0
VERTEX
8
BUILDINGS_CONTEXT
10
201.65
20
122.901
30
0
0
VERTEX
8
BUILDINGS_CONTEXT
10
221.896
20
133.224
30
0
0
VERTEX
8
BUILDINGS_CONTEXT
10
214.552
20
147.627
30
0
0
VERTEX
8
BUILDINGS_CONTEXT
10
194.306
20
137.303
30
0
0
SEQEND
8
BUILDINGS_CONTEXT
0
POLYLINE
8
BUILDINGS_CONTEXT
66
1
10
0
20
0
30
0
39
13.2
70
1
0
VERTEX
8
BUILDINGS_CONTEXT
10
203.549
20
142.016
30
0
0
VERTEX
8
BUILDINGS_CONTEXT
10
214.552
20
147.627
30
0
0
VERTEX
8
BUILDINGS_CONTEXT
10
205.227
20
165.913
30
0
0
VERTEX
8
BUILDINGS_CONTEXT
10
194.225
20
160.303
30
0
0
SEQEND
8
BUILDINGS_CONTEXT
0
POLYLINE
8
BUILDINGS_CONTEXT
66
1
10
0
20
0
30
0
39
21.497
70
1
0
VERTEX
8
BUILDINGS_CONTEXT
10
221.896
20
133.224
30
0
0
VERTEX
8
BUILDINGS_CONTEXT
10
241.757
20
143.352
30
0
0
VERTEX
8
BUILDINGS_CONTEXT
10
235.773
20
155.089
30
0
0
VERTEX
8
BUILDINGS_CONTEXT
10
215.911
20
144.961
30
0
0
SEQEND
8
BUILDINGS_CONTEXT
0
POLYLINE
8
BUILDINGS_CONTEXT
66
1
10
0
20
0
30
0
39
20
70
1
0
VERTEX
8
BUILDINGS_CONTEXT
10
226.128
20
150.171
30
0
0
VERTEX
8
BUILDINGS_CONTEXT
10
235.773
20
155.089
30
0
0
VERTEX
8
BUILDINGS_CONTEXT
10
225.978
20
174.297
30
0
0
VERTEX
8
BUILDINGS_CONTEXT
10
216.333
20
169.379
30
0
0
SEQEND
8
BUILDINGS_CONTEXT
0
POLYLINE
8
BUILDINGS_CONTEXT
66
1
10
0
20
0
30
0
39
24.736
70
1
0
VERTEX
8
BUILDINGS_CONTEXT
10
241.757
20
143.352
30
0
0
VERTEX
8
BUILDINGS_CONTEXT
10
273.216
20
159.394
30
0
0
VERTEX
8
BUILDINGS_CONTEXT
10
266.969
20
171.644
30
0
0
VERTEX
8
BUILDINGS_CONTEXT
10
235.511
20
155.602
30
0
0
SEQEND
8
BUILDINGS_CONTEXT
0
POLYLINE
8
BUILDINGS_CONTEXT
66
1
10
0
20
0
30
0
39
20
70
1
0
VERTEX
8
BUILDINGS_CONTEXT
10
256.789
20
166.453
30
0
0
VERTEX
8
BUILDINGS_CONTEXT
10
266.969
20
171.644
30
0
0
VERTEX
8
BUILDINGS_CONTEXT
10
253.727
20
197.614
30
0
0
VERTEX
8
BUILDINGS_CONTEXT
10
243.546
20
192.423
30
0
0
SEQEND
8
BUILDINGS_CONTEXT
0
POLYLINE
8
BUILDINGS_CONTEXT
66
1
10
0
20
0
30
0
39
23.989
70
1
0
VERTEX
8
BUILDINGS_CONTEXT
10
273.216
20
159.394
30
0
0
VERTEX
8
BUILDINGS_CONTEXT
10
302.817
20
174.488
30
0
0
VERTEX
8
BUILDINGS_CONTEXT
10
296.075
20
187.709
30
0
0
VERTEX
8
BUILDINGS_CONTEXT
10
266.475
20
172.615
30
0
0
SEQEND
8
BUILDINGS_CONTEXT
0
POLYLINE
8
BUILDINGS_CONTEXT
66
1
10
0
20
0
30
0
39
23.4
70
1
0
VERTEX
8
BUILDINGS_CONTEXT
10
285.047
20
182.085
30
0
0
VERTEX
8
BUILDINGS_CONTEXT
10
296.075
20
187.709
30
0
0
VERTEX
8
BUILDINGS_CONTEXT
10
287.964
20
203.616
30
0
0
VERTEX
8
BUILDINGS_CONTEXT
10
276.936
20
197.993
30
0
0
SEQEND
8
BUILDINGS_CONTEXT
0
POLYLINE
8
BUILDINGS_CONTEXT
66
1
10
0
20
0
30
0
39
20.539
70
1
0
VERTEX
8
BUILDINGS_CONTEXT
10
302.817
20
174.488
30
0
0
VERTEX
8
BUILDINGS_CONTEXT
10
325.558
20
186.084
30
0
0
VERTEX
8
BUILDINGS_CONTEXT
10
317.885
20
201.133
30
0
0
VERTEX
8
BUILDINGS_CONTEXT
10
295.143
20
189.537
30
0
0
SEQEND
8
BUILDINGS_CONTEXT
0
POLYLINE
8
BUILDINGS_CONTEXT
66
1
10
0
20
0
30
0
39
17.286
70
1
0
VERTEX
8
BUILDINGS_CONTEXT
10
325.558
20
186.084
30
0
0
VERTEX
8
BUILDINGS_CONTEXT
10
356.859
20
202.045
30
0
0
VERTEX
8
BUILDINGS_CONTEXT
10
349.932
20
215.629
30
0
0
VERTEX
8
BUILDINGS_CONTEXT
10
318.632
20
199.668
30
0
0
SEQEND
8
BUILDINGS_CONTEXT
0
POLYLINE
8
BUILDINGS_CONTEXT
66
1
10
0
20
0
30
0
39
17.884
70
1
0
VERTEX
8
BUILDINGS_CONTEXT
10
356.859
20
202.045
30
0
0
VERTEX
8
BUILDINGS_CONTEXT
10
379.84
20
213.764
30
0
0
VERTEX
8
BUILDINGS_CONTEXT
10
373.902
20
225.409
30
0
0
VERTEX
8
BUILDINGS_CONTEXT
10
350.921
20
213.69
30
0
0
SEQEND
8
BUILDINGS_CONTEXT
0
POLYLINE
8
BUILDINGS_CONTEXT
66
1
10
0
20
0
30
0
39
24.517
70
1
0
VERTEX
8
BUILDINGS_CONTEXT
10
379.84
20
213.764
30
0
0
VERTEX
8
BUILDINGS_CONTEXT
10
412.671
20
230.505
30
0
0
VERTEX
8
BUILDINGS_CONTEXT
10
405.391
20
244.782
30
0
0
VERTEX
8
BUILDINGS_CONTEXT
10
372.56
20
228.04
30
0
0
SEQEND
8
BUILDINGS_CONTEXT
0
POLYLINE
8
BUILDINGS_CONTEXT
66
1
10
0
20
0
30
0
39
20
70
1
0
VERTEX
8
BUILDINGS_CONTEXT
10
395.738
20
239.859
30
0
0
VERTEX
8
BUILDINGS_CONTEXT
10
405.391
20
244.782
30
0
0
VERTEX
8
BUILDINGS_CONTEXT
10
392.188
20
270.673
30
0
0
VERTEX
8
BUILDINGS_CONTEXT
10
382.535
20
265.751
30
0
0
SEQEND
8
BUILDINGS_CONTEXT
0
POLYLINE
8
BUILDINGS_CONTEXT
66
1
10
0
20
0
30
0
39
24.948
70
1
0
VERTEX
8
BUILDINGS_CONTEXT
10
412.671
20
230.505
30
0
0
VERTEX
8
BUILDINGS_CONTEXT
10
433.853
20
241.306
30
0
0
VERTEX
8
BUILDINGS_CONTEXT
10
426.677
20
255.378
30
0
0
VERTEX
8
BUILDINGS_CONTEXT
10
405.495
20
244.576
30
0
0
SEQEND
8
BUILDINGS_CONTEXT
0
POLYLINE
8
BUILDINGS_CONTEXT
66
1
10
0
20
0
30
0
39
23.4
70
1
0
VERTEX
8
BUILDINGS_CONTEXT
10
416.128
20
249.998
30
0
0
VERTEX
8
BUILDINGS_CONTEXT
10
426.677
20
255.378
30
0
0
VERTEX
8
BUILDINGS_CONTEXT
10
413.267
20
281.677
30
0
0
VERTEX
8
BUILDINGS_CONTEXT
10
402.717
20
276.297
30
0
0
SEQEND
8
BUILDINGS_CONTEXT
0
POLYLINE
8
BUILDINGS_CONTEXT
66
1
10
0
20
0
30
0
39
17.371
70
1
0
VERTEX
8
BUILDINGS_CONTEXT
10
433.853
20
241.306
30
0
0
VERTEX
8
BUILDINGS_CONTEXT
10
452.041
20
250.581
30
0
0
VERTEX
8
BUILDINGS_CONTEXT
10
444.412
20
265.542
30
0
0
VERTEX
8
BUILDINGS_CONTEXT
10
426.224
20
256.267
30
0
0
SEQEND
8
BUILDINGS_CONTEXT
0
POLYLINE
8
BUILDINGS_CONTEXT
66
1
10
0
20
0
30
0
39
21.508
70
1
0
VERTEX
8
BUILDINGS_CONTEXT
10
452.041
20
250.581
30
0
0
VERTEX
8
BUILDINGS_CONTEXT
10
467.615
20
258.522
30
0
0
VERTEX
8
BUILDINGS_CONTEXT
10
460.778
20
271.929
30
0
0
VERTEX
8
BUILDINGS_CONTEXT
10
445.205
20
263.988
30
0
0
SEQEND
8
BUILDINGS_CONTEXT
0
POLYLINE
8
BUILDINGS_CONTEXT
66
1
10
0
20
0
30
0
39
21.16
70
1
0
VERTEX
8
BUILDINGS_CONTEXT
10
467.615
20
258.522
30
0
0
VERTEX
8
BUILDINGS_CONTEXT
10
484.021
20
266.889
30
0
0
VERTEX
8
BUILDINGS_CONTEXT
10
477.617
20
279.449
30
0
0
VERTEX
8
BUILDINGS_CONTEXT
10
461.21
20
271.083
30
0
0
SEQEND
8
BUILDINGS_CONTEXT
0
POLYLINE
8
BUILDINGS_CONTEXT
66
1
10
0
20
0
30
0
39
16.6
70
1
0
VERTEX
8
BUILDINGS_CONTEXT
10
461.21
20
271.083
30
0
0
VERTEX
8
BUILDINGS_CONTEXT
10
471.463
20
276.311
30
0
0
VERTEX
8
BUILDINGS_CONTEXT
10
456.843
20
304.982
30
0
0
VERTEX
8
BUILDINGS_CONTEXT
10
446.59
20
299.754
30
0
0
SEQEND
8
BUILDINGS_CONTEXT
0
POLYLINE
8
BUILDINGS_CONTEXT
66
1
10
0
20
0
30
0
39
20.441
70
1
0
VERTEX
8
BUILDINGS_CONTEXT
10
484.021
20
266.889
30
0
0
VERTEX
8
BUILDINGS_CONTEXT
10
506.413
20
278.307
30
0
0
VERTEX
8
BUILDINGS_CONTEXT
10
499.007
20
292.83
30
0
0
VERTEX
8
BUILDINGS_CONTEXT
10
476.616
20
281.412
30
0
0
SEQEND
8
BUILDINGS_CONTEXT
0
POLYLINE
8
BUILDINGS_CONTEXT
66
1
10
0
20
0
30
0
39
20.821
70
1
0
VERTEX
8
BUILDINGS_CONTEXT
10
506.413
20
278.307
30
0
0
VERTEX
8
BUILDINGS_CONTEXT
10
534.733
20
292.747
30
0
0
VERTEX
8
BUILDINGS_CONTEXT
10
527.24
20
307.442
30
0
0
VERTEX
8
BUILDINGS_CONTEXT
10
498.92
20
293.001
30
0
0
SEQEND
8
BUILDINGS_CONTEXT
0
POLYLINE
8
BUILDINGS_CONTEXT
66
1
10
0
20
0
30
0
39
18.029
70
1
0
VERTEX
8
BUILDINGS_CONTEXT
10
534.733
20
292.747
30
0
0
VERTEX
8
BUILDINGS_CONTEXT
10
564.08
20
307.712
30
0
0
VERTEX
8
BUILDINGS_CONTEXT
10
558.041
20
319.555
30
0
0
VERTEX
8
BUILDINGS_CONTEXT
10
528.694
20
304.59
30
0
0
SEQEND
8
BUILDINGS_CONTEXT
0
POLYLINE
8
BUILDINGS_CONTEXT
66
1
10
0
20
0
30
0
39
20.525
70
1
0
VERTEX
8
BUILDINGS_CONTEXT
10
564.08
20
307.712
30
0
0
VERTEX
8
BUILDINGS_CONTEXT
10
587.625
20
319.718
30
0
0
VERTEX
8
BUILDINGS_CONTEXT
10
580.542
20
333.609
30
0
0
VERTEX
8
BUILDINGS_CONTEXT
10
556.997
20
321.603
30
0
0
SEQEND
8
BUILDINGS_CONTEXT
0
POLYLINE
8
BUILDINGS_CONTEXT
66
1
10
0
20
0
30
0
39
24.67
70
1
0
VERTEX
8
BUILDINGS_CONTEXT
10
587.625
20
319.718
30
0
0
VERTEX
8
BUILDINGS_CONTEXT
10
608.116
20
330.167
30
0
0
VERTEX
8
BUILDINGS_CONTEXT
10
601.771
20
342.611
30
0
0
VERTEX
8
BUILDINGS_CONTEXT
10
581.279
20
332.162
30
0
0
SEQEND
8
BUILDINGS_CONTEXT
0
POLYLINE
8
BUILDINGS_CONTEXT
66
1
10
0
20
0
30
0
39
20
70
1
0
VERTEX
8
BUILDINGS_CONTEXT
10
590.32
20
336.772
30
0
0
VERTEX
8
BUILDINGS_CONTEXT
10
601.771
20
342.611
30
0
0
VERTEX
8
BUILDINGS_CONTEXT
10
590.653
20
364.414
30
0
0
VERTEX
8
BUILDINGS_CONTEXT
10
579.202
20
358.575
30
0
0
SEQEND
8
BUILDINGS_CONTEXT
0
POLYLINE
8
BUILDINGS_CONTEXT
66
1
10
0
20
0
30
0
39
24.074
70
1
0
VERTEX
8
BUILDINGS_CONTEXT
10
608.116
20
330.167
30
0
0
VERTEX
8
BUILDINGS_CONTEXT
10
627.054
20
339.824
30
0
0
VERTEX
8
BUILDINGS_CONTEXT
10
620.887
20
351.918
30
0
0
VERTEX
8
BUILDINGS_CONTEXT
10
601.949
20
342.261
30
0
0
SEQEND
8
BUILDINGS_CONTEXT
0
POLYLINE
8
BUILDINGS_CONTEXT
66
1
10
0
20
0
30
0
39
21.271
70
1
0
VERTEX
8
BUILDINGS_CONTEXT
10
75.213
20
32.385
30
0
0
VERTEX
8
BUILDINGS_CONTEXT
10
57.396
20
23.3
30
0
0
VERTEX
8
BUILDINGS_CONTEXT
10
64.18
20
9.997
30
0
0
VERTEX
8
BUILDINGS_CONTEXT
10
81.997
20
19.082
30
0
0
SEQEND
8
BUILDINGS_CONTEXT
0
POLYLINE
8
BUILDINGS_CONTEXT
66
1
10
0
20
0
30
0
39
24.005
70
1
0
VERTEX
8
BUILDINGS_CONTEXT
10
89.872
20
39.86
30
0
0
VERTEX
8
BUILDINGS_CONTEXT
10
75.213
20
32.385
30
0
0
VERTEX
8
BUILDINGS_CONTEXT
10
82.774
20
17.556
30
0
0
VERTEX
8
BUILDINGS_CONTEXT
10
97.434
20
25.031
30
0
0
SEQEND
8
BUILDINGS_CONTEXT
0
POLYLINE
8
BUILDINGS_CONTEXT
66
1
10
0
20
0
30
0
39
18.006
70
1
0
VERTEX
8
BUILDINGS_CONTEXT
10
118.907
20
54.666
30
0
0
VERTEX
8
BUILDINGS_CONTEXT
10
89.872
20
39.86
30
0
0
VERTEX
8
BUILDINGS_CONTEXT
10
96.513
20
26.836
30
0
0
VERTEX
8
BUILDINGS_CONTEXT
10
125.548
20
41.642
30
0
0
SEQEND
8
BUILDINGS_CONTEXT
0
POLYLINE
8
BUILDINGS_CONTEXT
66
1
10
0
20
0
30
0
39
16.6
70
1
0
VERTEX
8
BUILDINGS_CONTEXT
10
125.548
20
41.642
30
0
0
VERTEX
8
BUILDINGS_CONTEXT
10
116.335
20
36.944
30
0
0
VERTEX
8
BUILDINGS_CONTEXT
10
126.931
20
16.165
30
0
0
VERTEX
8
BUILDINGS_CONTEXT
10
136.143
20
20.863
30
0
0
SEQEND
8
BUILDINGS_CONTEXT
0
POLYLINE
8
BUILDINGS_CONTEXT
66
1
10
0
20
0
30
0
39
24.207
70
1
0
VERTEX
8
BUILDINGS_CONTEXT
10
149.772
20
70.404
30
0
0
VERTEX
8
BUILDINGS_CONTEXT
10
118.907
20
54.666
30
0
0
VERTEX
8
BUILDINGS_CONTEXT
10
126.058
20
40.641
30
0
0
VERTEX
8
BUILDINGS_CONTEXT
10
156.923
20
56.38
30
0
0
SEQEND
8
BUILDINGS_CONTEXT
0
POLYLINE
8
BUILDINGS_CONTEXT
66
1
10
0
20
0
30
0
39
23.4
70
1
0
VERTEX
8
BUILDINGS_CONTEXT
10
136.783
20
46.11
30
0
0
VERTEX
8
BUILDINGS_CONTEXT
10
126.058
20
40.641
30
0
0
VERTEX
8
BUILDINGS_CONTEXT
10
140.007
20
13.286
30
0
0
VERTEX
8
BUILDINGS_CONTEXT
10
150.732
20
18.755
30
0
0
SEQEND
8
BUILDINGS_CONTEXT
0
POLYLINE
8
BUILDINGS_CONTEXT
66
1
10
0
20
0
30
0
39
21.488
70
1
0
VERTEX
8
BUILDINGS_CONTEXT
10
172.168
20
81.825
30
0
0
VERTEX
8
BUILDINGS_CONTEXT
10
149.772
20
70.404
30
0
0
VERTEX
8
BUILDINGS_CONTEXT
10
157.104
20
56.025
30
0
0
VERTEX
8
BUILDINGS_CONTEXT
10
179.501
20
67.446
30
0
0
SEQEND
8
BUILDINGS_CONTEXT
0
POLYLINE
8
BUILDINGS_CONTEXT
66
1
10
0
20
0
30
0
39
16.6
70
1
0
VERTEX
8
BUILDINGS_CONTEXT
10
167.035
20
61.09
30
0
0
VERTEX
8
BUILDINGS_CONTEXT
10
157.104
20
56.025
30
0
0
VERTEX
8
BUILDINGS_CONTEXT
10
167.507
20
35.624
30
0
0
VERTEX
8
BUILDINGS_CONTEXT
10
177.438
20
40.689
30
0
0
SEQEND
8
BUILDINGS_CONTEXT
0
POLYLINE
8
BUILDINGS_CONTEXT
66
1
10
0
20
0
30
0
39
24.075
70
1
0
VERTEX
8
BUILDINGS_CONTEXT
10
202.699
20
97.394
30
0
0
VERTEX
8
BUILDINGS_CONTEXT
10
172.168
20
81.825
30
0
0
VERTEX
8
BUILDINGS_CONTEXT
10
179.203
20
68.03
30
0
0
VERTEX
8
BUILDINGS_CONTEXT
10
209.734
20
83.599
30
0
0
SEQEND
8
BUILDINGS_CONTEXT
0
POLYLINE
8
BUILDINGS_CONTEXT
66
1
10
0
20
0
30
0
39
24.032
70
1
0
VERTEX
8
BUILDINGS_CONTEXT
10
225.877
20
109.212
30
0
0
VERTEX
8
BUILDINGS_CONTEXT
10
202.699
20
97.394
30
0
0
VERTEX
8
BUILDINGS_CONTEXT
10
210.215
20
82.655
30
0
0
VERTEX
8
BUILDINGS_CONTEXT
10
233.393
20
94.474
30
0
0
SEQEND
8
BUILDINGS_CONTEXT
0
POLYLINE
8
BUILDINGS_CONTEXT
66
1
10
0
20
0
30
0
39
20
70
1
0
VERTEX
8
BUILDINGS_CONTEXT
10
219.495
20
87.387
30
0
0
VERTEX
8
BUILDINGS_CONTEXT
10
210.215
20
82.655
30
0
0
VERTEX
8
BUILDINGS_CONTEXT
10
221.874
20
59.791
30
0
0
VERTEX
8
BUILDINGS_CONTEXT
10
231.154
20
64.523
30
0
0
SEQEND
8
BUILDINGS_CONTEXT
0
POLYLINE
8
BUILDINGS_CONTEXT
66
1
10
0
20
0
30
0
39
21.449
70
1
0
VERTEX
8
BUILDINGS_CONTEXT
10
243.405
20
118.15
30
0
0
VERTEX
8
BUILDINGS_CONTEXT
10
225.877
20
109.212
30
0
0
VERTEX
8
BUILDINGS_CONTEXT
10
232.15
20
96.911
30
0
0
VERTEX
8
BUILDINGS_CONTEXT
10
249.677
20
105.849
30
0
0
SEQEND
8
BUILDINGS_CONTEXT
0
POLYLINE
8
BUILDINGS_CONTEXT
66
1
10
0
20
0
30
0
39
17.65
70
1
0
VERTEX
8
BUILDINGS_CONTEXT
10
273.935
20
133.719
30
0
0
VERTEX
8
BUILDINGS_CONTEXT
10
243.405
20
118.15
30
0
0
VERTEX
8
BUILDINGS_CONTEXT
10
250.226
20
104.773
30
0
0
VERTEX
8
BUILDINGS_CONTEXT
10
280.757
20
120.342
30
0
0
SEQEND
8
BUILDINGS_CONTEXT
0
POLYLINE
8
BUILDINGS_CONTEXT
66
1
10
0
20
0
30
0
39
13.2
70
1
0
VERTEX
8
BUILDINGS_CONTEXT
10
261.449
20
110.497
30
0
0
VERTEX
8
BUILDINGS_CONTEXT
10
250.226
20
104.773
30
0
0
VERTEX
8
BUILDINGS_CONTEXT
10
264.843
20
76.107
30
0
0
VERTEX
8
BUILDINGS_CONTEXT
10
276.067
20
81.831
30
0
0
SEQEND
8
BUILDINGS_CONTEXT
0
POLYLINE
8
BUILDINGS_CONTEXT
66
1
10
0
20
0
30
0
39
17.454
70
1
0
VERTEX
8
BUILDINGS_CONTEXT
10
301.239
20
147.641
30
0
0
VERTEX
8
BUILDINGS_CONTEXT
10
273.935
20
133.719
30
0
0
VERTEX
8
BUILDINGS_CONTEXT
10
280.285
20
121.267
30
0
0
VERTEX
8
BUILDINGS_CONTEXT
10
307.588
20
135.19
30
0
0
SEQEND
8
BUILDINGS_CONTEXT
0
POLYLINE
8
BUILDINGS_CONTEXT
66
1
10
0
20
0
30
0
39
24.834
70
1
0
VERTEX
8
BUILDINGS_CONTEXT
10
323.173
20
158.826
30
0
0
VERTEX
8
BUILDINGS_CONTEXT
10
301.239
20
147.641
30
0
0
VERTEX
8
BUILDINGS_CONTEXT
10
308.227
20
133.938
30
0
0
VERTEX
8
BUILDINGS_CONTEXT
10
330.161
20
145.122
30
0
0
SEQEND
8
BUILDINGS_CONTEXT
0
POLYLINE
8
BUILDINGS_CONTEXT
66
1
10
0
20
0
30
0
39
23.4
70
1
0
VERTEX
8
BUILDINGS_CONTEXT
10
318.315
20
139.082
30
0
0
VERTEX
8
BUILDINGS_CONTEXT
10
308.227
20
133.938
30
0
0
VERTEX
8
BUILDINGS_CONTEXT
10
322.219
20
106.497
30
0
0
VERTEX
8
BUILDINGS_CONTEXT
10
332.307
20
111.641
30
0
0
SEQEND
8
BUILDINGS_CONTEXT
0
POLYLINE
8
BUILDINGS_CONTEXT
66
1
10
0
20
0
30
0
39
20.699
70
1
0
VERTEX
8
BUILDINGS_CONTEXT
10
339.118
20
166.957
30
0
0
VERTEX
8
BUILDINGS_CONTEXT
10
323.173
20
158.826
30
0
0
VERTEX
8
BUILDINGS_CONTEXT
10
329.222
20
146.964
30
0
0
VERTEX
8
BUILDINGS_CONTEXT
10
345.167
20
155.094
30
0
0
SEQEND
8
BUILDINGS_CONTEXT
0
POLYLINE
8
BUILDINGS_CONTEXT
66
1
10
0
20
0
30
0
39
16.6
70
1
0
VERTEX
8
BUILDINGS_CONTEXT
10
345.167
20
155.094
30
0
0
VERTEX
8
BUILDINGS_CONTEXT
10
335.189
20
150.007
30
0
0
VERTEX
8
BUILDINGS_CONTEXT
10
347.56
20
125.748
30
0
0
VERTEX
8
BUILDINGS_CONTEXT
10
357.537
20
130.835
30
0
0
SEQEND
8
BUILDINGS_CONTEXT
0
POLYLINE
8
BUILDINGS_CONTEXT
66
1
10
0
20
0
30
0
39
18.081
70
1
0
VERTEX
8
BUILDINGS_CONTEXT
10
357.877
20
176.522
30
0
0
VERTEX
8
BUILDINGS_CONTEXT
10
339.118
20
166.957
30
0
0
VERTEX
8
BUILDINGS_CONTEXT
10
346.192
20
153.083
30
0
0
VERTEX
8
BUILDINGS_CONTEXT
10
364.951
20
162.649
30
0
0
SEQEND
8
BUILDINGS_CONTEXT
0
POLYLINE
8
BUILDINGS_CONTEXT
66
1
10
0
20
0
30
0
39
16.6
70
1
0
VERTEX
8
BUILDINGS_CONTEXT
10
355.842
20
158.004
30
0
0
VERTEX
8
BUILDINGS_CONTEXT
10
346.192
20
153.083
30
0
0
VERTEX
8
BUILDINGS_CONTEXT
10
354.305
20
137.173
30
0
0
VERTEX
8
BUILDINGS_CONTEXT
10
363.954
20
142.094
30
0
0
SEQEND
8
BUILDINGS_CONTEXT
0
POLYLINE
8
BUILDINGS_CONTEXT
66
1
10
0
20
0
30
0
39
17.93
70
1
0
VERTEX
8
BUILDINGS_CONTEXT
10
390.698
20
193.259
30
0
0
VERTEX
8
BUILDINGS_CONTEXT
10
357.877
20
176.522
30
0
0
VERTEX
8
BUILDINGS_CONTEXT
10
364.274
20
163.978
30
0
0
VERTEX
8
BUILDINGS_CONTEXT
10
397.095
20
180.714
30
0
0
SEQEND
8
BUILDINGS_CONTEXT
0
POLYLINE
8
BUILDINGS_CONTEXT
66
1
10
0
20
0
30
0
39
13.2
70
1
0
VERTEX
8
BUILDINGS_CONTEXT
10
375.71
20
169.81
30
0
0
VERTEX
8
BUILDINGS_CONTEXT
10
364.274
20
163.978
30
0
0
VERTEX
8
BUILDINGS_CONTEXT
10
374.8
20
143.334
30
0
0
VERTEX
8
BUILDINGS_CONTEXT
10
386.237
20
149.166
30
0
0
SEQEND
8
BUILDINGS_CONTEXT
0
POLYLINE
8
BUILDINGS_CONTEXT
66
1
10
0
20
0
30
0
39
24.092
70
1
0
VERTEX
8
BUILDINGS_CONTEXT
10
405.568
20
200.841
30
0
0
VERTEX
8
BUILDINGS_CONTEXT
10
390.698
20
193.259
30
0
0
VERTEX
8
BUILDINGS_CONTEXT
10
396.935
20
181.027
30
0
0
VERTEX
8
BUILDINGS_CONTEXT
10
411.805
20
188.61
30
0
0
SEQEND
8
BUILDINGS_CONTEXT
0
POLYLINE
8
BUILDINGS_CONTEXT
66
1
10
0
20
0
30
0
39
23.4
70
1
0
VERTEX
8
BUILDINGS_CONTEXT
10
407.967
20
186.653
30
0
0
VERTEX
8
BUILDINGS_CONTEXT
10
396.935
20
181.027
30
0
0
VERTEX
8
BUILDINGS_CONTEXT
10
408.463
20
158.421
30
0
0
VERTEX
8
BUILDINGS_CONTEXT
10
419.495
20
164.046
30
0
0
SEQEND
8
BUILDINGS_CONTEXT
0
POLYLINE
8
BUILDINGS_CONTEXT
66
1
10
0
20
0
30
0
39
24.295
70
1
0
VERTEX
8
BUILDINGS_CONTEXT
10
432.934
20
214.796
30
0
0
VERTEX
8
BUILDINGS_CONTEXT
10
405.568
20
200.841
30
0
0
VERTEX
8
BUILDINGS_CONTEXT
10
412.363
20
187.517
30
0
0
VERTEX
8
BUILDINGS_CONTEXT
10
439.728
20
201.472
30
0
0
SEQEND
8
BUILDINGS_CONTEXT
0
POLYLINE
8
BUILDINGS_CONTEXT
66
1
10
0
20
0
30
0
39
23.4
70
1
0
VERTEX
8
BUILDINGS_CONTEXT
10
439.728
20
201.472
30
0
0
VERTEX
8
BUILDINGS_CONTEXT
10
429.748
20
196.382
30
0
0
VERTEX
8
BUILDINGS_CONTEXT
10
438.993
20
178.252
30
0
0
VERTEX
8
BUILDINGS_CONTEXT
10
448.973
20
183.341
30
0
0
SEQEND
8
BUILDINGS_CONTEXT
0
POLYLINE
8
BUILDINGS_CONTEXT
66
1
10
0
20
0
30
0
39
20.626
70
1
0
VERTEX
8
BUILDINGS_CONTEXT
10
455.266
20
226.183
30
0
0
VERTEX
8
BUILDINGS_CONTEXT
10
432.934
20
214.796
30
0
0
VERTEX
8
BUILDINGS_CONTEXT
10
439.948
20
201.04
30
0
0
VERTEX
8
BUILDINGS_CONTEXT
10
462.28
20
212.427
30
0
0
SEQEND
8
BUILDINGS_CONTEXT
0
POLYLINE
8
BUILDINGS_CONTEXT
66
1
10
0
20
0
30
0
39
20
70
1
0
VERTEX
8
BUILDINGS_CONTEXT
10
449.396
20
205.857
30
0
0
VERTEX
8
BUILDINGS_CONTEXT
10
439.948
20
201.04
30
0
0
VERTEX
8
BUILDINGS_CONTEXT
10
449.198
20
182.9
30
0
0
VERTEX
8
BUILDINGS_CONTEXT
10
458.645
20
187.718
30
0
0
SEQEND
8
BUILDINGS_CONTEXT
0
POLYLINE
8
BUILDINGS_CONTEXT
66
1
10
0
20
0
30
0
39
20.494
70
1
0
VERTEX
8
BUILDINGS_CONTEXT
10
479.245
20
238.411
30
0
0
VERTEX
8
BUILDINGS_CONTEXT
10
455.266
20
226.183
30
0
0
VERTEX
8
BUILDINGS_CONTEXT
10
461.975
20
213.025
30
0
0
VERTEX
8
BUILDINGS_CONTEXT
10
485.955
20
225.253
30
0
0
SEQEND
8
BUILDINGS_CONTEXT
0
POLYLINE
8
BUILDINGS_CONTEXT
66
1
10
0
20
0
30
0
39
20
70
1
0
VERTEX
8
BUILDINGS_CONTEXT
10
471.465
20
217.864
30
0
0
VERTEX
8
BUILDINGS_CONTEXT
10
461.975
20
213.025
30
0
0
VERTEX
8
BUILDINGS_CONTEXT
10
469.794
20
197.693
30
0
0
VERTEX
8
BUILDINGS_CONTEXT
10
479.283
20
202.532
30
0
0
SEQEND
8
BUILDINGS_CONTEXT
0
POLYLINE
8
BUILDINGS_CONTEXT
66
1
10
0
20
0
30
0
39
17.727
70
1
0
VERTEX
8
BUILDINGS_CONTEXT
10
501.76
20
249.892
30
0
0
VERTEX
8
BUILDINGS_CONTEXT
10
479.245
20
238.411
30
0
0
VERTEX
8
BUILDINGS_CONTEXT
10
485.983
20
225.197
30
0
0
VERTEX
8
BUILDINGS_CONTEXT
10
508.498
20
236.678
30
0
0
SEQEND
8
BUILDINGS_CONTEXT
0
POLYLINE
8
BUILDINGS_CONTEXT
66
1
10
0
20
0
30
0
39
13.2
70
1
0
VERTEX
8
BUILDINGS_CONTEXT
10
497.331
20
230.984
30
0
0
VERTEX
8
BUILDINGS_CONTEXT
10
485.983
20
225.197
30
0
0
VERTEX
8
BUILDINGS_CONTEXT
10
498.623
20
200.409
30
0
0
VERTEX
8
BUILDINGS_CONTEXT
10
509.97
20
206.196
30
0
0
SEQEND
8
BUILDINGS_CONTEXT
0
POLYLINE
8
BUILDINGS_CONTEXT
66
1
10
0
20
0
30
0
39
20.703
70
1
0
VERTEX
8
BUILDINGS_CONTEXT
10
527.382
20
262.957
30
0
0
VERTEX
8
BUILDINGS_CONTEXT
10
501.76
20
249.892
30
0
0
VERTEX
8
BUILDINGS_CONTEXT
10
509.03
20
235.635
30
0
0
VERTEX
8
BUILDINGS_CONTEXT
10
534.652
20
248.7
30
0
0
SEQEND
8
BUILDINGS_CONTEXT
0
POLYLINE
8
BUILDINGS_CONTEXT
66
1
10
0
20
0
30
0
39
17.151
70
1
0
VERTEX
8
BUILDINGS_CONTEXT
10
546.691
20
272.803
30
0
0
VERTEX
8
BUILDINGS_CONTEXT
10
527.382
20
262.957
30
0
0
VERTEX
8
BUILDINGS_CONTEXT
10
534.803
20
248.405
30
0
0
VERTEX
8
BUILDINGS_CONTEXT
10
554.112
20
258.251
30
0
0
SEQEND
8
BUILDINGS_CONTEXT
0
POLYLINE
8
BUILDINGS_CONTEXT
66
1
10
0
20
0
30
0
39
16.6
70
1
0
VERTEX
8
BUILDINGS_CONTEXT
10
554.112
20
258.251
30
0
0
VERTEX
8
BUILDINGS_CONTEXT
10
545.125
20
253.668
30
0
0
VERTEX
8
BUILDINGS_CONTEXT
10
554.029
20
236.208
30
0
0
VERTEX
8
BUILDINGS_CONTEXT
10
563.015
20
240.79
30
0
0
SEQEND
8
BUILDINGS_CONTEXT
0
POLYLINE
8
BUILDINGS_CONTEXT
66
1
10
0
20
0
30
0
39
21.383
70
1
0
VERTEX
8
BUILDINGS_CONTEXT
10
573.999
20
286.728
30
0
0
VERTEX
8
BUILDINGS_CONTEXT
10
546.691
20
272.803
30
0
0
VERTEX
8
BUILDINGS_CONTEXT
10
553.531
20
259.39
30
0
0
VERTEX
8
BUILDINGS_CONTEXT
10
580.839
20
273.315
30
0
0
SEQEND
8
BUILDINGS_CONTEXT
0
POLYLINE
8
BUILDINGS_CONTEXT
66
1
10
0
20
0
30
0
39
16.6
70
1
0
VERTEX
8
BUILDINGS_CONTEXT
10
580.839
20
273.315
30
0
0
VERTEX
8
BUILDINGS_CONTEXT
10
570.616
20
268.103
30
0
0
VERTEX
8
BUILDINGS_CONTEXT
10
585.998
20
237.938
30
0
0
VERTEX
8
BUILDINGS_CONTEXT
10
596.221
20
243.15
30
0
0
SEQEND
8
BUILDINGS_CONTEXT
0
POLYLINE
8
BUILDINGS_CONTEXT
66
1
10
0
20
0
30
0
39
24.148
70
1
0
VERTEX
8
BUILDINGS_CONTEXT
10
588.492
20
294.118
30
0
0
VERTEX
8
BUILDINGS_CONTEXT
10
573.999
20
286.728
30
0
0
VERTEX
8
BUILDINGS_CONTEXT
10
580.849
20
273.296
30
0
0
VERTEX
8
BUILDINGS_CONTEXT
10
595.341
20
280.686
30
0
0
SEQEND
8
BUILDINGS_CONTEXT
0
POLYLINE
8
BUILDINGS_CONTEXT
66
1
10
0
20
0
30
0
39
20
70
1
0
VERTEX
8
BUILDINGS_CONTEXT
10
595.341
20
280.686
30
0
0
VERTEX
8
BUILDINGS_CONTEXT
10
585.385
20
275.609
30
0
0
VERTEX
8
BUILDINGS_CONTEXT
10
599.998
20
246.954
30
0
0
VERTEX
8
BUILDINGS_CONTEXT
10
609.953
20
252.03
30
0
0
SEQEND
8
BUILDINGS_CONTEXT
0
POLYLINE
8
BUILDINGS_CONTEXT
66
1
10
0
20
0
30
0
39
24.112
70
1
0
VERTEX
8
BUILDINGS_CONTEXT
10
614.392
20
307.325
30
0
0
VERTEX
8
BUILDINGS_CONTEXT
10
588.492
20
294.118
30
0
0
VERTEX
8
BUILDINGS_CONTEXT
10
595.13
20
281.1
30
0
0
VERTEX
8
BUILDINGS_CONTEXT
10
621.03
20
294.307
30
0
0
SEQEND
8
BUILDINGS_CONTEXT
0
POLYLINE
8
BUILDINGS_CONTEXT
66
1
10
0
20
0
30
0
39
20
70
1
0
VERTEX
8
BUILDINGS_CONTEXT
10
621.03
20
294.307
30
0
0
VERTEX
8
BUILDINGS_CONTEXT
10
611.427
20
289.41
30
0
0
VERTEX
8
BUILDINGS_CONTEXT
10
620.635
20
271.353
30
0
0
VERTEX
8
BUILDINGS_CONTEXT
10
630.238
20
276.25
30
0
0
SEQEND
8
BUILDINGS_CONTEXT
0
POLYLINE
8
BUILDINGS_CONTEXT
66
1
10
0
20
0
30
0
39
24.321
70
1
0
VERTEX
8
BUILDINGS_CONTEXT
10
628.958
20
314.753
30
0
0
VERTEX
8
BUILDINGS_CONTEXT
10
614.392
20
307.325
30
0
0
VERTEX
8
BUILDINGS_CONTEXT
10
621.007
20
294.353
30
0
0
VERTEX
8
BUILDINGS_CONTEXT
10
635.573
20
301.78
30
0
0
SEQEND
8
BUILDINGS_CONTEXT
0
POLYLINE
8
BUILDINGS_CONTEXT
66
1
10
0
20
0
30
0
39
17.661
70
1
0
VERTEX
8
BUILDINGS_CONTEXT
10
86.929
20
1.879
30
0
0
VERTEX
8
BUILDINGS_CONTEXT
10
103.658
20
3.346
30
0
0
VERTEX
8
BUILDINGS_CONTEXT
10
102.509
20
16.439
30
0
0
VERTEX
8
BUILDINGS_CONTEXT
10
85.781
20
14.972
30
0
0
SEQEND
8
BUILDINGS_CONTEXT
0
POLYLINE
8
BUILDINGS_CONTEXT
66
1
10
0
20
0
30
0
39
20.818
70
1
0
VERTEX
8
BUILDINGS_CONTEXT
10
103.658
20
3.346
30
0
0
VERTEX
8
BUILDINGS_CONTEXT
10
118.842
20
4.678
30
0
0
VERTEX
8
BUILDINGS_CONTEXT
10
117.542
20
19.503
30
0
0
VERTEX
8
BUILDINGS_CONTEXT
10
102.357
20
18.172
30
0
0
SEQEND
8
BUILDINGS_CONTEXT
0
POLYLINE
8
BUILDINGS_CONTEXT
66
1
10
0
20
0
30
0
39
18.151
70
1
0
VERTEX
8
BUILDINGS_CONTEXT
10
153.708
20
7.735
30
0
0
VERTEX
8
BUILDINGS_CONTEXT
10
179.712
20
10.015
30
0
0
VERTEX
8
BUILDINGS_CONTEXT
10
178.545
20
23.32
30
0
0
VERTEX
8
BUILDINGS_CONTEXT
10
152.542
20
21.039
30
0
0
SEQEND
8
BUILDINGS_CONTEXT
0
POLYLINE
8
BUILDINGS_CONTEXT
66
1
10
0
20
0
30
0
39
24.905
70
1
0
VERTEX
8
BUILDINGS_CONTEXT
10
179.712
20
10.015
30
0
0
VERTEX
8
BUILDINGS_CONTEXT
10
214.443
20
13.061
30
0
0
VERTEX
8
BUILDINGS_CONTEXT
10
213.264
20
26.503
30
0
0
VERTEX
8
BUILDINGS_CONTEXT
10
178.533
20
23.457
30
0
0
SEQEND
8
BUILDINGS_CONTEXT
0
POLYLINE
8
BUILDINGS_CONTEXT
66
1
10
0
20
0
30
0
39
21.507
70
1
0
VERTEX
8
BUILDINGS_CONTEXT
10
214.443
20
13.061
30
0
0
VERTEX
8
BUILDINGS_CONTEXT
10
243.587
20
15.617
30
0
0
VERTEX
8
BUILDINGS_CONTEXT
10
242.417
20
28.96
30
0
0
VERTEX
8
BUILDINGS_CONTEXT
10
213.273
20
26.404
30
0
0
SEQEND
8
BUILDINGS_CONTEXT
0
POLYLINE
8
BUILDINGS_CONTEXT
66
1
10
0
20
0
30
0
39
20.985
70
1
0
VERTEX
8
BUILDINGS_CONTEXT
10
243.587
20
15.617
30
0
0
VERTEX
8
BUILDINGS_CONTEXT
10
277.836
20
18.62
30
0
0
VERTEX
8
BUILDINGS_CONTEXT
10
276.497
20
33.897
30
0
0
VERTEX
8
BUILDINGS_CONTEXT
10
242.248
20
30.893
30
0
0
SEQEND
8
BUILDINGS_CONTEXT
0
POLYLINE
8
BUILDINGS_CONTEXT
66
1
10
0
20
0
30
0
39
20
70
1
0
VERTEX
8
BUILDINGS_CONTEXT
10
264.772
20
32.868
30
0
0
VERTEX
8
BUILDINGS_CONTEXT
10
276.497
20
33.897
30
0
0
VERTEX
8
BUILDINGS_CONTEXT
10
275.035
20
50.568
30
0
0
VERTEX
8
BUILDINGS_CONTEXT
10
263.31
20
49.54
30
0
0
SEQEND
8
BUILDINGS_CONTEXT
0
POLYLINE
8
BUILDINGS_CONTEXT
66
1
10
0
20
0
30
0
39
24.271
70
1
0
VERTEX
8
BUILDINGS_CONTEXT
10
277.836
20
18.62
30
0
0
VERTEX
8
BUILDINGS_CONTEXT
10
300.295
20
20.59
30
0
0
VERTEX
8
BUILDINGS_CONTEXT
10
298.842
20
37.161
30
0
0
VERTEX
8
BUILDINGS_CONTEXT
10
276.383
20
35.191
30
0
0
SEQEND
8
BUILDINGS_CONTEXT
0
POLYLINE
8
BUILDINGS_CONTEXT
66
1
10
0
20
0
30
0
39
17.527
70
1
0
VERTEX
8
BUILDINGS_CONTEXT
10
300.295
20
20.59
30
0
0
VERTEX
8
BUILDINGS_CONTEXT
10
321.317
20
22.433
30
0
0
VERTEX
8
BUILDINGS_CONTEXT
10
320.158
20
35.647
30
0
0
VERTEX
8
BUILDINGS_CONTEXT
10
299.136
20
33.804
30
0
0
SEQEND
8
BUILDINGS_CONTEXT
0
POLYLINE
8
BUILDINGS_CONTEXT
66
1
10
0
20
0
30
0
39
17.252
70
1
0
VERTEX
8
BUILDINGS_CONTEXT
10
321.317
20
22.433
30
0
0
VERTEX
8
BUILDINGS_CONTEXT
10
340.871
20
24.148
30
0
0
VERTEX
8
BUILDINGS_CONTEXT
10
339.454
20
40.306
30
0
0
VERTEX
8
BUILDINGS_CONTEXT
10
319.9
20
38.591
30
0
0
SEQEND
8
BUILDINGS_CONTEXT
0
POLYLINE
8
BUILDINGS_CONTEXT
66
1
10
0
20
0
30
0
39
13.2
70
1
0
VERTEX
8
BUILDINGS_CONTEXT
10
328.851
20
39.376
30
0
0
VERTEX
8
BUILDINGS_CONTEXT
10
339.454
20
40.306
30
0
0
VERTEX
8
BUILDINGS_CONTEXT
10
337.773
20
59.477
30
0
0
VERTEX
8
BUILDINGS_CONTEXT
10
327.17
20
58.547
30
0
0
SEQEND
8
BUILDINGS_CONTEXT
0
POLYLINE
8
BUILDINGS_CONTEXT
66
1
10
0
20
0
30
0
39
24.932
70
1
0
VERTEX
8
BUILDINGS_CONTEXT
10
340.871
20
24.148
30
0
0
VERTEX
8
BUILDINGS_CONTEXT
10
369.062
20
26.62
30
0
0
VERTEX
8
BUILDINGS_CONTEXT
10
367.759
20
41.483
30
0
0
VERTEX
8
BUILDINGS_CONTEXT
10
339.567
20
39.011
30
0
0
SEQEND
8
BUILDINGS_CONTEXT
0
POLYLINE
8
BUILDINGS_CONTEXT
66
1
10
0
20
0
30
0
39
23.4
70
1
0
VERTEX
8
BUILDINGS_CONTEXT
10
339.567
20
39.011
30
0
0
VERTEX
8
BUILDINGS_CONTEXT
10
349.642
20
39.894
30
0
0
VERTEX
8
BUILDINGS_CONTEXT
10
347.497
20
64.354
30
0
0
VERTEX
8
BUILDINGS_CONTEXT
10
337.422
20
63.47
30
0
0
SEQEND
8
BUILDINGS_CONTEXT
0
POLYLINE
8
BUILDINGS_CONTEXT
66
1
10
0
20
0
30
0
39
21.232
70
1
0
VERTEX
8
BUILDINGS_CONTEXT
10
369.062
20
26.62
30
0
0
VERTEX
8
BUILDINGS_CONTEXT
10
399.568
20
29.295
30
0
0
VERTEX
8
BUILDINGS_CONTEXT
10
398.396
20
42.658
30
0
0
VERTEX
8
BUILDINGS_CONTEXT
10
367.89
20
39.983
30
0
0
SEQEND
8
BUILDINGS_CONTEXT
0
POLYLINE
8
BUILDINGS_CONTEXT
66
1
10
0
20
0
30
0
39
20
70
1
0
VERTEX
8
BUILDINGS_CONTEXT
10
367.89
20
39.983
30
0
0
VERTEX
8
BUILDINGS_CONTEXT
10
379.893
20
41.035
30
0
0
VERTEX
8
BUILDINGS_CONTEXT
10
378.343
20
58.707
30
0
0
VERTEX
8
BUILDINGS_CONTEXT
10
366.341
20
57.654
30
0
0
SEQEND
8
BUILDINGS_CONTEXT
0
POLYLINE
8
BUILDINGS_CONTEXT
66
1
10
0
20
0
30
0
39
24.279
70
1
0
VERTEX
8
BUILDINGS_CONTEXT
10
399.568
20
29.295
30
0
0
VERTEX
8
BUILDINGS_CONTEXT
10
435.236
20
32.423
30
0
0
VERTEX
8
BUILDINGS_CONTEXT
10
434.012
20
46.376
30
0
0
VERTEX
8
BUILDINGS_CONTEXT
10
398.345
20
43.249
30
0
0
SEQEND
8
BUILDINGS_CONTEXT
0
POLYLINE
8
BUILDINGS_CONTEXT
66
1
10
0
20
0
30
0
39
20
70
1
0
VERTEX
8
BUILDINGS_CONTEXT
10
421.62
20
45.29
30
0
0
VERTEX
8
BUILDINGS_CONTEXT
10
434.012
20
46.376
30
0
0
VERTEX
8
BUILDINGS_CONTEXT
10
431.05
20
80.153
30
0
0
VERTEX
8
BUILDINGS_CONTEXT
10
418.658
20
79.067
30
0
0
SEQEND
8
BUILDINGS_CONTEXT
0
POLYLINE
8
BUILDINGS_CONTEXT
66
1
10
0
20
0
30
0
39
17.626
70
1
0
VERTEX
8
BUILDINGS_CONTEXT
10
435.236
20
32.423
30
0
0
VERTEX
8
BUILDINGS_CONTEXT
10
471.147
20
35.572
30
0
0
VERTEX
8
BUILDINGS_CONTEXT
10
469.688
20
52.213
30
0
0
VERTEX
8
BUILDINGS_CONTEXT
10
433.777
20
49.063
30
0
0
SEQEND
8
BUILDINGS_CONTEXT
0
POLYLINE
8
BUILDINGS_CONTEXT
66
1
10
0
20
0
30
0
39
13.2
70
1
0
VERTEX
8
BUILDINGS_CONTEXT
10
458.64
20
51.244
30
0
0
VERTEX
8
BUILDINGS_CONTEXT
10
469.688
20
52.213
30
0
0
VERTEX
8
BUILDINGS_CONTEXT
10
467.177
20
80.847
30
0
0
VERTEX
8
BUILDINGS_CONTEXT
10
456.129
20
79.878
30
0
0
SEQEND
8
BUILDINGS_CONTEXT
0
POLYLINE
8
BUILDINGS_CONTEXT
66
1
10
0
20
0
30
0
39
24.921
70
1
0
VERTEX
8
BUILDINGS_CONTEXT
10
471.147
20
35.572
30
0
0
VERTEX
8
BUILDINGS_CONTEXT
10
487.906
20
37.042
30
0
0
VERTEX
8
BUILDINGS_CONTEXT
10
486.738
20
50.355
30
0
0
VERTEX
8
BUILDINGS_CONTEXT
10
469.98
20
48.886
30
0
0
SEQEND
8
BUILDINGS_CONTEXT
0
POLYLINE
8
BUILDINGS_CONTEXT
66
1
10
0
20
0
30
0
39
20
70
1
0
VERTEX
8
BUILDINGS_CONTEXT
10
469.98
20
48.886
30
0
0
VERTEX
8
BUILDINGS_CONTEXT
10
480.03
20
49.767
30
0
0
VERTEX
8
BUILDINGS_CONTEXT
10
477.688
20
76.464
30
0
0
VERTEX
8
BUILDINGS_CONTEXT
10
467.639
20
75.583
30
0
0
SEQEND
8
BUILDINGS_CONTEXT
0
POLYLINE
8
BUILDINGS_CONTEXT
66
1
10
0
20
0
30
0
39
24.634
70
1
0
VERTEX
8
BUILDINGS_CONTEXT
10
487.906
20
37.042
30
0
0
VERTEX
8
BUILDINGS_CONTEXT
10
520.729
20
39.92
30
0
0
VERTEX
8
BUILDINGS_CONTEXT
10
519.296
20
56.26
30
0
0
VERTEX
8
BUILDINGS_CONTEXT
10
486.473
20
53.382
30
0
0
SEQEND
8
BUILDINGS_CONTEXT
0
POLYLINE
8
BUILDINGS_CONTEXT
66
1
10
0
20
0
30
0
39
23.4
70
1
0
VERTEX
8
BUILDINGS_CONTEXT
10
507.508
20
55.226
30
0
0
VERTEX
8
BUILDINGS_CONTEXT
10
519.296
20
56.26
30
0
0
VERTEX
8
BUILDINGS_CONTEXT
10
517.691
20
74.568
30
0
0
VERTEX
8
BUILDINGS_CONTEXT
10
505.903
20
73.534
30
0
0
SEQEND
8
BUILDINGS_CONTEXT
0
POLYLINE
8
BUILDINGS_CONTEXT
66
1
10
0
20
0
30
0
39
17.197
70
1
0
VERTEX
8
BUILDINGS_CONTEXT
10
520.729
20
39.92
30
0
0
VERTEX
8
BUILDINGS_CONTEXT
10
540.555
20
41.659
30
0
0
VERTEX
8
BUILDINGS_CONTEXT
10
539.131
20
57.896
30
0
0
VERTEX
8
BUILDINGS_CONTEXT
10
519.305
20
56.158
30
0
0
SEQEND
8
BUILDINGS_CONTEXT
0
POLYLINE
8
BUILDINGS_CONTEXT
66
1
10
0
20
0
30
0
39
16.6
70
1
0
VERTEX
8
BUILDINGS_CONTEXT
10
527.883
20
56.91
30
0
0
VERTEX
8
BUILDINGS_CONTEXT
10
539.131
20
57.896
30
0
0
VERTEX
8
BUILDINGS_CONTEXT
10
536.307
20
90.1
30
0
0
VERTEX
8
BUILDINGS_CONTEXT
10
525.059
20
89.113
30
0
0
SEQEND
8
BUILDINGS_CONTEXT
0
POLYLINE
8
BUILDINGS_CONTEXT
66
1
10
0
20
0
30
0
39
24.108
70
1
0
VERTEX
8
BUILDINGS_CONTEXT
10
540.555
20
41.659
30
0
0
VERTEX
8
BUILDINGS_CONTEXT
10
558.895
20
43.267
30
0
0
VERTEX
8
BUILDINGS_CONTEXT
10
557.645
20
57.52
30
0
0
VERTEX
8
BUILDINGS_CONTEXT
10
539.305
20
55.912
30
0
0
SEQEND
8
BUILDINGS_CONTEXT
0
POLYLINE
8
BUILDINGS_CONTEXT
66
1
10
0
20
0
30
0
39
18.164
70
1
0
VERTEX
8
BUILDINGS_CONTEXT
10
558.895
20
43.267
30
0
0
VERTEX
8
BUILDINGS_CONTEXT
10
587.747
20
45.797
30
0
0
VERTEX
8
BUILDINGS_CONTEXT
10
586.489
20
60.14
30
0
0
VERTEX
8
BUILDINGS_CONTEXT
10
557.637
20
57.609
30
0
0
SEQEND
8
BUILDINGS_CONTEXT
0
POLYLINE
8
BUILDINGS_CONTEXT
66
1
10
0
20
0
30
0
39
18.187
70
1
0
VERTEX
8
BUILDINGS_CONTEXT
10
587.747
20
45.797
30
0
0
VERTEX
8
BUILDINGS_CONTEXT
10
624.152
20
48.989
30
0
0
VERTEX
8
BUILDINGS_CONTEXT
10
622.77
20
64.746
30
0
0
VERTEX
8
BUILDINGS_CONTEXT
10
586.365
20
61.553
30
0
0
SEQEND
8
BUILDINGS_CONTEXT
0
POLYLINE
8
BUILDINGS_CONTEXT
66
1
10
0
20
0
30
0
39
16.6
70
1
0
VERTEX
8
BUILDINGS_CONTEXT
10
586.365
20
61.553
30
0
0
VERTEX
8
BUILDINGS_CONTEXT
10
598.21
20
62.592
30
0
0
VERTEX
8
BUILDINGS_CONTEXT
10
596.575
20
81.234
30
0
0
VERTEX
8
BUILDINGS_CONTEXT
10
584.731
20
80.195
30
0
0
SEQEND
8
BUILDINGS_CONTEXT
0
POLYLINE
8
BUILDINGS_CONTEXT
66
1
10
0
20
0
30
0
39
21.476
70
1
0
VERTEX
8
BUILDINGS_CONTEXT
10
77.229
20
-20.253
30
0
0
VERTEX
8
BUILDINGS_CONTEXT
10
58.895
20
-21.861
30
0
0
VERTEX
8
BUILDINGS_CONTEXT
10
60.095
20
-35.541
30
0
0
VERTEX
8
BUILDINGS_CONTEXT
10
78.429
20
-33.933
30
0
0
SEQEND
8
BUILDINGS_CONTEXT
0
POLYLINE
8
BUILDINGS_CONTEXT
66
1
10
0
20
0
30
0
39
17.268
70
1
0
VERTEX
8
BUILDINGS_CONTEXT
10
103.731
20
-17.929
30
0
0
VERTEX
8
BUILDINGS_CONTEXT
10
77.229
20
-20.253
30
0
0
VERTEX
8
BUILDINGS_CONTEXT
10
78.458
20
-34.261
30
0
0
VERTEX
8
BUILDINGS_CONTEXT
10
104.96
20
-31.937
30
0
0
SEQEND
8
BUILDINGS_CONTEXT
0
POLYLINE
8
BUILDINGS_CONTEXT
66
1
10
0
20
0
30
0
39
17.352
70
1
0
VERTEX
8
BUILDINGS_CONTEXT
10
139.592
20
-14.784
30
0
0
VERTEX
8
BUILDINGS_CONTEXT
10
103.731
20
-17.929
30
0
0
VERTEX
8
BUILDINGS_CONTEXT
10
105.137
20
-33.956
30
0
0
VERTEX
8
BUILDINGS_CONTEXT
10
140.997
20
-30.811
30
0
0
SEQEND
8
BUILDINGS_CONTEXT
0
POLYLINE
8
BUILDINGS_CONTEXT
66
1
10
0
20
0
30
0
39
18.123
70
1
0
VERTEX
8
BUILDINGS_CONTEXT
10
158.909
20
-13.09
30
0
0
VERTEX
8
BUILDINGS_CONTEXT
10
139.592
20
-14.784
30
0
0
VERTEX
8
BUILDINGS_CONTEXT
10
141.024
20
-31.116
30
0
0
VERTEX
8
BUILDINGS_CONTEXT
10
160.341
20
-29.422
30
0
0
SEQEND
8
BUILDINGS_CONTEXT
0
POLYLINE
8
BUILDINGS_CONTEXT
66
1
10
0
20
0
30
0
39
24.321
70
1
0
VERTEX
8
BUILDINGS_CONTEXT
10
183.525
20
-10.932
30
0
0
VERTEX
8
BUILDINGS_CONTEXT
10
158.909
20
-13.09
30
0
0
VERTEX
8
BUILDINGS_CONTEXT
10
160.256
20
-28.446
30
0
0
VERTEX
8
BUILDINGS_CONTEXT
10
184.871
20
-26.287
30
0
0
SEQEND
8
BUILDINGS_CONTEXT
0
POLYLINE
8
BUILDINGS_CONTEXT
66
1
10
0
20
0
30
0
39
24.423
70
1
0
VERTEX
8
BUILDINGS_CONTEXT
10
221.325
20
-7.617
30
0
0
VERTEX
8
BUILDINGS_CONTEXT
10
183.525
20
-10.932
30
0
0
VERTEX
8
BUILDINGS_CONTEXT
10
184.732
20
-24.695
30
0
0
VERTEX
8
BUILDINGS_CONTEXT
10
222.532
20
-21.381
30
0
0
SEQEND
8
BUILDINGS_CONTEXT
0
POLYLINE
8
BUILDINGS_CONTEXT
66
1
10
0
20
0
30
0
39
21.495
70
1
0
VERTEX
8
BUILDINGS_CONTEXT
10
243.395
20
-5.681
30
0
0
VERTEX
8
BUILDINGS_CONTEXT
10
221.325
20
-7.617
30
0
0
VERTEX
8
BUILDINGS_CONTEXT
10
222.796
20
-24.39
30
0
0
VERTEX
8
BUILDINGS_CONTEXT
10
244.866
20
-22.455
30
0
0
SEQEND
8
BUILDINGS_CONTEXT
0
POLYLINE
8
BUILDINGS_CONTEXT
66
1
10
0
20
0
30
0
39
20
70
1
0
VERTEX
8
BUILDINGS_CONTEXT
10
244.866
20
-22.455
30
0
0
VERTEX
8
BUILDINGS_CONTEXT
10
232.505
20
-23.539
30
0
0
VERTEX
8
BUILDINGS_CONTEXT
10
234.058
20
-41.245
30
0
0
VERTEX
8
BUILDINGS_CONTEXT
10
246.419
20
-40.161
30
0
0
SEQEND
8
BUILDINGS_CONTEXT
0
POLYLINE
8
BUILDINGS_CONTEXT
66
1
10
0
20
0
30
0
39
21.108
70
1
0
VERTEX
8
BUILDINGS_CONTEXT
10
271.345
20
-3.23
30
0
0
VERTEX
8
BUILDINGS_CONTEXT
10
243.395
20
-5.681
30
0
0
VERTEX
8
BUILDINGS_CONTEXT
10
244.869
20
-22.485
30
0
0
VERTEX
8
BUILDINGS_CONTEXT
10
272.818
20
-20.034
30
0
0
SEQEND
8
BUILDINGS_CONTEXT
0
POLYLINE
8
BUILDINGS_CONTEXT
66
1
10
0
20
0
30
0
39
21.308
70
1
0
VERTEX
8
BUILDINGS_CONTEXT
10
294.715
20
-1.181
30
0
0
VERTEX
8
BUILDINGS_CONTEXT
10
271.345
20
-3.23
30
0
0
VERTEX
8
BUILDINGS_CONTEXT
10
272.623
20
-17.803
30
0
0
VERTEX
8
BUILDINGS_CONTEXT
10
295.993
20
-15.754
30
0
0
SEQEND
8
BUILDINGS_CONTEXT
0
POLYLINE
8
BUILDINGS_CONTEXT
66
1
10
0
20
0
30
0
39
16.6
70
1
0
VERTEX
8
BUILDINGS_CONTEXT
10
295.993
20
-15.754
30
0
0
VERTEX
8
BUILDINGS_CONTEXT
10
283.084
20
-16.886
30
0
0
VERTEX
8
BUILDINGS_CONTEXT
10
285.566
20
-45.189
30
0
0
VERTEX
8
BUILDINGS_CONTEXT
10
298.475
20
-44.057
30
0
0
SEQEND
8
BUILDINGS_CONTEXT
0
POLYLINE
8
BUILDINGS_CONTEXT
66
1
10
0
20
0
30
0
39
23.876
70
1
0
VERTEX
8
BUILDINGS_CONTEXT
10
331.817
20
2.072
30
0
0
VERTEX
8
BUILDINGS_CONTEXT
10
294.715
20
-1.181
30
0
0
VERTEX
8
BUILDINGS_CONTEXT
10
296.105
20
-17.03
30
0
0
VERTEX
8
BUILDINGS_CONTEXT
10
333.207
20
-13.776
30
0
0
SEQEND
8
BUILDINGS_CONTEXT
0
POLYLINE
8
BUILDINGS_CONTEXT
66
1
10
0
20
0
30
0
39
23.935
70
1
0
VERTEX
8
BUILDINGS_CONTEXT
10
365.814
20
5.054
30
0
0
VERTEX
8
BUILDINGS_CONTEXT
10
331.817
20
2.072
30
0
0
VERTEX
8
BUILDINGS_CONTEXT
10
333.276
20
-14.568
30
0
0
VERTEX
8
BUILDINGS_CONTEXT
10
367.273
20
-11.587
30
0
0
SEQEND
8
BUILDINGS_CONTEXT
0
POLYLINE
8
BUILDINGS_CONTEXT
66
1
10
0
20
0
30
0
39
23.4
70
1
0
VERTEX
8
BUILDINGS_CONTEXT
10
367.273
20
-11.587
30
0
0
VERTEX
8
BUILDINGS_CONTEXT
10
355.457
20
-12.623
30
0
0
VERTEX
8
BUILDINGS_CONTEXT
10
358.392
20
-46.085
30
0
0
VERTEX
8
BUILDINGS_CONTEXT
10
370.207
20
-45.048
30
0
0
SEQEND
8
BUILDINGS_CONTEXT
0
POLYLINE
8
BUILDINGS_CONTEXT
66
1
10
0
20
0
30
0
39
20.674
70
1
0
VERTEX
8
BUILDINGS_CONTEXT
10
384.522
20
6.694
30
0
0
VERTEX
8
BUILDINGS_CONTEXT
10
365.814
20
5.054
30
0
0
VERTEX
8
BUILDINGS_CONTEXT
10
367.101
20
-9.628
30
0
0
VERTEX
8
BUILDINGS_CONTEXT
10
385.809
20
-7.987
30
0
0
SEQEND
8
BUILDINGS_CONTEXT
0
POLYLINE
8
BUILDINGS_CONTEXT
66
1
10
0
20
0
30
0
39
24.228
70
1
0
VERTEX
8
BUILDINGS_CONTEXT
10
400.528
20
8.098
30
0
0
VERTEX
8
BUILDINGS_CONTEXT
10
384.522
20
6.694
30
0
0
VERTEX
8
BUILDINGS_CONTEXT
10
385.914
20
-9.184
30
0
0
VERTEX
8
BUILDINGS_CONTEXT
10
401.92
20
-7.78
30
0
0
SEQEND
8
BUILDINGS_CONTEXT
0
POLYLINE
8
BUILDINGS_CONTEXT
66
1
10
0
20
0
30
0
39
21.272
70
1
0
VERTEX
8
BUILDINGS_CONTEXT
10
432.46
20
10.898
30
0
0
VERTEX
8
BUILDINGS_CONTEXT
10
400.528
20
8.098
30
0
0
VERTEX
8
BUILDINGS_CONTEXT
10
401.819
20
-6.627
30
0
0
VERTEX
8
BUILDINGS_CONTEXT
10
433.751
20
-3.827
30
0
0
SEQEND
8
BUILDINGS_CONTEXT
0
POLYLINE
8
BUILDINGS_CONTEXT
66
1
10
0
20
0
30
0
39
20
70
1
0
VERTEX
8
BUILDINGS_CONTEXT
10
412.235
20
-5.713
30
0
0
VERTEX
8
BUILDINGS_CONTEXT
10
401.819
20
-6.627
30
0
0
VERTEX
8
BUILDINGS_CONTEXT
10
404.311
20
-35.046
30
0
0
VERTEX
8
BUILDINGS_CONTEXT
10
414.727
20
-34.133
30
0
0
SEQEND
8
BUILDINGS_CONTEXT
0
POLYLINE
8
BUILDINGS_CONTEXT
66
1
10
0
20
0
30
0
39
21.195
70
1
0
VERTEX
8
BUILDINGS_CONTEXT
10
454.444
20
12.826
30
0
0
VERTEX
8
BUILDINGS_CONTEXT
10
432.46
20
10.898
30
0
0
VERTEX
8
BUILDINGS_CONTEXT
10
433.637
20
-2.528
30
0
0
VERTEX
8
BUILDINGS_CONTEXT
10
455.622
20
-0.6
30
0
0
SEQEND
8
BUILDINGS_CONTEXT
0
POLYLINE
8
BUILDINGS_CONTEXT
66
1
10
0
20
0
30
0
39
24.608
70
1
0
VERTEX
8
BUILDINGS_CONTEXT
10
489.53
20
15.903
30
0
0
VERTEX
8
BUILDINGS_CONTEXT
10
454.444
20
12.826
30
0
0
VERTEX
8
BUILDINGS_CONTEXT
10
455.739
20
-1.931
30
0
0
VERTEX
8
BUILDINGS_CONTEXT
10
490.824
20
1.145
30
0
0
SEQEND
8
BUILDINGS_CONTEXT
0
POLYLINE
8
BUILDINGS_CONTEXT
66
1
10
0
20
0
30
0
39
24.44
70
1
0
VERTEX
8
BUILDINGS_CONTEXT
10
525.568
20
19.063
30
0
0
VERTEX
8
BUILDINGS_CONTEXT
10
489.53
20
15.903
30
0
0
VERTEX
8
BUILDINGS_CONTEXT
10
490.741
20
2.096
30
0
0
VERTEX
8
BUILDINGS_CONTEXT
10
526.779
20
5.256
30
0
0
SEQEND
8
BUILDINGS_CONTEXT
0
POLYLINE
8
BUILDINGS_CONTEXT
66
1
10
0
20
0
30
0
39
20.513
70
1
0
VERTEX
8
BUILDINGS_CONTEXT
10
545.743
20
20.832
30
0
0
VERTEX
8
BUILDINGS_CONTEXT
10
525.568
20
19.063
30
0
0
VERTEX
8
BUILDINGS_CONTEXT
10
526.91
20
3.768
30
0
0
VERTEX
8
BUILDINGS_CONTEXT
10
547.084
20
5.537
30
0
0
SEQEND
8
BUILDINGS_CONTEXT
0
POLYLINE
8
BUILDINGS_CONTEXT
66
1
10
0
20
0
30
0
39
20
70
1
0
VERTEX
8
BUILDINGS_CONTEXT
10
547.084
20
5.537
30
0
0
VERTEX
8
BUILDINGS_CONTEXT
10
536.625
20
4.62
30
0
0
VERTEX
8
BUILDINGS_CONTEXT
10
539.424
20
-27.301
30
0
0
VERTEX
8
BUILDINGS_CONTEXT
10
549.884
20
-26.384
30
0
0
SEQEND
8
BUILDINGS_CONTEXT
0
POLYLINE
8
BUILDINGS_CONTEXT
66
1
10
0
20
0
30
0
39
17.827
70
1
0
VERTEX
8
BUILDINGS_CONTEXT
10
564.357
20
22.464
30
0
0
VERTEX
8
BUILDINGS_CONTEXT
10
545.743
20
20.832
30
0
0
VERTEX
8
BUILDINGS_CONTEXT
10
546.982
20
6.703
30
0
0
VERTEX
8
BUILDINGS_CONTEXT
10
565.596
20
8.336
30
0
0
SEQEND
8
BUILDINGS_CONTEXT
0
POLYLINE
8
BUILDINGS_CONTEXT
66
1
10
0
20
0
30
0
39
13.2
70
1
0
VERTEX
8
BUILDINGS_CONTEXT
10
565.596
20
8.336
30
0
0
VERTEX
8
BUILDINGS_CONTEXT
10
553.782
20
7.3
30
0
0
VERTEX
8
BUILDINGS_CONTEXT
10
555.3
20
-10.014
30
0
0
VERTEX
8
BUILDINGS_CONTEXT
10
567.114
20
-8.978
30
0
0
SEQEND
8
BUILDINGS_CONTEXT
0
POLYLINE
8
BUILDINGS_CONTEXT
66
1
10
0
20
0
30
0
39
24.761
70
1
0
VERTEX
8
BUILDINGS_CONTEXT
10
600.602
20
25.643
30
0
0
VERTEX
8
BUILDINGS_CONTEXT
10
564.357
20
22.464
30
0
0
VERTEX
8
BUILDINGS_CONTEXT
10
565.714
20
6.99
30
0
0
VERTEX
8
BUILDINGS_CONTEXT
10
601.959
20
10.168
30
0
0
SEQEND
8
BUILDINGS_CONTEXT
0
POLYLINE
8
BUILDINGS_CONTEXT
66
1
10
0
20
0
30
0
39
20
70
1
0
VERTEX
8
BUILDINGS_CONTEXT
10
601.959
20
10.168
30
0
0
VERTEX
8
BUILDINGS_CONTEXT
10
591.724
20
9.271
30
0
0
VERTEX
8
BUILDINGS_CONTEXT
10
593.601
20
-12.13
30
0
0
VERTEX
8
BUILDINGS_CONTEXT
10
603.836
20
-11.233
30
0
0
SEQEND
8
BUILDINGS_CONTEXT
0
POLYLINE
8
BUILDINGS_CONTEXT
66
1
10
0
20
0
30
0
39
23.844
70
1
0
VERTEX
8
BUILDINGS_CONTEXT
10
618.822
20
27.241
30
0
0
VERTEX
8
BUILDINGS_CONTEXT
10
600.602
20
25.643
30
0
0
VERTEX
8
BUILDINGS_CONTEXT
10
601.921
20
10.597
30
0
0
VERTEX
8
BUILDINGS_CONTEXT
10
620.141
20
12.195
30
0
0
SEQEND
8
BUILDINGS_CONTEXT
0
POLYLINE
8
BUILDINGS_CONTEXT
66
1
10
0
20
0
30
0
39
20
70
1
0
VERTEX
8
BUILDINGS_CONTEXT
10
620.141
20
12.195
30
0
0
VERTEX
8
BUILDINGS_CONTEXT
10
608.004
20
11.131
30
0
0
VERTEX
8
BUILDINGS_CONTEXT
10
609.505
20
-5.991
30
0
0
VERTEX
8
BUILDINGS_CONTEXT
10
621.642
20
-4.926
30
0
0
SEQEND
8
BUILDINGS_CONTEXT
0
POLYLINE
8
BUILDINGS_CONTEXT
66
1
10
0
20
0
30
0
39
17.798
70
1
0
VERTEX
8
BUILDINGS_CONTEXT
10
630.618
20
28.275
30
0
0
VERTEX
8
BUILDINGS_CONTEXT
10
618.822
20
27.241
30
0
0
VERTEX
8
BUILDINGS_CONTEXT
10
620.093
20
12.741
30
0
0
VERTEX
8
BUILDINGS_CONTEXT
10
631.89
20
13.776
30
0
0
SEQEND
8
BUILDINGS_CONTEXT
0
POLYLINE
8
BUILDINGS_CONTEXT
66
1
10
0
20
0
30
0
39
20.676
70
1
0
VERTEX
8
BUILDINGS_CONTEXT
10
153.097
20
-43.937
30
0
0
VERTEX
8
BUILDINGS_CONTEXT
10
171.662
20
-44.159
30
0
0
VERTEX
8
BUILDINGS_CONTEXT
10
171.828
20
-30.313
30
0
0
VERTEX
8
BUILDINGS_CONTEXT
10
153.263
20
-30.09
30
0
0
SEQEND
8
BUILDINGS_CONTEXT
0
POLYLINE
8
BUILDINGS_CONTEXT
66
1
10
0
20
0
30
0
39
25
70
1
0
VERTEX
8
BUILDINGS_CONTEXT
10
171.662
20
-44.159
30
0
0
VERTEX
8
BUILDINGS_CONTEXT
10
198.144
20
-44.477
30
0
0
VERTEX
8
BUILDINGS_CONTEXT
10
198.336
20
-28.428
30
0
0
VERTEX
8
BUILDINGS_CONTEXT
10
171.854
20
-28.11
30
0
0
SEQEND
8
BUILDINGS_CONTEXT
0
POLYLINE
8
BUILDINGS_CONTEXT
66
1
10
0
20
0
30
0
39
24.055
70
1
0
VERTEX
8
BUILDINGS_CONTEXT
10
198.144
20
-44.477
30
0
0
VERTEX
8
BUILDINGS_CONTEXT
10
219.812
20
-44.737
30
0
0
VERTEX
8
BUILDINGS_CONTEXT
10
219.969
20
-31.612
30
0
0
VERTEX
8
BUILDINGS_CONTEXT
10
198.301
20
-31.352
30
0
0
SEQEND
8
BUILDINGS_CONTEXT
0
POLYLINE
8
BUILDINGS_CONTEXT
66
1
10
0
20
0
30
0
39
17.696
70
1
0
VERTEX
8
BUILDINGS_CONTEXT
10
249.809
20
-45.097
30
0
0
VERTEX
8
BUILDINGS_CONTEXT
10
272.589
20
-45.37
30
0
0
VERTEX
8
BUILDINGS_CONTEXT
10
272.752
20
-31.745
30
0
0
VERTEX
8
BUILDINGS_CONTEXT
10
249.973
20
-31.472
30
0
0
SEQEND
8
BUILDINGS_CONTEXT
0
POLYLINE
8
BUILDINGS_CONTEXT
66
1
10
0
20
0
30
0
39
20.986
70
1
0
VERTEX
8
BUILDINGS_CONTEXT
10
302.586
20
-45.73
30
0
0
VERTEX
8
BUILDINGS_CONTEXT
10
328.624
20
-46.043
30
0
0
VERTEX
8
BUILDINGS_CONTEXT
10
328.818
20
-29.932
30
0
0
VERTEX
8
BUILDINGS_CONTEXT
10
302.78
20
-29.619
30
0
0
SEQEND
8
BUILDINGS_CONTEXT
0
POLYLINE
8
BUILDINGS_CONTEXT
66
1
10
0
20
0
30
0
39
17.057
70
1
0
VERTEX
8
BUILDINGS_CONTEXT
10
328.624
20
-46.043
30
0
0
VERTEX
8
BUILDINGS_CONTEXT
10
356.958
20
-46.383
30
0
0
VERTEX
8
BUILDINGS_CONTEXT
10
357.154
20
-30.047
30
0
0
VERTEX
8
BUILDINGS_CONTEXT
10
328.82
20
-29.707
30
0
0
SEQEND
8
BUILDINGS_CONTEXT
0
POLYLINE
8
BUILDINGS_CONTEXT
66
1
10
0
20
0
30
0
39
24.4
70
1
0
VERTEX
8
BUILDINGS_CONTEXT
10
371.957
20
-46.563
30
0
0
VERTEX
8
BUILDINGS_CONTEXT
10
398.097
20
-46.877
30
0
0
VERTEX
8
BUILDINGS_CONTEXT
10
398.274
20
-32.143
30
0
0
VERTEX
8
BUILDINGS_CONTEXT
10
372.134
20
-31.829
30
0
0
SEQEND
8
BUILDINGS_CONTEXT
0
POLYLINE
8
BUILDINGS_CONTEXT
66
1
10
0
20
0
30
0
39
18.111
70
1
0
VERTEX
8
BUILDINGS_CONTEXT
10
418.235
20
-47.443
30
0
0
VERTEX
8
BUILDINGS_CONTEXT
10
442.224
20
-48.163
30
0
0
VERTEX
8
BUILDINGS_CONTEXT
10
442.674
20
-33.17
30
0
0
VERTEX
8
BUILDINGS_CONTEXT
10
418.685
20
-32.451
30
0
0
SEQEND
8
BUILDINGS_CONTEXT
0
POLYLINE
8
BUILDINGS_CONTEXT
66
1
10
0
20
0
30
0
39
24.32
70
1
0
VERTEX
8
BUILDINGS_CONTEXT
10
442.224
20
-48.163
30
0
0
VERTEX
8
BUILDINGS_CONTEXT
10
460.379
20
-48.708
30
0
0
VERTEX
8
BUILDINGS_CONTEXT
10
460.856
20
-32.784
30
0
0
VERTEX
8
BUILDINGS_CONTEXT
10
442.702
20
-32.239
30
0
0
SEQEND
8
BUILDINGS_CONTEXT
0
POLYLINE
8
BUILDINGS_CONTEXT
66
1
10
0
20
0
30
0
39
23.4
70
1
0
VERTEX
8
BUILDINGS_CONTEXT
10
442.702
20
-32.239
30
0
0
VERTEX
8
BUILDINGS_CONTEXT
10
454.818
20
-32.603
30
0
0
VERTEX
8
BUILDINGS_CONTEXT
10
455.692
20
-3.492
30
0
0
VERTEX
8
BUILDINGS_CONTEXT
10
443.575
20
-3.128
30
0
0
SEQEND
8
BUILDINGS_CONTEXT
0
POLYLINE
8
BUILDINGS_CONTEXT
66
1
10
0
20
0
30
0
39
17.636
70
1
0
VERTEX
8
BUILDINGS_CONTEXT
10
460.379
20
-48.708
30
0
0
VERTEX
8
BUILDINGS_CONTEXT
10
488.755
20
-49.559
30
0
0
VERTEX
8
BUILDINGS_CONTEXT
10
489.161
20
-36.018
30
0
0
VERTEX
8
BUILDINGS_CONTEXT
10
460.785
20
-35.167
30
0
0
SEQEND
8
BUILDINGS_CONTEXT
0
POLYLINE
8
BUILDINGS_CONTEXT
66
1
10
0
20
0
30
0
39
21.083
70
1
0
VERTEX
8
BUILDINGS_CONTEXT
10
488.755
20
-49.559
30
0
0
VERTEX
8
BUILDINGS_CONTEXT
10
506.808
20
-50.101
30
0
0
VERTEX
8
BUILDINGS_CONTEXT
10
507.263
20
-34.913
30
0
0
VERTEX
8
BUILDINGS_CONTEXT
10
489.211
20
-34.372
30
0
0
SEQEND
8
BUILDINGS_CONTEXT
0
POLYLINE
8
BUILDINGS_CONTEXT
66
1
10
0
20
0
30
0
39
17.794
70
1
0
VERTEX
8
BUILDINGS_CONTEXT
10
506.808
20
-50.101
30
0
0
VERTEX
8
BUILDINGS_CONTEXT
10
539.327
20
-51.076
30
0
0
VERTEX
8
BUILDINGS_CONTEXT
10
539.792
20
-35.593
30
0
0
VERTEX
8
BUILDINGS_CONTEXT
10
507.272
20
-34.617
30
0
0
SEQEND
8
BUILDINGS_CONTEXT
0
POLYLINE
8
BUILDINGS_CONTEXT
66
1
10
0
20
0
30
0
39
16.6
70
1
0
VERTEX
8
BUILDINGS_CONTEXT
10
507.272
20
-34.617
30
0
0
VERTEX
8
BUILDINGS_CONTEXT
10
518.314
20
-34.948
30
0
0
VERTEX
8
BUILDINGS_CONTEXT
10
518.859
20
-16.793
30
0
0
VERTEX
8
BUILDINGS_CONTEXT
10
507.817
20
-16.462
30
0
0
SEQEND
8
BUILDINGS_CONTEXT
0
POLYLINE
8
BUILDINGS_CONTEXT
66
1
10
0
20
0
30
0
39
20.862
70
1
0
VERTEX
8
BUILDINGS_CONTEXT
10
539.327
20
-51.076
30
0
0
VERTEX
8
BUILDINGS_CONTEXT
10
573.936
20
-52.114
30
0
0
VERTEX
8
BUILDINGS_CONTEXT
10
574.354
20
-38.173
30
0
0
VERTEX
8
BUILDINGS_CONTEXT
10
539.746
20
-37.134
30
0
0
SEQEND
8
BUILDINGS_CONTEXT
0
POLYLINE
8
BUILDINGS_CONTEXT
66
1
10
0
20
0
30
0
39
21.14
70
1
0
VERTEX
8
BUILDINGS_CONTEXT
10
573.936
20
-52.114
30
0
0
VERTEX
8
BUILDINGS_CONTEXT
10
595.982
20
-52.776
30
0
0
VERTEX
8
BUILDINGS_CONTEXT
10
596.465
20
-36.674
30
0
0
VERTEX
8
BUILDINGS_CONTEXT
10
574.419
20
-36.013
30
0
0
SEQEND
8
BUILDINGS_CONTEXT
0
POLYLINE
8
BUILDINGS_CONTEXT
66
1
10
0
20
0
30
0
39
16.6
70
1
0
VERTEX
8
BUILDINGS_CONTEXT
10
586.466
20
-36.374
30
0
0
VERTEX
8
BUILDINGS_CONTEXT
10
596.465
20
-36.674
30
0
0
VERTEX
8
BUILDINGS_CONTEXT
10
597.06
20
-16.836
30
0
0
VERTEX
8
BUILDINGS_CONTEXT
10
587.061
20
-16.536
30
0
0
SEQEND
8
BUILDINGS_CONTEXT
0
POLYLINE
8
BUILDINGS_CONTEXT
66
1
10
0
20
0
30
0
39
24.617
70
1
0
VERTEX
8
BUILDINGS_CONTEXT
10
595.982
20
-52.776
30
0
0
VERTEX
8
BUILDINGS_CONTEXT
10
615.685
20
-53.367
30
0
0
VERTEX
8
BUILDINGS_CONTEXT
10
616.136
20
-38.364
30
0
0
VERTEX
8
BUILDINGS_CONTEXT
10
596.432
20
-37.773
30
0
0
SEQEND
8
BUILDINGS_CONTEXT
0
POLYLINE
8
BUILDINGS_CONTEXT
66
1
10
0
20
0
30
0
39
20
70
1
0
VERTEX
8
BUILDINGS_CONTEXT
10
596.432
20
-37.773
30
0
0
VERTEX
8
BUILDINGS_CONTEXT
10
607.387
20
-38.102
30
0
0
VERTEX
8
BUILDINGS_CONTEXT
10
608.012
20
-17.257
30
0
0
VERTEX
8
BUILDINGS_CONTEXT
10
597.057
20
-16.929
30
0
0
SEQEND
8
BUILDINGS_CONTEXT
0
POLYLINE
8
BUILDINGS_CONTEXT
66
1
10
0
20
0
30
0
39
17.479
70
1
0
VERTEX
8
BUILDINGS_CONTEXT
10
615.685
20
-53.367
30
0
0
VERTEX
8
BUILDINGS_CONTEXT
10
635.498
20
-53.961
30
0
0
VERTEX
8
BUILDINGS_CONTEXT
10
635.954
20
-38.746
30
0
0
VERTEX
8
BUILDINGS_CONTEXT
10
616.142
20
-38.151
30
0
0
SEQEND
8
BUILDINGS_CONTEXT
0
POLYLINE
8
BUILDINGS_CONTEXT
66
1
10
0
20
0
30
0
39
21.319
70
1
0
VERTEX
8
BUILDINGS_CONTEXT
10
-70.732
20
231.947
30
0
0
VERTEX
8
BUILDINGS_CONTEXT
10
-40.931
20
240.493
30
0
0
VERTEX
8
BUILDINGS_CONTEXT
10
-44.737
20
253.765
30
0
0
VERTEX
8
BUILDINGS_CONTEXT
10
-74.538
20
245.218
30
0
0
SEQEND
8
BUILDINGS_CONTEXT
0
POLYLINE
8
BUILDINGS_CONTEXT
66
1
10
0
20
0
30
0
39
18.012
70
1
0
VERTEX
8
BUILDINGS_CONTEXT
10
-40.931
20
240.493
30
0
0
VERTEX
8
BUILDINGS_CONTEXT
10
-13.353
20
248.403
30
0
0
VERTEX
8
BUILDINGS_CONTEXT
10
-17.767
20
263.795
30
0
0
VERTEX
8
BUILDINGS_CONTEXT
10
-45.346
20
255.886
30
0
0
SEQEND
8
BUILDINGS_CONTEXT
0
POLYLINE
8
BUILDINGS_CONTEXT
66
1
10
0
20
0
30
0
39
13.2
70
1
0
VERTEX
8
BUILDINGS_CONTEXT
10
-28.195
20
260.804
30
0
0
VERTEX
8
BUILDINGS_CONTEXT
10
-17.767
20
263.795
30
0
0
VERTEX
8
BUILDINGS_CONTEXT
10
-26.844
20
295.444
30
0
0
VERTEX
8
BUILDINGS_CONTEXT
10
-37.272
20
292.453
30
0
0
SEQEND
8
BUILDINGS_CONTEXT
0
POLYLINE
8
BUILDINGS_CONTEXT
66
1
10
0
20
0
30
0
39
17.906
70
1
0
VERTEX
8
BUILDINGS_CONTEXT
10
-13.353
20
248.403
30
0
0
VERTEX
8
BUILDINGS_CONTEXT
10
13.578
20
256.126
30
0
0
VERTEX
8
BUILDINGS_CONTEXT
10
9.922
20
268.872
30
0
0
VERTEX
8
BUILDINGS_CONTEXT
10
-17.008
20
261.149
30
0
0
SEQEND
8
BUILDINGS_CONTEXT
0
POLYLINE
8
BUILDINGS_CONTEXT
66
1
10
0
20
0
30
0
39
16.6
70
1
0
VERTEX
8
BUILDINGS_CONTEXT
10
0.077
20
266.049
30
0
0
VERTEX
8
BUILDINGS_CONTEXT
10
9.922
20
268.872
30
0
0
VERTEX
8
BUILDINGS_CONTEXT
10
1.718
20
297.478
30
0
0
VERTEX
8
BUILDINGS_CONTEXT
10
-8.127
20
294.655
30
0
0
SEQEND
8
BUILDINGS_CONTEXT
0
POLYLINE
8
BUILDINGS_CONTEXT
66
1
10
0
20
0
30
0
39
24.734
70
1
0
VERTEX
8
BUILDINGS_CONTEXT
10
13.578
20
256.126
30
0
0
VERTEX
8
BUILDINGS_CONTEXT
10
38.024
20
263.137
30
0
0
VERTEX
8
BUILDINGS_CONTEXT
10
33.395
20
279.277
30
0
0
VERTEX
8
BUILDINGS_CONTEXT
10
8.949
20
272.266
30
0
0
SEQEND
8
BUILDINGS_CONTEXT
0
POLYLINE
8
BUILDINGS_CONTEXT
66
1
10
0
20
0
30
0
39
23.4
70
1
0
VERTEX
8
BUILDINGS_CONTEXT
10
22.845
20
276.251
30
0
0
VERTEX
8
BUILDINGS_CONTEXT
10
33.395
20
279.277
30
0
0
VERTEX
8
BUILDINGS_CONTEXT
10
28.02
20
298.021
30
0
0
VERTEX
8
BUILDINGS_CONTEXT
10
17.47
20
294.995
30
0
0
SEQEND
8
BUILDINGS_CONTEXT
0
POLYLINE
8
BUILDINGS_CONTEXT
66
1
10
0
20
0
30
0
39
24.233
70
1
0
VERTEX
8
BUILDINGS_CONTEXT
10
38.024
20
263.137
30
0
0
VERTEX
8
BUILDINGS_CONTEXT
10
72.49
20
273.022
30
0
0
VERTEX
8
BUILDINGS_CONTEXT
10
68.708
20
286.21
30
0
0
VERTEX
8
BUILDINGS_CONTEXT
10
34.242
20
276.326
30
0
0
SEQEND
8
BUILDINGS_CONTEXT
0
POLYLINE
8
BUILDINGS_CONTEXT
66
1
10
0
20
0
30
0
39
20.578
70
1
0
VERTEX
8
BUILDINGS_CONTEXT
10
72.49
20
273.022
30
0
0
VERTEX
8
BUILDINGS_CONTEXT
10
87.928
20
277.449
30
0
0
VERTEX
8
BUILDINGS_CONTEXT
10
83.836
20
291.717
30
0
0
VERTEX
8
BUILDINGS_CONTEXT
10
68.398
20
287.29
30
0
0
SEQEND
8
BUILDINGS_CONTEXT
0
POLYLINE
8
BUILDINGS_CONTEXT
66
1
10
0
20
0
30
0
39
17.475
70
1
0
VERTEX
8
BUILDINGS_CONTEXT
10
111.959
20
284.341
30
0
0
VERTEX
8
BUILDINGS_CONTEXT
10
148.117
20
294.711
30
0
0
VERTEX
8
BUILDINGS_CONTEXT
10
143.847
20
309.602
30
0
0
VERTEX
8
BUILDINGS_CONTEXT
10
107.688
20
299.232
30
0
0
SEQEND
8
BUILDINGS_CONTEXT
0
POLYLINE
8
BUILDINGS_CONTEXT
66
1
10
0
20
0
30
0
39
16.6
70
1
0
VERTEX
8
BUILDINGS_CONTEXT
10
107.688
20
299.232
30
0
0
VERTEX
8
BUILDINGS_CONTEXT
10
118.887
20
302.444
30
0
0
VERTEX
8
BUILDINGS_CONTEXT
10
114.434
20
317.97
30
0
0
VERTEX
8
BUILDINGS_CONTEXT
10
103.235
20
314.758
30
0
0
SEQEND
8
BUILDINGS_CONTEXT
0
POLYLINE
8
BUILDINGS_CONTEXT
66
1
10
0
20
0
30
0
39
23.908
70
1
0
VERTEX
8
BUILDINGS_CONTEXT
10
148.117
20
294.711
30
0
0
VERTEX
8
BUILDINGS_CONTEXT
10
163.571
20
299.143
30
0
0
VERTEX
8
BUILDINGS_CONTEXT
10
159.023
20
315.001
30
0
0
VERTEX
8
BUILDINGS_CONTEXT
10
143.57
20
310.569
30
0
0
SEQEND
8
BUILDINGS_CONTEXT
0
POLYLINE
8
BUILDINGS_CONTEXT
66
1
10
0
20
0
30
0
39
20.45
70
1
0
VERTEX
8
BUILDINGS_CONTEXT
10
163.571
20
299.143
30
0
0
VERTEX
8
BUILDINGS_CONTEXT
10
199.937
20
309.573
30
0
0
VERTEX
8
BUILDINGS_CONTEXT
10
195.437
20
325.265
30
0
0
VERTEX
8
BUILDINGS_CONTEXT
10
159.071
20
314.836
30
0
0
SEQEND
8
BUILDINGS_CONTEXT
0
POLYLINE
8
BUILDINGS_CONTEXT
66
1
10
0
20
0
30
0
39
16.6
70
1
0
VERTEX
8
BUILDINGS_CONTEXT
10
184.134
20
322.024
30
0
0
VERTEX
8
BUILDINGS_CONTEXT
10
195.437
20
325.265
30
0
0
VERTEX
8
BUILDINGS_CONTEXT
10
190.205
20
343.509
30
0
0
VERTEX
8
BUILDINGS_CONTEXT
10
178.902
20
340.267
30
0
0
SEQEND
8
BUILDINGS_CONTEXT
0
POLYLINE
8
BUILDINGS_CONTEXT
66
1
10
0
20
0
30
0
39
23.985
70
1
0
VERTEX
8
BUILDINGS_CONTEXT
10
199.937
20
309.573
30
0
0
VERTEX
8
BUILDINGS_CONTEXT
10
217.788
20
314.692
30
0
0
VERTEX
8
BUILDINGS_CONTEXT
10
213.3
20
330.342
30
0
0
VERTEX
8
BUILDINGS_CONTEXT
10
195.449
20
325.223
30
0
0
SEQEND
8
BUILDINGS_CONTEXT
0
POLYLINE
8
BUILDINGS_CONTEXT
66
1
10
0
20
0
30
0
39
23.4
70
1
0
VERTEX
8
BUILDINGS_CONTEXT
10
202.786
20
327.327
30
0
0
VERTEX
8
BUILDINGS_CONTEXT
10
213.3
20
330.342
30
0
0
VERTEX
8
BUILDINGS_CONTEXT
10
206.378
20
354.477
30
0
0
VERTEX
8
BUILDINGS_CONTEXT
10
195.864
20
351.462
30
0
0
SEQEND
8
BUILDINGS_CONTEXT
0
POLYLINE
8
BUILDINGS_CONTEXT
66
1
10
0
20
0
30
0
39
24.513
70
1
0
VERTEX
8
BUILDINGS_CONTEXT
10
217.788
20
314.692
30
0
0
VERTEX
8
BUILDINGS_CONTEXT
10
234.299
20
319.428
30
0
0
VERTEX
8
BUILDINGS_CONTEXT
10
230.21
20
333.685
30
0
0
VERTEX
8
BUILDINGS_CONTEXT
10
213.699
20
328.95
30
0
0
SEQEND
8
BUILDINGS_CONTEXT
0
POLYLINE
8
BUILDINGS_CONTEXT
66
1
10
0
20
0
30
0
39
17.538
70
1
0
VERTEX
8
BUILDINGS_CONTEXT
10
258.33
20
326.32
30
0
0
VERTEX
8
BUILDINGS_CONTEXT
10
291.623
20
335.867
30
0
0
VERTEX
8
BUILDINGS_CONTEXT
10
287.432
20
350.478
30
0
0
VERTEX
8
BUILDINGS_CONTEXT
10
254.14
20
340.93
30
0
0
SEQEND
8
BUILDINGS_CONTEXT
0
POLYLINE
8
BUILDINGS_CONTEXT
66
1
10
0
20
0
30
0
39
20.863
70
1
0
VERTEX
8
BUILDINGS_CONTEXT
10
291.623
20
335.867
30
0
0
VERTEX
8
BUILDINGS_CONTEXT
10
326.257
20
345.8
30
0
0
VERTEX
8
BUILDINGS_CONTEXT
10
322.397
20
359.259
30
0
0
VERTEX
8
BUILDINGS_CONTEXT
10
287.763
20
349.326
30
0
0
SEQEND
8
BUILDINGS_CONTEXT
0
POLYLINE
8
BUILDINGS_CONTEXT
66
1
10
0
20
0
30
0
39
17.487
70
1
0
VERTEX
8
BUILDINGS_CONTEXT
10
326.257
20
345.8
30
0
0
VERTEX
8
BUILDINGS_CONTEXT
10
342.445
20
350.443
30
0
0
VERTEX
8
BUILDINGS_CONTEXT
10
337.88
20
366.361
30
0
0
VERTEX
8
BUILDINGS_CONTEXT
10
321.691
20
361.718
30
0
0
SEQEND
8
BUILDINGS_CONTEXT
0
POLYLINE
8
BUILDINGS_CONTEXT
66
1
10
0
20
0
30
0
39
17.366
70
1
0
VERTEX
8
BUILDINGS_CONTEXT
10
361.67
20
355.956
30
0
0
VERTEX
8
BUILDINGS_CONTEXT
10
397.881
20
366.342
30
0
0
VERTEX
8
BUILDINGS_CONTEXT
10
394.212
20
379.134
30
0
0
VERTEX
8
BUILDINGS_CONTEXT
10
358.001
20
368.749
30
0
0
SEQEND
8
BUILDINGS_CONTEXT
0
POLYLINE
8
BUILDINGS_CONTEXT
66
1
10
0
20
0
30
0
39
24.201
70
1
0
VERTEX
8
BUILDINGS_CONTEXT
10
397.881
20
366.342
30
0
0
VERTEX
8
BUILDINGS_CONTEXT
10
432.689
20
376.324
30
0
0
VERTEX
8
BUILDINGS_CONTEXT
10
428.898
20
389.543
30
0
0
VERTEX
8
BUILDINGS_CONTEXT
10
394.09
20
379.56
30
0
0
SEQEND
8
BUILDINGS_CONTEXT
0
POLYLINE
8
BUILDINGS_CONTEXT
66
1
10
0
20
0
30
0
39
24.093
70
1
0
VERTEX
8
BUILDINGS_CONTEXT
10
432.689
20
376.324
30
0
0
VERTEX
8
BUILDINGS_CONTEXT
10
448.655
20
380.903
30
0
0
VERTEX
8
BUILDINGS_CONTEXT
10
444.356
20
395.89
30
0
0
VERTEX
8
BUILDINGS_CONTEXT
10
428.391
20
391.312
30
0
0
SEQEND
8
BUILDINGS_CONTEXT
0
POLYLINE
8
BUILDINGS_CONTEXT
66
1
10
0
20
0
30
0
39
21.124
70
1
0
VERTEX
8
BUILDINGS_CONTEXT
10
448.655
20
380.903
30
0
0
VERTEX
8
BUILDINGS_CONTEXT
10
464.14
20
385.344
30
0
0
VERTEX
8
BUILDINGS_CONTEXT
10
459.478
20
401.598
30
0
0
VERTEX
8
BUILDINGS_CONTEXT
10
443.993
20
397.157
30
0
0
SEQEND
8
BUILDINGS_CONTEXT
0
POLYLINE
8
BUILDINGS_CONTEXT
66
1
10
0
20
0
30
0
39
20
70
1
0
VERTEX
8
BUILDINGS_CONTEXT
10
443.993
20
397.157
30
0
0
VERTEX
8
BUILDINGS_CONTEXT
10
454.548
20
400.185
30
0
0
VERTEX
8
BUILDINGS_CONTEXT
10
447.452
20
424.926
30
0
0
VERTEX
8
BUILDINGS_CONTEXT
10
436.897
20
421.899
30
0
0
SEQEND
8
BUILDINGS_CONTEXT
0
POLYLINE
8
BUILDINGS_CONTEXT
66
1
10
0
20
0
30
0
39
21.134
70
1
0
VERTEX
8
BUILDINGS_CONTEXT
10
464.14
20
385.344
30
0
0
VERTEX
8
BUILDINGS_CONTEXT
10
486.813
20
391.846
30
0
0
VERTEX
8
BUILDINGS_CONTEXT
10
482.849
20
405.666
30
0
0
VERTEX
8
BUILDINGS_CONTEXT
10
460.176
20
399.163
30
0
0
SEQEND
8
BUILDINGS_CONTEXT
0
POLYLINE
8
BUILDINGS_CONTEXT
66
1
10
0
20
0
30
0
39
20
70
1
0
VERTEX
8
BUILDINGS_CONTEXT
10
470.695
20
402.18
30
0
0
VERTEX
8
BUILDINGS_CONTEXT
10
482.849
20
405.666
30
0
0
VERTEX
8
BUILDINGS_CONTEXT
10
477.1
20
425.713
30
0
0
VERTEX
8
BUILDINGS_CONTEXT
10
464.945
20
422.228
30
0
0
SEQEND
8
BUILDINGS_CONTEXT
0
POLYLINE
8
BUILDINGS_CONTEXT
66
1
10
0
20
0
30
0
39
17.006
70
1
0
VERTEX
8
BUILDINGS_CONTEXT
10
486.813
20
391.846
30
0
0
VERTEX
8
BUILDINGS_CONTEXT
10
522.194
20
401.994
30
0
0
VERTEX
8
BUILDINGS_CONTEXT
10
518.039
20
416.483
30
0
0
VERTEX
8
BUILDINGS_CONTEXT
10
482.657
20
406.336
30
0
0
SEQEND
8
BUILDINGS_CONTEXT
0
POLYLINE
8
BUILDINGS_CONTEXT
66
1
10
0
20
0
30
0
39
13.2
70
1
0
VERTEX
8
BUILDINGS_CONTEXT
10
508.284
20
413.686
30
0
0
VERTEX
8
BUILDINGS_CONTEXT
10
518.039
20
416.483
30
0
0
VERTEX
8
BUILDINGS_CONTEXT
10
510.465
20
442.891
30
0
0
VERTEX
8
BUILDINGS_CONTEXT
10
500.71
20
440.094
30
0
0
SEQEND
8
BUILDINGS_CONTEXT
0
POLYLINE
8
BUILDINGS_CONTEXT
66
1
10
0
20
0
30
0
39
17.193
70
1
0
VERTEX
8
BUILDINGS_CONTEXT
10
522.194
20
401.994
30
0
0
VERTEX
8
BUILDINGS_CONTEXT
10
540.178
20
407.151
30
0
0
VERTEX
8
BUILDINGS_CONTEXT
10
535.965
20
421.84
30
0
0
VERTEX
8
BUILDINGS_CONTEXT
10
517.981
20
416.682
30
0
0
SEQEND
8
BUILDINGS_CONTEXT
0
POLYLINE
8
BUILDINGS_CONTEXT
66
1
10
0
20
0
30
0
39
13.2
70
1
0
VERTEX
8
BUILDINGS_CONTEXT
10
517.981
20
416.682
30
0
0
VERTEX
8
BUILDINGS_CONTEXT
10
529.096
20
419.87
30
0
0
VERTEX
8
BUILDINGS_CONTEXT
10
522.789
20
441.86
30
0
0
VERTEX
8
BUILDINGS_CONTEXT
10
511.675
20
438.673
30
0
0
SEQEND
8
BUILDINGS_CONTEXT
0
POLYLINE
8
BUILDINGS_CONTEXT
66
1
10
0
20
0
30
0
39
20.981
70
1
0
VERTEX
8
BUILDINGS_CONTEXT
10
540.178
20
407.151
30
0
0
VERTEX
8
BUILDINGS_CONTEXT
10
559.407
20
412.666
30
0
0
VERTEX
8
BUILDINGS_CONTEXT
10
555.422
20
426.561
30
0
0
VERTEX
8
BUILDINGS_CONTEXT
10
536.192
20
421.046
30
0
0
SEQEND
8
BUILDINGS_CONTEXT
0
POLYLINE
8
BUILDINGS_CONTEXT
66
1
10
0
20
0
30
0
39
16.6
70
1
0
VERTEX
8
BUILDINGS_CONTEXT
10
543.684
20
423.195
30
0
0
VERTEX
8
BUILDINGS_CONTEXT
10
555.422
20
426.561
30
0
0
VERTEX
8
BUILDINGS_CONTEXT
10
549.208
20
448.228
30
0
0
VERTEX
8
BUILDINGS_CONTEXT
10
537.47
20
444.862
30
0
0
SEQEND
8
BUILDINGS_CONTEXT
0
POLYLINE
8
BUILDINGS_CONTEXT
66
1
10
0
20
0
30
0
39
21.158
70
1
0
VERTEX
8
BUILDINGS_CONTEXT
10
578.632
20
418.18
30
0
0
VERTEX
8
BUILDINGS_CONTEXT
10
598.052
20
423.749
30
0
0
VERTEX
8
BUILDINGS_CONTEXT
10
593.63
20
439.167
30
0
0
VERTEX
8
BUILDINGS_CONTEXT
10
574.21
20
433.598
30
0
0
SEQEND
8
BUILDINGS_CONTEXT
0
POLYLINE
8
BUILDINGS_CONTEXT
66
1
10
0
20
0
30
0
39
20
70
1
0
VERTEX
8
BUILDINGS_CONTEXT
10
574.21
20
433.598
30
0
0
VERTEX
8
BUILDINGS_CONTEXT
10
585.301
20
436.778
30
0
0
VERTEX
8
BUILDINGS_CONTEXT
10
577.878
20
462.66
30
0
0
VERTEX
8
BUILDINGS_CONTEXT
10
566.788
20
459.48
30
0
0
SEQEND
8
BUILDINGS_CONTEXT
0
POLYLINE
8
BUILDINGS_CONTEXT
66
1
10
0
20
0
30
0
39
24.656
70
1
0
VERTEX
8
BUILDINGS_CONTEXT
10
598.052
20
423.749
30
0
0
VERTEX
8
BUILDINGS_CONTEXT
10
617.989
20
429.467
30
0
0
VERTEX
8
BUILDINGS_CONTEXT
10
613.459
20
445.261
30
0
0
VERTEX
8
BUILDINGS_CONTEXT
10
593.522
20
439.543
30
0
0
SEQEND
8
BUILDINGS_CONTEXT
0
POLYLINE
8
BUILDINGS_CONTEXT
66
1
10
0
20
0
30
0
39
20
70
1
0
VERTEX
8
BUILDINGS_CONTEXT
10
602.273
20
442.053
30
0
0
VERTEX
8
BUILDINGS_CONTEXT
10
613.459
20
445.261
30
0
0
VERTEX
8
BUILDINGS_CONTEXT
10
607.516
20
465.985
30
0
0
VERTEX
8
BUILDINGS_CONTEXT
10
596.33
20
462.777
30
0
0
SEQEND
8
BUILDINGS_CONTEXT
0
POLYLINE
8
BUILDINGS_CONTEXT
66
1
10
0
20
0
30
0
39
20.879
70
1
0
VERTEX
8
BUILDINGS_CONTEXT
10
617.989
20
429.467
30
0
0
VERTEX
8
BUILDINGS_CONTEXT
10
634.989
20
434.342
30
0
0
VERTEX
8
BUILDINGS_CONTEXT
10
630.965
20
448.376
30
0
0
VERTEX
8
BUILDINGS_CONTEXT
10
613.964
20
443.501
30
0
0
SEQEND
8
BUILDINGS_CONTEXT
0
POLYLINE
8
BUILDINGS_CONTEXT
66
1
10
0
20
0
30
0
39
17.075
70
1
0
VERTEX
8
BUILDINGS_CONTEXT
10
-33.026
20
222.787
30
0
0
VERTEX
8
BUILDINGS_CONTEXT
10
-55.826
20
216.248
30
0
0
VERTEX
8
BUILDINGS_CONTEXT
10
-52.122
20
203.331
30
0
0
VERTEX
8
BUILDINGS_CONTEXT
10
-29.321
20
209.87
30
0
0
SEQEND
8
BUILDINGS_CONTEXT
0
POLYLINE
8
BUILDINGS_CONTEXT
66
1
10
0
20
0
30
0
39
24.803
70
1
0
VERTEX
8
BUILDINGS_CONTEXT
10
-0.241
20
232.189
30
0
0
VERTEX
8
BUILDINGS_CONTEXT
10
-33.026
20
222.787
30
0
0
VERTEX
8
BUILDINGS_CONTEXT
10
-28.704
20
207.717
30
0
0
VERTEX
8
BUILDINGS_CONTEXT
10
4.081
20
217.119
30
0
0
SEQEND
8
BUILDINGS_CONTEXT
0
POLYLINE
8
BUILDINGS_CONTEXT
66
1
10
0
20
0
30
0
39
20
70
1
0
VERTEX
8
BUILDINGS_CONTEXT
10
-18.512
20
210.64
30
0
0
VERTEX
8
BUILDINGS_CONTEXT
10
-28.704
20
207.717
30
0
0
VERTEX
8
BUILDINGS_CONTEXT
10
-22.58
20
186.365
30
0
0
VERTEX
8
BUILDINGS_CONTEXT
10
-12.388
20
189.288
30
0
0
SEQEND
8
BUILDINGS_CONTEXT
0
POLYLINE
8
BUILDINGS_CONTEXT
66
1
10
0
20
0
30
0
39
24.639
70
1
0
VERTEX
8
BUILDINGS_CONTEXT
10
29.175
20
240.625
30
0
0
VERTEX
8
BUILDINGS_CONTEXT
10
-0.241
20
232.189
30
0
0
VERTEX
8
BUILDINGS_CONTEXT
10
4.282
20
216.419
30
0
0
VERTEX
8
BUILDINGS_CONTEXT
10
33.698
20
224.855
30
0
0
SEQEND
8
BUILDINGS_CONTEXT
0
POLYLINE
8
BUILDINGS_CONTEXT
66
1
10
0
20
0
30
0
39
23.4
70
1
0
VERTEX
8
BUILDINGS_CONTEXT
10
33.698
20
224.855
30
0
0
VERTEX
8
BUILDINGS_CONTEXT
10
22.814
20
221.734
30
0
0
VERTEX
8
BUILDINGS_CONTEXT
10
29.871
20
197.125
30
0
0
VERTEX
8
BUILDINGS_CONTEXT
10
40.755
20
200.247
30
0
0
SEQEND
8
BUILDINGS_CONTEXT
0
POLYLINE
8
BUILDINGS_CONTEXT
66
1
10
0
20
0
30
0
39
17.002
70
1
0
VERTEX
8
BUILDINGS_CONTEXT
10
55.04
20
248.043
30
0
0
VERTEX
8
BUILDINGS_CONTEXT
10
29.175
20
240.625
30
0
0
VERTEX
8
BUILDINGS_CONTEXT
10
33.4
20
225.893
30
0
0
VERTEX
8
BUILDINGS_CONTEXT
10
59.265
20
233.311
30
0
0
SEQEND
8
BUILDINGS_CONTEXT
0
POLYLINE
8
BUILDINGS_CONTEXT
66
1
10
0
20
0
30
0
39
21.354
70
1
0
VERTEX
8
BUILDINGS_CONTEXT
10
75.254
20
253.841
30
0
0
VERTEX
8
BUILDINGS_CONTEXT
10
55.04
20
248.043
30
0
0
VERTEX
8
BUILDINGS_CONTEXT
10
59.711
20
231.758
30
0
0
VERTEX
8
BUILDINGS_CONTEXT
10
79.924
20
237.555
30
0
0
SEQEND
8
BUILDINGS_CONTEXT
0
POLYLINE
8
BUILDINGS_CONTEXT
66
1
10
0
20
0
30
0
39
17.39
70
1
0
VERTEX
8
BUILDINGS_CONTEXT
10
95.521
20
259.653
30
0
0
VERTEX
8
BUILDINGS_CONTEXT
10
75.254
20
253.841
30
0
0
VERTEX
8
BUILDINGS_CONTEXT
10
79.154
20
240.243
30
0
0
VERTEX
8
BUILDINGS_CONTEXT
10
99.42
20
246.055
30
0
0
SEQEND
8
BUILDINGS_CONTEXT
0
POLYLINE
8
BUILDINGS_CONTEXT
66
1
10
0
20
0
30
0
39
13.2
70
1
0
VERTEX
8
BUILDINGS_CONTEXT
10
91.069
20
243.66
30
0
0
VERTEX
8
BUILDINGS_CONTEXT
10
79.154
20
240.243
30
0
0
VERTEX
8
BUILDINGS_CONTEXT
10
84.169
20
222.756
30
0
0
VERTEX
8
BUILDINGS_CONTEXT
10
96.084
20
226.173
30
0
0
SEQEND
8
BUILDINGS_CONTEXT
0
POLYLINE
8
BUILDINGS_CONTEXT
66
1
10
0
20
0
30
0
39
21.093
70
1
0
VERTEX
8
BUILDINGS_CONTEXT
10
131.92
20
270.092
30
0
0
VERTEX
8
BUILDINGS_CONTEXT
10
114.746
20
265.166
30
0
0
VERTEX
8
BUILDINGS_CONTEXT
10
118.764
20
251.155
30
0
0
VERTEX
8
BUILDINGS_CONTEXT
10
135.939
20
256.081
30
0
0
SEQEND
8
BUILDINGS_CONTEXT
0
POLYLINE
8
BUILDINGS_CONTEXT
66
1
10
0
20
0
30
0
39
16.6
70
1
0
VERTEX
8
BUILDINGS_CONTEXT
10
135.939
20
256.081
30
0
0
VERTEX
8
BUILDINGS_CONTEXT
10
125.271
20
253.021
30
0
0
VERTEX
8
BUILDINGS_CONTEXT
10
133.574
20
224.067
30
0
0
VERTEX
8
BUILDINGS_CONTEXT
10
144.243
20
227.126
30
0
0
SEQEND
8
BUILDINGS_CONTEXT
0
POLYLINE
8
BUILDINGS_CONTEXT
66
1
10
0
20
0
30
0
39
17.39
70
1
0
VERTEX
8
BUILDINGS_CONTEXT
10
148.438
20
274.829
30
0
0
VERTEX
8
BUILDINGS_CONTEXT
10
131.92
20
270.092
30
0
0
VERTEX
8
BUILDINGS_CONTEXT
10
135.828
20
256.468
30
0
0
VERTEX
8
BUILDINGS_CONTEXT
10
152.346
20
261.206
30
0
0
SEQEND
8
BUILDINGS_CONTEXT
0
POLYLINE
8
BUILDINGS_CONTEXT
66
1
10
0
20
0
30
0
39
17.141
70
1
0
VERTEX
8
BUILDINGS_CONTEXT
10
172.231
20
281.653
30
0
0
VERTEX
8
BUILDINGS_CONTEXT
10
148.438
20
274.829
30
0
0
VERTEX
8
BUILDINGS_CONTEXT
10
152.131
20
261.954
30
0
0
VERTEX
8
BUILDINGS_CONTEXT
10
175.924
20
268.778
30
0
0
SEQEND
8
BUILDINGS_CONTEXT
0
POLYLINE
8
BUILDINGS_CONTEXT
66
1
10
0
20
0
30
0
39
21.533
70
1
0
VERTEX
8
BUILDINGS_CONTEXT
10
194.925
20
288.161
30
0
0
VERTEX
8
BUILDINGS_CONTEXT
10
172.231
20
281.653
30
0
0
VERTEX
8
BUILDINGS_CONTEXT
10
176.848
20
265.555
30
0
0
VERTEX
8
BUILDINGS_CONTEXT
10
199.542
20
272.064
30
0
0
SEQEND
8
BUILDINGS_CONTEXT
0
POLYLINE
8
BUILDINGS_CONTEXT
66
1
10
0
20
0
30
0
39
23.936
70
1
0
VERTEX
8
BUILDINGS_CONTEXT
10
218.305
20
294.867
30
0
0
VERTEX
8
BUILDINGS_CONTEXT
10
194.925
20
288.161
30
0
0
VERTEX
8
BUILDINGS_CONTEXT
10
199.512
20
272.167
30
0
0
VERTEX
8
BUILDINGS_CONTEXT
10
222.893
20
278.872
30
0
0
SEQEND
8
BUILDINGS_CONTEXT
0
POLYLINE
8
BUILDINGS_CONTEXT
66
1
10
0
20
0
30
0
39
23.4
70
1
0
VERTEX
8
BUILDINGS_CONTEXT
10
210.305
20
275.262
30
0
0
VERTEX
8
BUILDINGS_CONTEXT
10
199.512
20
272.167
30
0
0
VERTEX
8
BUILDINGS_CONTEXT
10
208.85
20
239.608
30
0
0
VERTEX
8
BUILDINGS_CONTEXT
10
219.643
20
242.704
30
0
0
SEQEND
8
BUILDINGS_CONTEXT
0
POLYLINE
8
BUILDINGS_CONTEXT
66
1
10
0
20
0
30
0
39
20.696
70
1
0
VERTEX
8
BUILDINGS_CONTEXT
10
235.945
20
299.925
30
0
0
VERTEX
8
BUILDINGS_CONTEXT
10
218.305
20
294.867
30
0
0
VERTEX
8
BUILDINGS_CONTEXT
10
222.334
20
280.819
30
0
0
VERTEX
8
BUILDINGS_CONTEXT
10
239.973
20
285.878
30
0
0
SEQEND
8
BUILDINGS_CONTEXT
0
POLYLINE
8
BUILDINGS_CONTEXT
66
1
10
0
20
0
30
0
39
17.538
70
1
0
VERTEX
8
BUILDINGS_CONTEXT
10
257.126
20
306
30
0
0
VERTEX
8
BUILDINGS_CONTEXT
10
235.945
20
299.925
30
0
0
VERTEX
8
BUILDINGS_CONTEXT
10
240.53
20
283.936
30
0
0
VERTEX
8
BUILDINGS_CONTEXT
10
261.711
20
290.011
30
0
0
SEQEND
8
BUILDINGS_CONTEXT
0
POLYLINE
8
BUILDINGS_CONTEXT
66
1
10
0
20
0
30
0
39
18.02
70
1
0
VERTEX
8
BUILDINGS_CONTEXT
10
286.375
20
314.388
30
0
0
VERTEX
8
BUILDINGS_CONTEXT
10
257.126
20
306
30
0
0
VERTEX
8
BUILDINGS_CONTEXT
10
261.465
20
290.869
30
0
0
VERTEX
8
BUILDINGS_CONTEXT
10
290.714
20
299.257
30
0
0
SEQEND
8
BUILDINGS_CONTEXT
0
POLYLINE
8
BUILDINGS_CONTEXT
66
1
10
0
20
0
30
0
39
13.2
70
1
0
VERTEX
8
BUILDINGS_CONTEXT
10
290.714
20
299.257
30
0
0
VERTEX
8
BUILDINGS_CONTEXT
10
278.22
20
295.674
30
0
0
VERTEX
8
BUILDINGS_CONTEXT
10
286.715
20
266.05
30
0
0
VERTEX
8
BUILDINGS_CONTEXT
10
299.21
20
269.634
30
0
0
SEQEND
8
BUILDINGS_CONTEXT
0
POLYLINE
8
BUILDINGS_CONTEXT
66
1
10
0
20
0
30
0
39
24.261
70
1
0
VERTEX
8
BUILDINGS_CONTEXT
10
312.561
20
321.898
30
0
0
VERTEX
8
BUILDINGS_CONTEXT
10
286.375
20
314.388
30
0
0
VERTEX
8
BUILDINGS_CONTEXT
10
290.367
20
300.468
30
0
0
VERTEX
8
BUILDINGS_CONTEXT
10
316.553
20
307.978
30
0
0
SEQEND
8
BUILDINGS_CONTEXT
0
POLYLINE
8
BUILDINGS_CONTEXT
66
1
10
0
20
0
30
0
39
20
70
1
0
VERTEX
8
BUILDINGS_CONTEXT
10
316.553
20
307.978
30
0
0
VERTEX
8
BUILDINGS_CONTEXT
10
305.652
20
304.852
30
0
0
VERTEX
8
BUILDINGS_CONTEXT
10
313.334
20
278.066
30
0
0
VERTEX
8
BUILDINGS_CONTEXT
10
324.235
20
281.192
30
0
0
SEQEND
8
BUILDINGS_CONTEXT
0
POLYLINE
8
BUILDINGS_CONTEXT
66
1
10
0
20
0
30
0
39
21.596
70
1
0
VERTEX
8
BUILDINGS_CONTEXT
10
331.907
20
327.447
30
0
0
VERTEX
8
BUILDINGS_CONTEXT
10
312.561
20
321.898
30
0
0
VERTEX
8
BUILDINGS_CONTEXT
10
317.093
20
306.095
30
0
0
VERTEX
8
BUILDINGS_CONTEXT
10
336.439
20
311.644
30
0
0
SEQEND
8
BUILDINGS_CONTEXT
0
POLYLINE
8
BUILDINGS_CONTEXT
66
1
10
0
20
0
30
0
39
20
70
1
0
VERTEX
8
BUILDINGS_CONTEXT
10
327.659
20
309.126
30
0
0
VERTEX
8
BUILDINGS_CONTEXT
10
317.093
20
306.095
30
0
0
VERTEX
8
BUILDINGS_CONTEXT
10
325.028
20
278.428
30
0
0
VERTEX
8
BUILDINGS_CONTEXT
10
335.594
20
281.458
30
0
0
SEQEND
8
BUILDINGS_CONTEXT
0
POLYLINE
8
BUILDINGS_CONTEXT
66
1
10
0
20
0
30
0
39
17.522
70
1
0
VERTEX
8
BUILDINGS_CONTEXT
10
367.03
20
337.52
30
0
0
VERTEX
8
BUILDINGS_CONTEXT
10
331.907
20
327.447
30
0
0
VERTEX
8
BUILDINGS_CONTEXT
10
336.563
20
311.213
30
0
0
VERTEX
8
BUILDINGS_CONTEXT
10
371.686
20
321.287
30
0
0
SEQEND
8
BUILDINGS_CONTEXT
0
POLYLINE
8
BUILDINGS_CONTEXT
66
1
10
0
20
0
30
0
39
16.6
70
1
0
VERTEX
8
BUILDINGS_CONTEXT
10
371.686
20
321.287
30
0
0
VERTEX
8
BUILDINGS_CONTEXT
10
361.42
20
318.342
30
0
0
VERTEX
8
BUILDINGS_CONTEXT
10
369.809
20
289.092
30
0
0
VERTEX
8
BUILDINGS_CONTEXT
10
380.075
20
292.036
30
0
0
SEQEND
8
BUILDINGS_CONTEXT
0
POLYLINE
8
BUILDINGS_CONTEXT
66
1
10
0
20
0
30
0
39
21.236
70
1
0
VERTEX
8
BUILDINGS_CONTEXT
10
388.5
20
343.677
30
0
0
VERTEX
8
BUILDINGS_CONTEXT
10
367.03
20
337.52
30
0
0
VERTEX
8
BUILDINGS_CONTEXT
10
370.626
20
324.982
30
0
0
VERTEX
8
BUILDINGS_CONTEXT
10
392.096
20
331.14
30
0
0
SEQEND
8
BUILDINGS_CONTEXT
0
POLYLINE
8
BUILDINGS_CONTEXT
66
1
10
0
20
0
30
0
39
24.647
70
1
0
VERTEX
8
BUILDINGS_CONTEXT
10
423.997
20
353.857
30
0
0
VERTEX
8
BUILDINGS_CONTEXT
10
388.5
20
343.677
30
0
0
VERTEX
8
BUILDINGS_CONTEXT
10
392.986
20
328.035
30
0
0
VERTEX
8
BUILDINGS_CONTEXT
10
428.483
20
338.215
30
0
0
SEQEND
8
BUILDINGS_CONTEXT
0
POLYLINE
8
BUILDINGS_CONTEXT
66
1
10
0
20
0
30
0
39
20.713
70
1
0
VERTEX
8
BUILDINGS_CONTEXT
10
441.196
20
358.79
30
0
0
VERTEX
8
BUILDINGS_CONTEXT
10
423.997
20
353.857
30
0
0
VERTEX
8
BUILDINGS_CONTEXT
10
427.597
20
341.307
30
0
0
VERTEX
8
BUILDINGS_CONTEXT
10
444.795
20
346.239
30
0
0
SEQEND
8
BUILDINGS_CONTEXT
0
POLYLINE
8
BUILDINGS_CONTEXT
66
1
10
0
20
0
30
0
39
20
70
1
0
VERTEX
8
BUILDINGS_CONTEXT
10
437.411
20
344.121
30
0
0
VERTEX
8
BUILDINGS_CONTEXT
10
427.597
20
341.307
30
0
0
VERTEX
8
BUILDINGS_CONTEXT
10
436.246
20
311.148
30
0
0
VERTEX
8
BUILDINGS_CONTEXT
10
446.06
20
313.963
30
0
0
SEQEND
8
BUILDINGS_CONTEXT
0
POLYLINE
8
BUILDINGS_CONTEXT
66
1
10
0
20
0
30
0
39
17.875
70
1
0
VERTEX
8
BUILDINGS_CONTEXT
10
472.951
20
367.897
30
0
0
VERTEX
8
BUILDINGS_CONTEXT
10
441.196
20
358.79
30
0
0
VERTEX
8
BUILDINGS_CONTEXT
10
445.355
20
344.288
30
0
0
VERTEX
8
BUILDINGS_CONTEXT
10
477.11
20
353.395
30
0
0
SEQEND
8
BUILDINGS_CONTEXT
0
POLYLINE
8
BUILDINGS_CONTEXT
66
1
10
0
20
0
30
0
39
16.6
70
1
0
VERTEX
8
BUILDINGS_CONTEXT
10
477.11
20
353.395
30
0
0
VERTEX
8
BUILDINGS_CONTEXT
10
464.864
20
349.884
30
0
0
VERTEX
8
BUILDINGS_CONTEXT
10
471.421
20
327.023
30
0
0
VERTEX
8
BUILDINGS_CONTEXT
10
483.666
20
330.535
30
0
0
SEQEND
8
BUILDINGS_CONTEXT
0
POLYLINE
8
BUILDINGS_CONTEXT
66
1
10
0
20
0
30
0
39
24.219
70
1
0
VERTEX
8
BUILDINGS_CONTEXT
10
490.4
20
372.901
30
0
0
VERTEX
8
BUILDINGS_CONTEXT
10
472.951
20
367.897
30
0
0
VERTEX
8
BUILDINGS_CONTEXT
10
477.326
20
352.642
30
0
0
VERTEX
8
BUILDINGS_CONTEXT
10
494.775
20
357.646
30
0
0
SEQEND
8
BUILDINGS_CONTEXT
0
POLYLINE
8
BUILDINGS_CONTEXT
66
1
10
0
20
0
30
0
39
17.049
70
1
0
VERTEX
8
BUILDINGS_CONTEXT
10
514.314
20
379.76
30
0
0
VERTEX
8
BUILDINGS_CONTEXT
10
490.4
20
372.901
30
0
0
VERTEX
8
BUILDINGS_CONTEXT
10
494.58
20
358.323
30
0
0
VERTEX
8
BUILDINGS_CONTEXT
10
518.495
20
365.182
30
0
0
SEQEND
8
BUILDINGS_CONTEXT
0
POLYLINE
8
BUILDINGS_CONTEXT
66
1
10
0
20
0
30
0
39
16.6
70
1
0
VERTEX
8
BUILDINGS_CONTEXT
10
518.495
20
365.182
30
0
0
VERTEX
8
BUILDINGS_CONTEXT
10
508.273
20
362.25
30
0
0
VERTEX
8
BUILDINGS_CONTEXT
10
513.03
20
345.663
30
0
0
VERTEX
8
BUILDINGS_CONTEXT
10
523.252
20
348.595
30
0
0
SEQEND
8
BUILDINGS_CONTEXT
0
POLYLINE
8
BUILDINGS_CONTEXT
66
1
10
0
20
0
30
0
39
17.273
70
1
0
VERTEX
8
BUILDINGS_CONTEXT
10
533.802
20
385.349
30
0
0
VERTEX
8
BUILDINGS_CONTEXT
10
514.314
20
379.76
30
0
0
VERTEX
8
BUILDINGS_CONTEXT
10
518.409
20
365.48
30
0
0
VERTEX
8
BUILDINGS_CONTEXT
10
537.897
20
371.069
30
0
0
SEQEND
8
BUILDINGS_CONTEXT
0
POLYLINE
8
BUILDINGS_CONTEXT
66
1
10
0
20
0
30
0
39
16.6
70
1
0
VERTEX
8
BUILDINGS_CONTEXT
10
537.897
20
371.069
30
0
0
VERTEX
8
BUILDINGS_CONTEXT
10
528.233
20
368.297
30
0
0
VERTEX
8
BUILDINGS_CONTEXT
10
533.737
20
349.106
30
0
0
VERTEX
8
BUILDINGS_CONTEXT
10
543.401
20
351.877
30
0
0
SEQEND
8
BUILDINGS_CONTEXT
0
POLYLINE
8
BUILDINGS_CONTEXT
66
1
10
0
20
0
30
0
39
20.586
70
1
0
VERTEX
8
BUILDINGS_CONTEXT
10
564.213
20
394.07
30
0
0
VERTEX
8
BUILDINGS_CONTEXT
10
533.802
20
385.349
30
0
0
VERTEX
8
BUILDINGS_CONTEXT
10
537.787
20
371.451
30
0
0
VERTEX
8
BUILDINGS_CONTEXT
10
568.199
20
380.173
30
0
0
SEQEND
8
BUILDINGS_CONTEXT
0
POLYLINE
8
BUILDINGS_CONTEXT
66
1
10
0
20
0
30
0
39
20
70
1
0
VERTEX
8
BUILDINGS_CONTEXT
10
568.199
20
380.173
30
0
0
VERTEX
8
BUILDINGS_CONTEXT
10
556.073
20
376.695
30
0
0
VERTEX
8
BUILDINGS_CONTEXT
10
563.326
20
351.404
30
0
0
VERTEX
8
BUILDINGS_CONTEXT
10
575.452
20
354.882
30
0
0
SEQEND
8
BUILDINGS_CONTEXT
0
POLYLINE
8
BUILDINGS_CONTEXT
66
1
10
0
20
0
30
0
39
17.296
70
1
0
VERTEX
8
BUILDINGS_CONTEXT
10
588.171
20
400.941
30
0
0
VERTEX
8
BUILDINGS_CONTEXT
10
564.213
20
394.07
30
0
0
VERTEX
8
BUILDINGS_CONTEXT
10
568.039
20
380.729
30
0
0
VERTEX
8
BUILDINGS_CONTEXT
10
591.997
20
387.6
30
0
0
SEQEND
8
BUILDINGS_CONTEXT
0
POLYLINE
8
BUILDINGS_CONTEXT
66
1
10
0
20
0
30
0
39
24.062
70
1
0
VERTEX
8
BUILDINGS_CONTEXT
10
618.454
20
409.626
30
0
0
VERTEX
8
BUILDINGS_CONTEXT
10
588.171
20
400.941
30
0
0
VERTEX
8
BUILDINGS_CONTEXT
10
592.56
20
385.64
30
0
0
VERTEX
8
BUILDINGS_CONTEXT
10
622.842
20
394.325
30
0
0
SEQEND
8
BUILDINGS_CONTEXT
0
POLYLINE
8
BUILDINGS_CONTEXT
66
1
10
0
20
0
30
0
39
23.4
70
1
0
VERTEX
8
BUILDINGS_CONTEXT
10
604.727
20
389.129
30
0
0
VERTEX
8
BUILDINGS_CONTEXT
10
592.56
20
385.64
30
0
0
VERTEX
8
BUILDINGS_CONTEXT
10
600.349
20
358.48
30
0
0
VERTEX
8
BUILDINGS_CONTEXT
10
612.516
20
361.97
30
0
0
SEQEND
8
BUILDINGS_CONTEXT
0
POLYLINE
8
BUILDINGS_CONTEXT
66
1
10
0
20
0
30
0
39
24.627
70
1
0
VERTEX
8
BUILDINGS_CONTEXT
10
627.179
20
412.128
30
0
0
VERTEX
8
BUILDINGS_CONTEXT
10
618.454
20
409.626
30
0
0
VERTEX
8
BUILDINGS_CONTEXT
10
622.355
20
396.025
30
0
0
VERTEX
8
BUILDINGS_CONTEXT
10
631.08
20
398.527
30
0
0
SEQEND
8
BUILDINGS_CONTEXT
0
POLYLINE
8
BUILDINGS_CONTEXT
66
1
10
0
20
0
30
0
39
20.573
70
1
0
VERTEX
8
BUILDINGS_CONTEXT
10
21.58
20
713.769
30
0
0
VERTEX
8
BUILDINGS_CONTEXT
10
57.248
20
723.982
30
0
0
VERTEX
8
BUILDINGS_CONTEXT
10
53.384
20
737.479
30
0
0
VERTEX
8
BUILDINGS_CONTEXT
10
17.715
20
727.266
30
0
0
SEQEND
8
BUILDINGS_CONTEXT
0
POLYLINE
8
BUILDINGS_CONTEXT
66
1
10
0
20
0
30
0
39
21.559
70
1
0
VERTEX
8
BUILDINGS_CONTEXT
10
57.248
20
723.982
30
0
0
VERTEX
8
BUILDINGS_CONTEXT
10
74.139
20
728.819
30
0
0
VERTEX
8
BUILDINGS_CONTEXT
10
69.819
20
743.905
30
0
0
VERTEX
8
BUILDINGS_CONTEXT
10
52.929
20
739.068
30
0
0
SEQEND
8
BUILDINGS_CONTEXT
0
POLYLINE
8
BUILDINGS_CONTEXT
66
1
10
0
20
0
30
0
39
20.481
70
1
0
VERTEX
8
BUILDINGS_CONTEXT
10
74.139
20
728.819
30
0
0
VERTEX
8
BUILDINGS_CONTEXT
10
100.515
20
736.371
30
0
0
VERTEX
8
BUILDINGS_CONTEXT
10
96.258
20
751.237
30
0
0
VERTEX
8
BUILDINGS_CONTEXT
10
69.883
20
743.684
30
0
0
SEQEND
8
BUILDINGS_CONTEXT
0
POLYLINE
8
BUILDINGS_CONTEXT
66
1
10
0
20
0
30
0
39
20
70
1
0
VERTEX
8
BUILDINGS_CONTEXT
10
85.795
20
748.241
30
0
0
VERTEX
8
BUILDINGS_CONTEXT
10
96.258
20
751.237
30
0
0
VERTEX
8
BUILDINGS_CONTEXT
10
91.215
20
768.85
30
0
0
VERTEX
8
BUILDINGS_CONTEXT
10
80.751
20
765.854
30
0
0
SEQEND
8
BUILDINGS_CONTEXT
0
POLYLINE
8
BUILDINGS_CONTEXT
66
1
10
0
20
0
30
0
39
24.269
70
1
0
VERTEX
8
BUILDINGS_CONTEXT
10
100.515
20
736.371
30
0
0
VERTEX
8
BUILDINGS_CONTEXT
10
113.996
20
740.231
30
0
0
VERTEX
8
BUILDINGS_CONTEXT
10
109.62
20
755.516
30
0
0
VERTEX
8
BUILDINGS_CONTEXT
10
96.138
20
751.656
30
0
0
SEQEND
8
BUILDINGS_CONTEXT
0
POLYLINE
8
BUILDINGS_CONTEXT
66
1
10
0
20
0
30
0
39
21.258
70
1
0
VERTEX
8
BUILDINGS_CONTEXT
10
142.837
20
748.49
30
0
0
VERTEX
8
BUILDINGS_CONTEXT
10
178.976
20
758.837
30
0
0
VERTEX
8
BUILDINGS_CONTEXT
10
175.225
20
771.937
30
0
0
VERTEX
8
BUILDINGS_CONTEXT
10
139.086
20
761.589
30
0
0
SEQEND
8
BUILDINGS_CONTEXT
0
POLYLINE
8
BUILDINGS_CONTEXT
66
1
10
0
20
0
30
0
39
16.6
70
1
0
VERTEX
8
BUILDINGS_CONTEXT
10
139.086
20
761.589
30
0
0
VERTEX
8
BUILDINGS_CONTEXT
10
149.447
20
764.556
30
0
0
VERTEX
8
BUILDINGS_CONTEXT
10
144.597
20
781.496
30
0
0
VERTEX
8
BUILDINGS_CONTEXT
10
134.236
20
778.53
30
0
0
SEQEND
8
BUILDINGS_CONTEXT
0
POLYLINE
8
BUILDINGS_CONTEXT
66
1
10
0
20
0
30
0
39
24.084
70
1
0
VERTEX
8
BUILDINGS_CONTEXT
10
178.976
20
758.837
30
0
0
VERTEX
8
BUILDINGS_CONTEXT
10
214.426
20
768.988
30
0
0
VERTEX
8
BUILDINGS_CONTEXT
10
210.026
20
784.355
30
0
0
VERTEX
8
BUILDINGS_CONTEXT
10
174.576
20
774.205
30
0
0
SEQEND
8
BUILDINGS_CONTEXT
0
POLYLINE
8
BUILDINGS_CONTEXT
66
1
10
0
20
0
30
0
39
23.4
70
1
0
VERTEX
8
BUILDINGS_CONTEXT
10
174.576
20
774.205
30
0
0
VERTEX
8
BUILDINGS_CONTEXT
10
186.738
20
777.687
30
0
0
VERTEX
8
BUILDINGS_CONTEXT
10
178.455
20
806.615
30
0
0
VERTEX
8
BUILDINGS_CONTEXT
10
166.293
20
803.132
30
0
0
SEQEND
8
BUILDINGS_CONTEXT
0
POLYLINE
8
BUILDINGS_CONTEXT
66
1
10
0
20
0
30
0
39
20.755
70
1
0
VERTEX
8
BUILDINGS_CONTEXT
10
214.426
20
768.988
30
0
0
VERTEX
8
BUILDINGS_CONTEXT
10
236.519
20
775.314
30
0
0
VERTEX
8
BUILDINGS_CONTEXT
10
232.159
20
790.542
30
0
0
VERTEX
8
BUILDINGS_CONTEXT
10
210.066
20
784.215
30
0
0
SEQEND
8
BUILDINGS_CONTEXT
0
POLYLINE
8
BUILDINGS_CONTEXT
66
1
10
0
20
0
30
0
39
21.408
70
1
0
VERTEX
8
BUILDINGS_CONTEXT
10
260.553
20
782.196
30
0
0
VERTEX
8
BUILDINGS_CONTEXT
10
296.001
20
792.346
30
0
0
VERTEX
8
BUILDINGS_CONTEXT
10
292.085
20
806.019
30
0
0
VERTEX
8
BUILDINGS_CONTEXT
10
256.638
20
795.87
30
0
0
SEQEND
8
BUILDINGS_CONTEXT
0
POLYLINE
8
BUILDINGS_CONTEXT
66
1
10
0
20
0
30
0
39
21.461
70
1
0
VERTEX
8
BUILDINGS_CONTEXT
10
296.001
20
792.346
30
0
0
VERTEX
8
BUILDINGS_CONTEXT
10
321.597
20
799.675
30
0
0
VERTEX
8
BUILDINGS_CONTEXT
10
317.587
20
813.682
30
0
0
VERTEX
8
BUILDINGS_CONTEXT
10
291.99
20
806.352
30
0
0
SEQEND
8
BUILDINGS_CONTEXT
0
POLYLINE
8
BUILDINGS_CONTEXT
66
1
10
0
20
0
30
0
39
20.421
70
1
0
VERTEX
8
BUILDINGS_CONTEXT
10
321.597
20
799.675
30
0
0
VERTEX
8
BUILDINGS_CONTEXT
10
356.767
20
809.745
30
0
0
VERTEX
8
BUILDINGS_CONTEXT
10
352.834
20
823.481
30
0
0
VERTEX
8
BUILDINGS_CONTEXT
10
317.664
20
813.411
30
0
0
SEQEND
8
BUILDINGS_CONTEXT
0
POLYLINE
8
BUILDINGS_CONTEXT
66
1
10
0
20
0
30
0
39
16.6
70
1
0
VERTEX
8
BUILDINGS_CONTEXT
10
317.664
20
813.411
30
0
0
VERTEX
8
BUILDINGS_CONTEXT
10
328.338
20
816.467
30
0
0
VERTEX
8
BUILDINGS_CONTEXT
10
322.775
20
835.892
30
0
0
VERTEX
8
BUILDINGS_CONTEXT
10
312.102
20
832.836
30
0
0
SEQEND
8
BUILDINGS_CONTEXT
0
POLYLINE
8
BUILDINGS_CONTEXT
66
1
10
0
20
0
30
0
39
24.895
70
1
0
VERTEX
8
BUILDINGS_CONTEXT
10
356.767
20
809.745
30
0
0
VERTEX
8
BUILDINGS_CONTEXT
10
377.975
20
815.818
30
0
0
VERTEX
8
BUILDINGS_CONTEXT
10
374.142
20
829.204
30
0
0
VERTEX
8
BUILDINGS_CONTEXT
10
352.934
20
823.132
30
0
0
SEQEND
8
BUILDINGS_CONTEXT
0
POLYLINE
8
BUILDINGS_CONTEXT
66
1
10
0
20
0
30
0
39
20
70
1
0
VERTEX
8
BUILDINGS_CONTEXT
10
362.197
20
825.784
30
0
0
VERTEX
8
BUILDINGS_CONTEXT
10
374.142
20
829.204
30
0
0
VERTEX
8
BUILDINGS_CONTEXT
10
365.537
20
859.255
30
0
0
VERTEX
8
BUILDINGS_CONTEXT
10
353.592
20
855.834
30
0
0
SEQEND
8
BUILDINGS_CONTEXT
0
POLYLINE
8
BUILDINGS_CONTEXT
66
1
10
0
20
0
30
0
39
23.834
70
1
0
VERTEX
8
BUILDINGS_CONTEXT
10
377.975
20
815.818
30
0
0
VERTEX
8
BUILDINGS_CONTEXT
10
405.958
20
823.831
30
0
0
VERTEX
8
BUILDINGS_CONTEXT
10
402.134
20
837.187
30
0
0
VERTEX
8
BUILDINGS_CONTEXT
10
374.15
20
829.174
30
0
0
SEQEND
8
BUILDINGS_CONTEXT
0
POLYLINE
8
BUILDINGS_CONTEXT
66
1
10
0
20
0
30
0
39
21.522
70
1
0
VERTEX
8
BUILDINGS_CONTEXT
10
405.958
20
823.831
30
0
0
VERTEX
8
BUILDINGS_CONTEXT
10
440.418
20
833.698
30
0
0
VERTEX
8
BUILDINGS_CONTEXT
10
436.516
20
847.323
30
0
0
VERTEX
8
BUILDINGS_CONTEXT
10
402.056
20
837.456
30
0
0
SEQEND
8
BUILDINGS_CONTEXT
0
POLYLINE
8
BUILDINGS_CONTEXT
66
1
10
0
20
0
30
0
39
20
70
1
0
VERTEX
8
BUILDINGS_CONTEXT
10
424.463
20
843.872
30
0
0
VERTEX
8
BUILDINGS_CONTEXT
10
436.516
20
847.323
30
0
0
VERTEX
8
BUILDINGS_CONTEXT
10
431.509
20
864.812
30
0
0
VERTEX
8
BUILDINGS_CONTEXT
10
419.455
20
861.36
30
0
0
SEQEND
8
BUILDINGS_CONTEXT
0
POLYLINE
8
BUILDINGS_CONTEXT
66
1
10
0
20
0
30
0
39
21.036
70
1
0
VERTEX
8
BUILDINGS_CONTEXT
10
459.645
20
839.203
30
0
0
VERTEX
8
BUILDINGS_CONTEXT
10
482.281
20
845.685
30
0
0
VERTEX
8
BUILDINGS_CONTEXT
10
478.58
20
858.609
30
0
0
VERTEX
8
BUILDINGS_CONTEXT
10
455.944
20
852.128
30
0
0
SEQEND
8
BUILDINGS_CONTEXT
0
POLYLINE
8
BUILDINGS_CONTEXT
66
1
10
0
20
0
30
0
39
23.931
70
1
0
VERTEX
8
BUILDINGS_CONTEXT
10
482.281
20
845.685
30
0
0
VERTEX
8
BUILDINGS_CONTEXT
10
512.466
20
854.328
30
0
0
VERTEX
8
BUILDINGS_CONTEXT
10
508.138
20
869.441
30
0
0
VERTEX
8
BUILDINGS_CONTEXT
10
477.953
20
860.798
30
0
0
SEQEND
8
BUILDINGS_CONTEXT
0
POLYLINE
8
BUILDINGS_CONTEXT
66
1
10
0
20
0
30
0
39
23.973
70
1
0
VERTEX
8
BUILDINGS_CONTEXT
10
512.466
20
854.328
30
0
0
VERTEX
8
BUILDINGS_CONTEXT
10
528.211
20
858.836
30
0
0
VERTEX
8
BUILDINGS_CONTEXT
10
523.653
20
874.752
30
0
0
VERTEX
8
BUILDINGS_CONTEXT
10
507.908
20
870.244
30
0
0
SEQEND
8
BUILDINGS_CONTEXT
0
POLYLINE
8
BUILDINGS_CONTEXT
66
1
10
0
20
0
30
0
39
17.052
70
1
0
VERTEX
8
BUILDINGS_CONTEXT
10
528.211
20
858.836
30
0
0
VERTEX
8
BUILDINGS_CONTEXT
10
562.605
20
868.685
30
0
0
VERTEX
8
BUILDINGS_CONTEXT
10
558.446
20
883.21
30
0
0
VERTEX
8
BUILDINGS_CONTEXT
10
524.051
20
873.361
30
0
0
SEQEND
8
BUILDINGS_CONTEXT
0
POLYLINE
8
BUILDINGS_CONTEXT
66
1
10
0
20
0
30
0
39
24.508
70
1
0
VERTEX
8
BUILDINGS_CONTEXT
10
562.605
20
868.685
30
0
0
VERTEX
8
BUILDINGS_CONTEXT
10
581.66
20
874.141
30
0
0
VERTEX
8
BUILDINGS_CONTEXT
10
577.987
20
886.97
30
0
0
VERTEX
8
BUILDINGS_CONTEXT
10
558.931
20
881.514
30
0
0
SEQEND
8
BUILDINGS_CONTEXT
0
POLYLINE
8
BUILDINGS_CONTEXT
66
1
10
0
20
0
30
0
39
20.813
70
1
0
VERTEX
8
BUILDINGS_CONTEXT
10
581.66
20
874.141
30
0
0
VERTEX
8
BUILDINGS_CONTEXT
10
604.833
20
880.776
30
0
0
VERTEX
8
BUILDINGS_CONTEXT
10
600.735
20
895.09
30
0
0
VERTEX
8
BUILDINGS_CONTEXT
10
577.562
20
888.455
30
0
0
SEQEND
8
BUILDINGS_CONTEXT
0
POLYLINE
8
BUILDINGS_CONTEXT
66
1
10
0
20
0
30
0
39
17.676
70
1
0
VERTEX
8
BUILDINGS_CONTEXT
10
604.833
20
880.776
30
0
0
VERTEX
8
BUILDINGS_CONTEXT
10
626.271
20
886.915
30
0
0
VERTEX
8
BUILDINGS_CONTEXT
10
622.113
20
901.437
30
0
0
VERTEX
8
BUILDINGS_CONTEXT
10
600.675
20
895.298
30
0
0
SEQEND
8
BUILDINGS_CONTEXT
0
POLYLINE
8
BUILDINGS_CONTEXT
66
1
10
0
20
0
30
0
39
18.064
70
1
0
VERTEX
8
BUILDINGS_CONTEXT
10
95.564
20
712.902
30
0
0
VERTEX
8
BUILDINGS_CONTEXT
10
65.87
20
704.399
30
0
0
VERTEX
8
BUILDINGS_CONTEXT
10
69.502
20
691.715
30
0
0
VERTEX
8
BUILDINGS_CONTEXT
10
99.196
20
700.217
30
0
0
SEQEND
8
BUILDINGS_CONTEXT
0
POLYLINE
8
BUILDINGS_CONTEXT
66
1
10
0
20
0
30
0
39
13.2
70
1
0
VERTEX
8
BUILDINGS_CONTEXT
10
81.345
20
695.106
30
0
0
VERTEX
8
BUILDINGS_CONTEXT
10
69.502
20
691.715
30
0
0
VERTEX
8
BUILDINGS_CONTEXT
10
74.357
20
674.761
30
0
0
VERTEX
8
BUILDINGS_CONTEXT
10
86.2
20
678.152
30
0
0
SEQEND
8
BUILDINGS_CONTEXT
0
POLYLINE
8
BUILDINGS_CONTEXT
66
1
10
0
20
0
30
0
39
23.909
70
1
0
VERTEX
8
BUILDINGS_CONTEXT
10
123.278
20
720.837
30
0
0
VERTEX
8
BUILDINGS_CONTEXT
10
95.564
20
712.902
30
0
0
VERTEX
8
BUILDINGS_CONTEXT
10
100.216
20
696.656
30
0
0
VERTEX
8
BUILDINGS_CONTEXT
10
127.929
20
704.592
30
0
0
SEQEND
8
BUILDINGS_CONTEXT
0
POLYLINE
8
BUILDINGS_CONTEXT
66
1
10
0
20
0
30
0
39
20.577
70
1
0
VERTEX
8
BUILDINGS_CONTEXT
10
162.476
20
732.061
30
0
0
VERTEX
8
BUILDINGS_CONTEXT
10
142.505
20
726.342
30
0
0
VERTEX
8
BUILDINGS_CONTEXT
10
146.937
20
710.865
30
0
0
VERTEX
8
BUILDINGS_CONTEXT
10
166.908
20
716.584
30
0
0
SEQEND
8
BUILDINGS_CONTEXT
0
POLYLINE
8
BUILDINGS_CONTEXT
66
1
10
0
20
0
30
0
39
24.536
70
1
0
VERTEX
8
BUILDINGS_CONTEXT
10
197.323
20
742.039
30
0
0
VERTEX
8
BUILDINGS_CONTEXT
10
162.476
20
732.061
30
0
0
VERTEX
8
BUILDINGS_CONTEXT
10
166.286
20
718.757
30
0
0
VERTEX
8
BUILDINGS_CONTEXT
10
201.133
20
728.735
30
0
0
SEQEND
8
BUILDINGS_CONTEXT
0
POLYLINE
8
BUILDINGS_CONTEXT
66
1
10
0
20
0
30
0
39
20
70
1
0
VERTEX
8
BUILDINGS_CONTEXT
10
201.133
20
728.735
30
0
0
VERTEX
8
BUILDINGS_CONTEXT
10
191.342
20
725.931
30
0
0
VERTEX
8
BUILDINGS_CONTEXT
10
197.628
20
703.977
30
0
0
VERTEX
8
BUILDINGS_CONTEXT
10
207.419
20
706.78
30
0
0
SEQEND
8
BUILDINGS_CONTEXT
0
POLYLINE
8
BUILDINGS_CONTEXT
66
1
10
0
20
0
30
0
39
24.712
70
1
0
VERTEX
8
BUILDINGS_CONTEXT
10
228.957
20
751.097
30
0
0
VERTEX
8
BUILDINGS_CONTEXT
10
197.323
20
742.039
30
0
0
VERTEX
8
BUILDINGS_CONTEXT
10
201.286
20
728.2
30
0
0
VERTEX
8
BUILDINGS_CONTEXT
10
232.92
20
737.258
30
0
0
SEQEND
8
BUILDINGS_CONTEXT
0
POLYLINE
8
BUILDINGS_CONTEXT
66
1
10
0
20
0
30
0
39
20
70
1
0
VERTEX
8
BUILDINGS_CONTEXT
10
211.779
20
731.205
30
0
0
VERTEX
8
BUILDINGS_CONTEXT
10
201.286
20
728.2
30
0
0
VERTEX
8
BUILDINGS_CONTEXT
10
206.747
20
709.128
30
0
0
VERTEX
8
BUILDINGS_CONTEXT
10
217.24
20
712.132
30
0
0
SEQEND
8
BUILDINGS_CONTEXT
0
POLYLINE
8
BUILDINGS_CONTEXT
66
1
10
0
20
0
30
0
39
17.154
70
1
0
VERTEX
8
BUILDINGS_CONTEXT
10
242.96
20
755.106
30
0
0
VERTEX
8
BUILDINGS_CONTEXT
10
228.957
20
751.097
30
0
0
VERTEX
8
BUILDINGS_CONTEXT
10
233.451
20
735.401
30
0
0
VERTEX
8
BUILDINGS_CONTEXT
10
247.454
20
739.41
30
0
0
SEQEND
8
BUILDINGS_CONTEXT
0
POLYLINE
8
BUILDINGS_CONTEXT
66
1
10
0
20
0
30
0
39
18.183
70
1
0
VERTEX
8
BUILDINGS_CONTEXT
10
295.799
20
770.236
30
0
0
VERTEX
8
BUILDINGS_CONTEXT
10
266.994
20
761.988
30
0
0
VERTEX
8
BUILDINGS_CONTEXT
10
271.12
20
747.577
30
0
0
VERTEX
8
BUILDINGS_CONTEXT
10
299.925
20
755.825
30
0
0
SEQEND
8
BUILDINGS_CONTEXT
0
POLYLINE
8
BUILDINGS_CONTEXT
66
1
10
0
20
0
30
0
39
18.146
70
1
0
VERTEX
8
BUILDINGS_CONTEXT
10
320.582
20
777.333
30
0
0
VERTEX
8
BUILDINGS_CONTEXT
10
295.799
20
770.236
30
0
0
VERTEX
8
BUILDINGS_CONTEXT
10
300.039
20
755.429
30
0
0
VERTEX
8
BUILDINGS_CONTEXT
10
324.822
20
762.525
30
0
0
SEQEND
8
BUILDINGS_CONTEXT
0
POLYLINE
8
BUILDINGS_CONTEXT
66
1
10
0
20
0
30
0
39
16.6
70
1
0
VERTEX
8
BUILDINGS_CONTEXT
10
324.822
20
762.525
30
0
0
VERTEX
8
BUILDINGS_CONTEXT
10
312.328
20
758.948
30
0
0
VERTEX
8
BUILDINGS_CONTEXT
10
318.702
20
736.686
30
0
0
VERTEX
8
BUILDINGS_CONTEXT
10
331.196
20
740.264
30
0
0
SEQEND
8
BUILDINGS_CONTEXT
0
POLYLINE
8
BUILDINGS_CONTEXT
66
1
10
0
20
0
30
0
39
24.749
70
1
0
VERTEX
8
BUILDINGS_CONTEXT
10
354.666
20
787.092
30
0
0
VERTEX
8
BUILDINGS_CONTEXT
10
320.582
20
777.333
30
0
0
VERTEX
8
BUILDINGS_CONTEXT
10
325.172
20
761.305
30
0
0
VERTEX
8
BUILDINGS_CONTEXT
10
359.256
20
771.064
30
0
0
SEQEND
8
BUILDINGS_CONTEXT
0
POLYLINE
8
BUILDINGS_CONTEXT
66
1
10
0
20
0
30
0
39
24.932
70
1
0
VERTEX
8
BUILDINGS_CONTEXT
10
374.625
20
792.807
30
0
0
VERTEX
8
BUILDINGS_CONTEXT
10
354.666
20
787.092
30
0
0
VERTEX
8
BUILDINGS_CONTEXT
10
358.637
20
773.224
30
0
0
VERTEX
8
BUILDINGS_CONTEXT
10
378.596
20
778.939
30
0
0
SEQEND
8
BUILDINGS_CONTEXT
0
POLYLINE
8
BUILDINGS_CONTEXT
66
1
10
0
20
0
30
0
39
23.4
70
1
0
VERTEX
8
BUILDINGS_CONTEXT
10
368.716
20
776.11
30
0
0
VERTEX
8
BUILDINGS_CONTEXT
10
358.637
20
773.224
30
0
0
VERTEX
8
BUILDINGS_CONTEXT
10
363.917
20
754.785
30
0
0
VERTEX
8
BUILDINGS_CONTEXT
10
373.996
20
757.671
30
0
0
SEQEND
8
BUILDINGS_CONTEXT
0
POLYLINE
8
BUILDINGS_CONTEXT
66
1
10
0
20
0
30
0
39
24.755
70
1
0
VERTEX
8
BUILDINGS_CONTEXT
10
401.808
20
800.59
30
0
0
VERTEX
8
BUILDINGS_CONTEXT
10
374.625
20
792.807
30
0
0
VERTEX
8
BUILDINGS_CONTEXT
10
378.451
20
779.448
30
0
0
VERTEX
8
BUILDINGS_CONTEXT
10
405.633
20
787.231
30
0
0
SEQEND
8
BUILDINGS_CONTEXT
0
POLYLINE
8
BUILDINGS_CONTEXT
66
1
10
0
20
0
30
0
39
23.4
70
1
0
VERTEX
8
BUILDINGS_CONTEXT
10
405.633
20
787.231
30
0
0
VERTEX
8
BUILDINGS_CONTEXT
10
394.72
20
784.106
30
0
0
VERTEX
8
BUILDINGS_CONTEXT
10
400.128
20
765.217
30
0
0
VERTEX
8
BUILDINGS_CONTEXT
10
411.041
20
768.342
30
0
0
SEQEND
8
BUILDINGS_CONTEXT
0
POLYLINE
8
BUILDINGS_CONTEXT
66
1
10
0
20
0
30
0
39
17.332
70
1
0
VERTEX
8
BUILDINGS_CONTEXT
10
419.08
20
805.536
30
0
0
VERTEX
8
BUILDINGS_CONTEXT
10
401.808
20
800.59
30
0
0
VERTEX
8
BUILDINGS_CONTEXT
10
406.334
20
784.782
30
0
0
VERTEX
8
BUILDINGS_CONTEXT
10
423.607
20
789.727
30
0
0
SEQEND
8
BUILDINGS_CONTEXT
0
POLYLINE
8
BUILDINGS_CONTEXT
66
1
10
0
20
0
30
0
39
24.298
70
1
0
VERTEX
8
BUILDINGS_CONTEXT
10
440.43
20
811.649
30
0
0
VERTEX
8
BUILDINGS_CONTEXT
10
419.08
20
805.536
30
0
0
VERTEX
8
BUILDINGS_CONTEXT
10
423.006
20
791.826
30
0
0
VERTEX
8
BUILDINGS_CONTEXT
10
444.355
20
797.939
30
0
0
SEQEND
8
BUILDINGS_CONTEXT
0
POLYLINE
8
BUILDINGS_CONTEXT
66
1
10
0
20
0
30
0
39
20
70
1
0
VERTEX
8
BUILDINGS_CONTEXT
10
433.661
20
794.877
30
0
0
VERTEX
8
BUILDINGS_CONTEXT
10
423.006
20
791.826
30
0
0
VERTEX
8
BUILDINGS_CONTEXT
10
432.024
20
760.331
30
0
0
VERTEX
8
BUILDINGS_CONTEXT
10
442.68
20
763.382
30
0
0
SEQEND
8
BUILDINGS_CONTEXT
0
POLYLINE
8
BUILDINGS_CONTEXT
66
1
10
0
20
0
30
0
39
24.229
70
1
0
VERTEX
8
BUILDINGS_CONTEXT
10
482.03
20
823.561
30
0
0
VERTEX
8
BUILDINGS_CONTEXT
10
464.464
20
818.531
30
0
0
VERTEX
8
BUILDINGS_CONTEXT
10
468.362
20
804.917
30
0
0
VERTEX
8
BUILDINGS_CONTEXT
10
485.928
20
809.947
30
0
0
SEQEND
8
BUILDINGS_CONTEXT
0
POLYLINE
8
BUILDINGS_CONTEXT
66
1
10
0
20
0
30
0
39
23.4
70
1
0
VERTEX
8
BUILDINGS_CONTEXT
10
485.928
20
809.947
30
0
0
VERTEX
8
BUILDINGS_CONTEXT
10
475.016
20
806.823
30
0
0
VERTEX
8
BUILDINGS_CONTEXT
10
482.234
20
781.617
30
0
0
VERTEX
8
BUILDINGS_CONTEXT
10
493.146
20
784.741
30
0
0
SEQEND
8
BUILDINGS_CONTEXT
0
POLYLINE
8
BUILDINGS_CONTEXT
66
1
10
0
20
0
30
0
39
17.717
70
1
0
VERTEX
8
BUILDINGS_CONTEXT
10
517.969
20
833.852
30
0
0
VERTEX
8
BUILDINGS_CONTEXT
10
482.03
20
823.561
30
0
0
VERTEX
8
BUILDINGS_CONTEXT
10
486.163
20
809.126
30
0
0
VERTEX
8
BUILDINGS_CONTEXT
10
522.102
20
819.416
30
0
0
SEQEND
8
BUILDINGS_CONTEXT
0
POLYLINE
8
BUILDINGS_CONTEXT
66
1
10
0
20
0
30
0
39
17.483
70
1
0
VERTEX
8
BUILDINGS_CONTEXT
10
543.943
20
841.289
30
0
0
VERTEX
8
BUILDINGS_CONTEXT
10
517.969
20
833.852
30
0
0
VERTEX
8
BUILDINGS_CONTEXT
10
521.765
20
820.593
30
0
0
VERTEX
8
BUILDINGS_CONTEXT
10
547.74
20
828.031
30
0
0
SEQEND
8
BUILDINGS_CONTEXT
0
POLYLINE
8
BUILDINGS_CONTEXT
66
1
10
0
20
0
30
0
39
16.6
70
1
0
VERTEX
8
BUILDINGS_CONTEXT
10
532.651
20
823.71
30
0
0
VERTEX
8
BUILDINGS_CONTEXT
10
521.765
20
820.593
30
0
0
VERTEX
8
BUILDINGS_CONTEXT
10
526.334
20
804.636
30
0
0
VERTEX
8
BUILDINGS_CONTEXT
10
537.22
20
807.753
30
0
0
SEQEND
8
BUILDINGS_CONTEXT
0
POLYLINE
8
BUILDINGS_CONTEXT
66
1
10
0
20
0
30
0
39
17.999
70
1
0
VERTEX
8
BUILDINGS_CONTEXT
10
565.449
20
847.447
30
0
0
VERTEX
8
BUILDINGS_CONTEXT
10
543.943
20
841.289
30
0
0
VERTEX
8
BUILDINGS_CONTEXT
10
548.135
20
826.648
30
0
0
VERTEX
8
BUILDINGS_CONTEXT
10
569.641
20
832.806
30
0
0
SEQEND
8
BUILDINGS_CONTEXT
0
POLYLINE
8
BUILDINGS_CONTEXT
66
1
10
0
20
0
30
0
39
21.512
70
1
0
VERTEX
8
BUILDINGS_CONTEXT
10
598.686
20
856.964
30
0
0
VERTEX
8
BUILDINGS_CONTEXT
10
565.449
20
847.447
30
0
0
VERTEX
8
BUILDINGS_CONTEXT
10
569.352
20
833.818
30
0
0
VERTEX
8
BUILDINGS_CONTEXT
10
602.589
20
843.335
30
0
0
SEQEND
8
BUILDINGS_CONTEXT
0
POLYLINE
8
BUILDINGS_CONTEXT
66
1
10
0
20
0
30
0
39
16.6
70
1
0
VERTEX
8
BUILDINGS_CONTEXT
10
580.453
20
836.997
30
0
0
VERTEX
8
BUILDINGS_CONTEXT
10
569.352
20
833.818
30
0
0
VERTEX
8
BUILDINGS_CONTEXT
10
576.928
20
807.359
30
0
0
VERTEX
8
BUILDINGS_CONTEXT
10
588.029
20
810.538
30
0
0
SEQEND
8
BUILDINGS_CONTEXT
0
POLYLINE
8
BUILDINGS_CONTEXT
66
1
10
0
20
0
30
0
39
17.924
70
1
0
VERTEX
8
BUILDINGS_CONTEXT
10
619.855
20
863.026
30
0
0
VERTEX
8
BUILDINGS_CONTEXT
10
598.686
20
856.964
30
0
0
VERTEX
8
BUILDINGS_CONTEXT
10
603.306
20
840.832
30
0
0
VERTEX
8
BUILDINGS_CONTEXT
10
624.474
20
846.893
30
0
0
SEQEND
8
BUILDINGS_CONTEXT
0
POLYLINE
8
BUILDINGS_CONTEXT
66
1
10
0
20
0
30
0
39
13.2
70
1
0
VERTEX
8
BUILDINGS_CONTEXT
10
614.808
20
844.125
30
0
0
VERTEX
8
BUILDINGS_CONTEXT
10
603.306
20
840.832
30
0
0
VERTEX
8
BUILDINGS_CONTEXT
10
607.866
20
824.907
30
0
0
VERTEX
8
BUILDINGS_CONTEXT
10
619.368
20
828.2
30
0
0
SEQEND
8
BUILDINGS_CONTEXT
0
POLYLINE
8
BUILDINGS_CONTEXT
66
1
10
0
20
0
30
0
39
17.68
70
1
0
VERTEX
8
BUILDINGS_CONTEXT
10
628.714
20
865.562
30
0
0
VERTEX
8
BUILDINGS_CONTEXT
10
619.855
20
863.026
30
0
0
VERTEX
8
BUILDINGS_CONTEXT
10
624.33
20
847.397
30
0
0
VERTEX
8
BUILDINGS_CONTEXT
10
633.189
20
849.934
30
0
0
SEQEND
8
BUILDINGS_CONTEXT
0
POLYLINE
8
BUILDINGS_CONTEXT
66
1
10
0
20
0
30
0
39
24.275
70
1
0
VERTEX
8
BUILDINGS_CONTEXT
10
234.039
20
338.56
30
0
0
VERTEX
8
BUILDINGS_CONTEXT
10
225.879
20
367.121
30
0
0
VERTEX
8
BUILDINGS_CONTEXT
10
210.754
20
362.799
30
0
0
VERTEX
8
BUILDINGS_CONTEXT
10
218.914
20
334.239
30
0
0
SEQEND
8
BUILDINGS_CONTEXT
0
POLYLINE
8
BUILDINGS_CONTEXT
66
1
10
0
20
0
30
0
39
20.841
70
1
0
VERTEX
8
BUILDINGS_CONTEXT
10
225.879
20
367.121
30
0
0
VERTEX
8
BUILDINGS_CONTEXT
10
215.595
20
403.113
30
0
0
VERTEX
8
BUILDINGS_CONTEXT
10
201.918
20
399.206
30
0
0
VERTEX
8
BUILDINGS_CONTEXT
10
212.201
20
363.213
30
0
0
SEQEND
8
BUILDINGS_CONTEXT
0
POLYLINE
8
BUILDINGS_CONTEXT
66
1
10
0
20
0
30
0
39
20
70
1
0
VERTEX
8
BUILDINGS_CONTEXT
10
212.201
20
363.213
30
0
0
VERTEX
8
BUILDINGS_CONTEXT
10
209.007
20
374.395
30
0
0
VERTEX
8
BUILDINGS_CONTEXT
10
185.666
20
367.727
30
0
0
VERTEX
8
BUILDINGS_CONTEXT
10
188.861
20
356.544
30
0
0
SEQEND
8
BUILDINGS_CONTEXT
0
POLYLINE
8
BUILDINGS_CONTEXT
66
1
10
0
20
0
30
0
39
18.002
70
1
0
VERTEX
8
BUILDINGS_CONTEXT
10
215.595
20
403.113
30
0
0
VERTEX
8
BUILDINGS_CONTEXT
10
208.151
20
429.169
30
0
0
VERTEX
8
BUILDINGS_CONTEXT
10
192.016
20
424.559
30
0
0
VERTEX
8
BUILDINGS_CONTEXT
10
199.46
20
398.503
30
0
0
SEQEND
8
BUILDINGS_CONTEXT
0
POLYLINE
8
BUILDINGS_CONTEXT
66
1
10
0
20
0
30
0
39
16.6
70
1
0
VERTEX
8
BUILDINGS_CONTEXT
10
199.46
20
398.503
30
0
0
VERTEX
8
BUILDINGS_CONTEXT
10
196.481
20
408.929
30
0
0
VERTEX
8
BUILDINGS_CONTEXT
10
174.627
20
402.685
30
0
0
VERTEX
8
BUILDINGS_CONTEXT
10
177.606
20
392.259
30
0
0
SEQEND
8
BUILDINGS_CONTEXT
0
POLYLINE
8
BUILDINGS_CONTEXT
66
1
10
0
20
0
30
0
39
20.538
70
1
0
VERTEX
8
BUILDINGS_CONTEXT
10
208.151
20
429.169
30
0
0
VERTEX
8
BUILDINGS_CONTEXT
10
198.013
20
464.65
30
0
0
VERTEX
8
BUILDINGS_CONTEXT
10
183.484
20
460.498
30
0
0
VERTEX
8
BUILDINGS_CONTEXT
10
193.621
20
425.017
30
0
0
SEQEND
8
BUILDINGS_CONTEXT
0
POLYLINE
8
BUILDINGS_CONTEXT
66
1
10
0
20
0
30
0
39
17.831
70
1
0
VERTEX
8
BUILDINGS_CONTEXT
10
198.013
20
464.65
30
0
0
VERTEX
8
BUILDINGS_CONTEXT
10
191.293
20
488.172
30
0
0
VERTEX
8
BUILDINGS_CONTEXT
10
177.666
20
484.278
30
0
0
VERTEX
8
BUILDINGS_CONTEXT
10
184.387
20
460.757
30
0
0
SEQEND
8
BUILDINGS_CONTEXT
0
POLYLINE
8
BUILDINGS_CONTEXT
66
1
10
0
20
0
30
0
39
24.341
70
1
0
VERTEX
8
BUILDINGS_CONTEXT
10
191.293
20
488.172
30
0
0
VERTEX
8
BUILDINGS_CONTEXT
10
184.924
20
510.463
30
0
0
VERTEX
8
BUILDINGS_CONTEXT
10
172.047
20
506.784
30
0
0
VERTEX
8
BUILDINGS_CONTEXT
10
178.416
20
484.492
30
0
0
SEQEND
8
BUILDINGS_CONTEXT
0
POLYLINE
8
BUILDINGS_CONTEXT
66
1
10
0
20
0
30
0
39
20
70
1
0
VERTEX
8
BUILDINGS_CONTEXT
10
175.298
20
495.405
30
0
0
VERTEX
8
BUILDINGS_CONTEXT
10
172.047
20
506.784
30
0
0
VERTEX
8
BUILDINGS_CONTEXT
10
149.596
20
500.369
30
0
0
VERTEX
8
BUILDINGS_CONTEXT
10
152.847
20
488.991
30
0
0
SEQEND
8
BUILDINGS_CONTEXT
0
POLYLINE
8
BUILDINGS_CONTEXT
66
1
10
0
20
0
30
0
39
24.59
70
1
0
VERTEX
8
BUILDINGS_CONTEXT
10
184.924
20
510.463
30
0
0
VERTEX
8
BUILDINGS_CONTEXT
10
180.594
20
525.616
30
0
0
VERTEX
8
BUILDINGS_CONTEXT
10
164.584
20
521.042
30
0
0
VERTEX
8
BUILDINGS_CONTEXT
10
168.913
20
505.889
30
0
0
SEQEND
8
BUILDINGS_CONTEXT
0
POLYLINE
8
BUILDINGS_CONTEXT
66
1
10
0
20
0
30
0
39
24.091
70
1
0
VERTEX
8
BUILDINGS_CONTEXT
10
176.473
20
540.039
30
0
0
VERTEX
8
BUILDINGS_CONTEXT
10
170.343
20
561.494
30
0
0
VERTEX
8
BUILDINGS_CONTEXT
10
155.759
20
557.327
30
0
0
VERTEX
8
BUILDINGS_CONTEXT
10
161.889
20
535.872
30
0
0
SEQEND
8
BUILDINGS_CONTEXT
0
POLYLINE
8
BUILDINGS_CONTEXT
66
1
10
0
20
0
30
0
39
17.565
70
1
0
VERTEX
8
BUILDINGS_CONTEXT
10
170.343
20
561.494
30
0
0
VERTEX
8
BUILDINGS_CONTEXT
10
161.42
20
592.725
30
0
0
VERTEX
8
BUILDINGS_CONTEXT
10
146.655
20
588.506
30
0
0
VERTEX
8
BUILDINGS_CONTEXT
10
155.578
20
557.276
30
0
0
SEQEND
8
BUILDINGS_CONTEXT
0
POLYLINE
8
BUILDINGS_CONTEXT
66
1
10
0
20
0
30
0
39
13.2
70
1
0
VERTEX
8
BUILDINGS_CONTEXT
10
155.578
20
557.276
30
0
0
VERTEX
8
BUILDINGS_CONTEXT
10
152.68
20
567.421
30
0
0
VERTEX
8
BUILDINGS_CONTEXT
10
130.283
20
561.022
30
0
0
VERTEX
8
BUILDINGS_CONTEXT
10
133.182
20
550.877
30
0
0
SEQEND
8
BUILDINGS_CONTEXT
0
POLYLINE
8
BUILDINGS_CONTEXT
66
1
10
0
20
0
30
0
39
17.256
70
1
0
VERTEX
8
BUILDINGS_CONTEXT
10
161.42
20
592.725
30
0
0
VERTEX
8
BUILDINGS_CONTEXT
10
156.883
20
608.606
30
0
0
VERTEX
8
BUILDINGS_CONTEXT
10
141.564
20
604.229
30
0
0
VERTEX
8
BUILDINGS_CONTEXT
10
146.102
20
588.348
30
0
0
SEQEND
8
BUILDINGS_CONTEXT
0
POLYLINE
8
BUILDINGS_CONTEXT
66
1
10
0
20
0
30
0
39
20.422
70
1
0
VERTEX
8
BUILDINGS_CONTEXT
10
156.883
20
608.606
30
0
0
VERTEX
8
BUILDINGS_CONTEXT
10
148.504
20
637.933
30
0
0
VERTEX
8
BUILDINGS_CONTEXT
10
134.749
20
634.003
30
0
0
VERTEX
8
BUILDINGS_CONTEXT
10
143.128
20
604.676
30
0
0
SEQEND
8
BUILDINGS_CONTEXT
0
POLYLINE
8
BUILDINGS_CONTEXT
66
1
10
0
20
0
30
0
39
20.844
70
1
0
VERTEX
8
BUILDINGS_CONTEXT
10
148.504
20
637.933
30
0
0
VERTEX
8
BUILDINGS_CONTEXT
10
139.351
20
669.965
30
0
0
VERTEX
8
BUILDINGS_CONTEXT
10
123.521
20
665.443
30
0
0
VERTEX
8
BUILDINGS_CONTEXT
10
132.673
20
633.41
30
0
0
SEQEND
8
BUILDINGS_CONTEXT
0
POLYLINE
8
BUILDINGS_CONTEXT
66
1
10
0
20
0
30
0
39
16.6
70
1
0
VERTEX
8
BUILDINGS_CONTEXT
10
126.432
20
655.256
30
0
0
VERTEX
8
BUILDINGS_CONTEXT
10
123.521
20
665.443
30
0
0
VERTEX
8
BUILDINGS_CONTEXT
10
93.153
20
656.766
30
0
0
VERTEX
8
BUILDINGS_CONTEXT
10
96.064
20
646.58
30
0
0
SEQEND
8
BUILDINGS_CONTEXT
0
POLYLINE
8
BUILDINGS_CONTEXT
66
1
10
0
20
0
30
0
39
24.889
70
1
0
VERTEX
8
BUILDINGS_CONTEXT
10
139.351
20
669.965
30
0
0
VERTEX
8
BUILDINGS_CONTEXT
10
132.685
20
693.298
30
0
0
VERTEX
8
BUILDINGS_CONTEXT
10
116.827
20
688.768
30
0
0
VERTEX
8
BUILDINGS_CONTEXT
10
123.494
20
665.435
30
0
0
SEQEND
8
BUILDINGS_CONTEXT
0
POLYLINE
8
BUILDINGS_CONTEXT
66
1
10
0
20
0
30
0
39
20
70
1
0
VERTEX
8
BUILDINGS_CONTEXT
10
123.494
20
665.435
30
0
0
VERTEX
8
BUILDINGS_CONTEXT
10
120.152
20
677.132
30
0
0
VERTEX
8
BUILDINGS_CONTEXT
10
99.351
20
671.188
30
0
0
VERTEX
8
BUILDINGS_CONTEXT
10
102.693
20
659.491
30
0
0
SEQEND
8
BUILDINGS_CONTEXT
0
POLYLINE
8
BUILDINGS_CONTEXT
66
1
10
0
20
0
30
0
39
24.364
70
1
0
VERTEX
8
BUILDINGS_CONTEXT
10
118.79
20
761.061
30
0
0
VERTEX
8
BUILDINGS_CONTEXT
10
115.938
20
791.07
30
0
0
VERTEX
8
BUILDINGS_CONTEXT
10
102.118
20
789.757
30
0
0
VERTEX
8
BUILDINGS_CONTEXT
10
104.97
20
759.748
30
0
0
SEQEND
8
BUILDINGS_CONTEXT
0
POLYLINE
8
BUILDINGS_CONTEXT
66
1
10
0
20
0
30
0
39
20
70
1
0
VERTEX
8
BUILDINGS_CONTEXT
10
103.327
20
777.036
30
0
0
VERTEX
8
BUILDINGS_CONTEXT
10
102.118
20
789.757
30
0
0
VERTEX
8
BUILDINGS_CONTEXT
10
71.276
20
786.827
30
0
0
VERTEX
8
BUILDINGS_CONTEXT
10
72.485
20
774.105
30
0
0
SEQEND
8
BUILDINGS_CONTEXT
0
POLYLINE
8
BUILDINGS_CONTEXT
66
1
10
0
20
0
30
0
39
20.689
70
1
0
VERTEX
8
BUILDINGS_CONTEXT
10
115.938
20
791.07
30
0
0
VERTEX
8
BUILDINGS_CONTEXT
10
114.318
20
808.123
30
0
0
VERTEX
8
BUILDINGS_CONTEXT
10
100.28
20
806.789
30
0
0
VERTEX
8
BUILDINGS_CONTEXT
10
101.9
20
789.736
30
0
0
SEQEND
8
BUILDINGS_CONTEXT
0
POLYLINE
8
BUILDINGS_CONTEXT
66
1
10
0
20
0
30
0
39
24.7
70
1
0
VERTEX
8
BUILDINGS_CONTEXT
10
114.318
20
808.123
30
0
0
VERTEX
8
BUILDINGS_CONTEXT
10
111.623
20
836.479
30
0
0
VERTEX
8
BUILDINGS_CONTEXT
10
96.513
20
835.043
30
0
0
VERTEX
8
BUILDINGS_CONTEXT
10
99.208
20
806.687
30
0
0
SEQEND
8
BUILDINGS_CONTEXT
0
POLYLINE
8
BUILDINGS_CONTEXT
66
1
10
0
20
0
30
0
39
20
70
1
0
VERTEX
8
BUILDINGS_CONTEXT
10
99.208
20
806.687
30
0
0
VERTEX
8
BUILDINGS_CONTEXT
10
98.004
20
819.352
30
0
0
VERTEX
8
BUILDINGS_CONTEXT
10
64.627
20
816.181
30
0
0
VERTEX
8
BUILDINGS_CONTEXT
10
65.831
20
803.515
30
0
0
SEQEND
8
BUILDINGS_CONTEXT
0
POLYLINE
8
BUILDINGS_CONTEXT
66
1
10
0
20
0
30
0
39
24.723
70
1
0
VERTEX
8
BUILDINGS_CONTEXT
10
111.623
20
836.479
30
0
0
VERTEX
8
BUILDINGS_CONTEXT
10
108.543
20
868.892
30
0
0
VERTEX
8
BUILDINGS_CONTEXT
10
94.048
20
867.514
30
0
0
VERTEX
8
BUILDINGS_CONTEXT
10
97.128
20
835.102
30
0
0
SEQEND
8
BUILDINGS_CONTEXT
0
POLYLINE
8
BUILDINGS_CONTEXT
66
1
10
0
20
0
30
0
39
24.85
70
1
0
VERTEX
8
BUILDINGS_CONTEXT
10
108.543
20
868.892
30
0
0
VERTEX
8
BUILDINGS_CONTEXT
10
106.32
20
892.293
30
0
0
VERTEX
8
BUILDINGS_CONTEXT
10
90.507
20
890.791
30
0
0
VERTEX
8
BUILDINGS_CONTEXT
10
92.731
20
867.389
30
0
0
SEQEND
8
BUILDINGS_CONTEXT
0
POLYLINE
8
BUILDINGS_CONTEXT
66
1
10
0
20
0
30
0
39
23.4
70
1
0
VERTEX
8
BUILDINGS_CONTEXT
10
92.731
20
867.389
30
0
0
VERTEX
8
BUILDINGS_CONTEXT
10
91.645
20
878.816
30
0
0
VERTEX
8
BUILDINGS_CONTEXT
10
60.871
20
875.892
30
0
0
VERTEX
8
BUILDINGS_CONTEXT
10
61.957
20
864.465
30
0
0
SEQEND
8
BUILDINGS_CONTEXT
0
POLYLINE
8
BUILDINGS_CONTEXT
66
1
10
0
20
0
30
0
39
20.825
70
1
0
VERTEX
8
BUILDINGS_CONTEXT
10
106.32
20
892.293
30
0
0
VERTEX
8
BUILDINGS_CONTEXT
10
104.119
20
915.453
30
0
0
VERTEX
8
BUILDINGS_CONTEXT
10
89.316
20
914.046
30
0
0
VERTEX
8
BUILDINGS_CONTEXT
10
91.517
20
890.887
30
0
0
SEQEND
8
BUILDINGS_CONTEXT
0
POLYLINE
8
BUILDINGS_CONTEXT
66
1
10
0
20
0
30
0
39
16.6
70
1
0
VERTEX
8
BUILDINGS_CONTEXT
10
90.316
20
903.518
30
0
0
VERTEX
8
BUILDINGS_CONTEXT
10
89.316
20
914.046
30
0
0
VERTEX
8
BUILDINGS_CONTEXT
10
60.764
20
911.333
30
0
0
VERTEX
8
BUILDINGS_CONTEXT
10
61.765
20
900.805
30
0
0
SEQEND
8
BUILDINGS_CONTEXT
0
POLYLINE
8
BUILDINGS_CONTEXT
66
1
10
0
20
0
30
0
39
17.471
70
1
0
VERTEX
8
BUILDINGS_CONTEXT
10
101.754
20
940.34
30
0
0
VERTEX
8
BUILDINGS_CONTEXT
10
98.61
20
973.433
30
0
0
VERTEX
8
BUILDINGS_CONTEXT
10
83.502
20
971.997
30
0
0
VERTEX
8
BUILDINGS_CONTEXT
10
86.647
20
938.905
30
0
0
SEQEND
8
BUILDINGS_CONTEXT
0
POLYLINE
8
BUILDINGS_CONTEXT
66
1
10
0
20
0
30
0
39
16.6
70
1
0
VERTEX
8
BUILDINGS_CONTEXT
10
86.647
20
938.905
30
0
0
VERTEX
8
BUILDINGS_CONTEXT
10
85.589
20
950.036
30
0
0
VERTEX
8
BUILDINGS_CONTEXT
10
55.196
20
947.148
30
0
0
VERTEX
8
BUILDINGS_CONTEXT
10
56.254
20
936.017
30
0
0
SEQEND
8
BUILDINGS_CONTEXT
0
POLYLINE
8
BUILDINGS_CONTEXT
66
1
10
0
20
0
30
0
39
21.54
70
1
0
VERTEX
8
BUILDINGS_CONTEXT
10
98.61
20
973.433
30
0
0
VERTEX
8
BUILDINGS_CONTEXT
10
96.249
20
998.273
30
0
0
VERTEX
8
BUILDINGS_CONTEXT
10
79.769
20
996.707
30
0
0
VERTEX
8
BUILDINGS_CONTEXT
10
82.13
20
971.867
30
0
0
SEQEND
8
BUILDINGS_CONTEXT
0
POLYLINE
8
BUILDINGS_CONTEXT
66
1
10
0
20
0
30
0
39
20
70
1
0
VERTEX
8
BUILDINGS_CONTEXT
10
80.778
20
986.095
30
0
0
VERTEX
8
BUILDINGS_CONTEXT
10
79.769
20
996.707
30
0
0
VERTEX
8
BUILDINGS_CONTEXT
10
56.227
20
994.47
30
0
0
VERTEX
8
BUILDINGS_CONTEXT
10
57.235
20
983.858
30
0
0
SEQEND
8
BUILDINGS_CONTEXT
0
POLYLINE
8
BUILDINGS_CONTEXT
66
1
10
0
20
0
30
0
39
24.986
70
1
0
VERTEX
8
BUILDINGS_CONTEXT
10
96.249
20
998.273
30
0
0
VERTEX
8
BUILDINGS_CONTEXT
10
92.92
20
1033.312
30
0
0
VERTEX
8
BUILDINGS_CONTEXT
10
76.613
20
1031.763
30
0
0
VERTEX
8
BUILDINGS_CONTEXT
10
79.942
20
996.723
30
0
0
SEQEND
8
BUILDINGS_CONTEXT
0
POLYLINE
8
BUILDINGS_CONTEXT
66
1
10
0
20
0
30
0
39
24.532
70
1
0
VERTEX
8
BUILDINGS_CONTEXT
10
92.92
20
1033.312
30
0
0
VERTEX
8
BUILDINGS_CONTEXT
10
91.118
20
1052.272
30
0
0
VERTEX
8
BUILDINGS_CONTEXT
10
75.598
20
1050.797
30
0
0
VERTEX
8
BUILDINGS_CONTEXT
10
77.399
20
1031.838
30
0
0
SEQEND
8
BUILDINGS_CONTEXT
0
POLYLINE
8
BUILDINGS_CONTEXT
66
1
10
0
20
0
30
0
39
20
70
1
0
VERTEX
8
BUILDINGS_CONTEXT
10
76.691
20
1039.293
30
0
0
VERTEX
8
BUILDINGS_CONTEXT
10
75.598
20
1050.797
30
0
0
VERTEX
8
BUILDINGS_CONTEXT
10
54.047
20
1048.75
30
0
0
VERTEX
8
BUILDINGS_CONTEXT
10
55.14
20
1037.245
30
0
0
SEQEND
8
BUILDINGS_CONTEXT
0
POLYLINE
8
BUILDINGS_CONTEXT
66
1
10
0
20
0
30
0
39
17.306
70
1
0
VERTEX
8
BUILDINGS_CONTEXT
10
84.023
20
1126.936
30
0
0
VERTEX
8
BUILDINGS_CONTEXT
10
82.747
20
1140.366
30
0
0
VERTEX
8
BUILDINGS_CONTEXT
10
66.862
20
1138.857
30
0
0
VERTEX
8
BUILDINGS_CONTEXT
10
68.138
20
1125.426
30
0
0
SEQEND
8
BUILDINGS_CONTEXT
0
POLYLINE
8
BUILDINGS_CONTEXT
66
1
10
0
20
0
30
0
39
17.366
70
1
0
VERTEX
8
BUILDINGS_CONTEXT
10
242.505
20
371.535
30
0
0
VERTEX
8
BUILDINGS_CONTEXT
10
250.577
20
343.285
30
0
0
VERTEX
8
BUILDINGS_CONTEXT
10
265.905
20
347.665
30
0
0
VERTEX
8
BUILDINGS_CONTEXT
10
257.833
20
375.915
30
0
0
SEQEND
8
BUILDINGS_CONTEXT
0
POLYLINE
8
BUILDINGS_CONTEXT
66
1
10
0
20
0
30
0
39
24.998
70
1
0
VERTEX
8
BUILDINGS_CONTEXT
10
237.582
20
388.768
30
0
0
VERTEX
8
BUILDINGS_CONTEXT
10
242.505
20
371.535
30
0
0
VERTEX
8
BUILDINGS_CONTEXT
10
257.036
20
375.687
30
0
0
VERTEX
8
BUILDINGS_CONTEXT
10
252.112
20
392.919
30
0
0
SEQEND
8
BUILDINGS_CONTEXT
0
POLYLINE
8
BUILDINGS_CONTEXT
66
1
10
0
20
0
30
0
39
18.128
70
1
0
VERTEX
8
BUILDINGS_CONTEXT
10
230.646
20
413.043
30
0
0
VERTEX
8
BUILDINGS_CONTEXT
10
237.582
20
388.768
30
0
0
VERTEX
8
BUILDINGS_CONTEXT
10
252.522
20
393.036
30
0
0
VERTEX
8
BUILDINGS_CONTEXT
10
245.586
20
417.311
30
0
0
SEQEND
8
BUILDINGS_CONTEXT
0
POLYLINE
8
BUILDINGS_CONTEXT
66
1
10
0
20
0
30
0
39
13.2
70
1
0
VERTEX
8
BUILDINGS_CONTEXT
10
245.586
20
417.311
30
0
0
VERTEX
8
BUILDINGS_CONTEXT
10
248.886
20
405.763
30
0
0
VERTEX
8
BUILDINGS_CONTEXT
10
280.564
20
414.814
30
0
0
VERTEX
8
BUILDINGS_CONTEXT
10
277.265
20
426.362
30
0
0
SEQEND
8
BUILDINGS_CONTEXT
0
POLYLINE
8
BUILDINGS_CONTEXT
66
1
10
0
20
0
30
0
39
23.926
70
1
0
VERTEX
8
BUILDINGS_CONTEXT
10
223.763
20
437.135
30
0
0
VERTEX
8
BUILDINGS_CONTEXT
10
230.646
20
413.043
30
0
0
VERTEX
8
BUILDINGS_CONTEXT
10
244.161
20
416.904
30
0
0
VERTEX
8
BUILDINGS_CONTEXT
10
237.278
20
440.997
30
0
0
SEQEND
8
BUILDINGS_CONTEXT
0
POLYLINE
8
BUILDINGS_CONTEXT
66
1
10
0
20
0
30
0
39
20
70
1
0
VERTEX
8
BUILDINGS_CONTEXT
10
237.278
20
440.997
30
0
0
VERTEX
8
BUILDINGS_CONTEXT
10
240.501
20
429.713
30
0
0
VERTEX
8
BUILDINGS_CONTEXT
10
272.578
20
438.878
30
0
0
VERTEX
8
BUILDINGS_CONTEXT
10
269.354
20
450.161
30
0
0
SEQEND
8
BUILDINGS_CONTEXT
0
POLYLINE
8
BUILDINGS_CONTEXT
66
1
10
0
20
0
30
0
39
17.396
70
1
0
VERTEX
8
BUILDINGS_CONTEXT
10
215.006
20
467.783
30
0
0
VERTEX
8
BUILDINGS_CONTEXT
10
223.763
20
437.135
30
0
0
VERTEX
8
BUILDINGS_CONTEXT
10
238.985
20
441.485
30
0
0
VERTEX
8
BUILDINGS_CONTEXT
10
230.229
20
472.132
30
0
0
SEQEND
8
BUILDINGS_CONTEXT
0
POLYLINE
8
BUILDINGS_CONTEXT
66
1
10
0
20
0
30
0
39
20.929
70
1
0
VERTEX
8
BUILDINGS_CONTEXT
10
207.672
20
493.451
30
0
0
VERTEX
8
BUILDINGS_CONTEXT
10
215.006
20
467.783
30
0
0
VERTEX
8
BUILDINGS_CONTEXT
10
229.164
20
471.828
30
0
0
VERTEX
8
BUILDINGS_CONTEXT
10
221.83
20
497.496
30
0
0
SEQEND
8
BUILDINGS_CONTEXT
0
POLYLINE
8
BUILDINGS_CONTEXT
66
1
10
0
20
0
30
0
39
21.04
70
1
0
VERTEX
8
BUILDINGS_CONTEXT
10
202.289
20
512.292
30
0
0
VERTEX
8
BUILDINGS_CONTEXT
10
207.672
20
493.451
30
0
0
VERTEX
8
BUILDINGS_CONTEXT
10
221.092
20
497.285
30
0
0
VERTEX
8
BUILDINGS_CONTEXT
10
215.709
20
516.126
30
0
0
SEQEND
8
BUILDINGS_CONTEXT
0
POLYLINE
8
BUILDINGS_CONTEXT
66
1
10
0
20
0
30
0
39
20.464
70
1
0
VERTEX
8
BUILDINGS_CONTEXT
10
197.517
20
528.996
30
0
0
VERTEX
8
BUILDINGS_CONTEXT
10
202.289
20
512.292
30
0
0
VERTEX
8
BUILDINGS_CONTEXT
10
218.544
20
516.936
30
0
0
VERTEX
8
BUILDINGS_CONTEXT
10
213.771
20
533.64
30
0
0
SEQEND
8
BUILDINGS_CONTEXT
0
POLYLINE
8
BUILDINGS_CONTEXT
66
1
10
0
20
0
30
0
39
16.6
70
1
0
VERTEX
8
BUILDINGS_CONTEXT
10
213.771
20
533.64
30
0
0
VERTEX
8
BUILDINGS_CONTEXT
10
217.267
20
521.405
30
0
0
VERTEX
8
BUILDINGS_CONTEXT
10
244.112
20
529.075
30
0
0
VERTEX
8
BUILDINGS_CONTEXT
10
240.616
20
541.31
30
0
0
SEQEND
8
BUILDINGS_CONTEXT
0
POLYLINE
8
BUILDINGS_CONTEXT
66
1
10
0
20
0
30
0
39
20.436
70
1
0
VERTEX
8
BUILDINGS_CONTEXT
10
183.819
20
576.936
30
0
0
VERTEX
8
BUILDINGS_CONTEXT
10
192.022
20
548.227
30
0
0
VERTEX
8
BUILDINGS_CONTEXT
10
204.669
20
551.84
30
0
0
VERTEX
8
BUILDINGS_CONTEXT
10
196.466
20
580.55
30
0
0
SEQEND
8
BUILDINGS_CONTEXT
0
POLYLINE
8
BUILDINGS_CONTEXT
66
1
10
0
20
0
30
0
39
20
70
1
0
VERTEX
8
BUILDINGS_CONTEXT
10
201.901
20
561.529
30
0
0
VERTEX
8
BUILDINGS_CONTEXT
10
204.669
20
551.84
30
0
0
VERTEX
8
BUILDINGS_CONTEXT
10
230.536
20
559.23
30
0
0
VERTEX
8
BUILDINGS_CONTEXT
10
227.767
20
568.92
30
0
0
SEQEND
8
BUILDINGS_CONTEXT
0
POLYLINE
8
BUILDINGS_CONTEXT
66
1
10
0
20
0
30
0
39
17.792
70
1
0
VERTEX
8
BUILDINGS_CONTEXT
10
176.088
20
603.997
30
0
0
VERTEX
8
BUILDINGS_CONTEXT
10
183.819
20
576.936
30
0
0
VERTEX
8
BUILDINGS_CONTEXT
10
196.346
20
580.515
30
0
0
VERTEX
8
BUILDINGS_CONTEXT
10
188.614
20
607.576
30
0
0
SEQEND
8
BUILDINGS_CONTEXT
0
POLYLINE
8
BUILDINGS_CONTEXT
66
1
10
0
20
0
30
0
39
13.2
70
1
0
VERTEX
8
BUILDINGS_CONTEXT
10
188.614
20
607.576
30
0
0
VERTEX
8
BUILDINGS_CONTEXT
10
191.386
20
597.877
30
0
0
VERTEX
8
BUILDINGS_CONTEXT
10
210.596
20
603.366
30
0
0
VERTEX
8
BUILDINGS_CONTEXT
10
207.825
20
613.065
30
0
0
SEQEND
8
BUILDINGS_CONTEXT
0
POLYLINE
8
BUILDINGS_CONTEXT
66
1
10
0
20
0
30
0
39
18.121
70
1
0
VERTEX
8
BUILDINGS_CONTEXT
10
167.443
20
634.253
30
0
0
VERTEX
8
BUILDINGS_CONTEXT
10
176.088
20
603.997
30
0
0
VERTEX
8
BUILDINGS_CONTEXT
10
192.355
20
608.645
30
0
0
VERTEX
8
BUILDINGS_CONTEXT
10
183.711
20
638.901
30
0
0
SEQEND
8
BUILDINGS_CONTEXT
0
POLYLINE
8
BUILDINGS_CONTEXT
66
1
10
0
20
0
30
0
39
13.2
70
1
0
VERTEX
8
BUILDINGS_CONTEXT
10
183.711
20
638.901
30
0
0
VERTEX
8
BUILDINGS_CONTEXT
10
187.116
20
626.982
30
0
0
VERTEX
8
BUILDINGS_CONTEXT
10
207.688
20
632.86
30
0
0
VERTEX
8
BUILDINGS_CONTEXT
10
204.282
20
644.778
30
0
0
SEQEND
8
BUILDINGS_CONTEXT
0
POLYLINE
8
BUILDINGS_CONTEXT
66
1
10
0
20
0
30
0
39
20.817
70
1
0
VERTEX
8
BUILDINGS_CONTEXT
10
162.575
20
651.291
30
0
0
VERTEX
8
BUILDINGS_CONTEXT
10
167.443
20
634.253
30
0
0
VERTEX
8
BUILDINGS_CONTEXT
10
180.845
20
638.082
30
0
0
VERTEX
8
BUILDINGS_CONTEXT
10
175.977
20
655.12
30
0
0
SEQEND
8
BUILDINGS_CONTEXT
0
POLYLINE
8
BUILDINGS_CONTEXT
66
1
10
0
20
0
30
0
39
16.6
70
1
0
VERTEX
8
BUILDINGS_CONTEXT
10
175.977
20
655.12
30
0
0
VERTEX
8
BUILDINGS_CONTEXT
10
179.376
20
643.223
30
0
0
VERTEX
8
BUILDINGS_CONTEXT
10
196.367
20
648.078
30
0
0
VERTEX
8
BUILDINGS_CONTEXT
10
192.968
20
659.974
30
0
0
SEQEND
8
BUILDINGS_CONTEXT
0
POLYLINE
8
BUILDINGS_CONTEXT
66
1
10
0
20
0
30
0
39
17.417
70
1
0
VERTEX
8
BUILDINGS_CONTEXT
10
156.93
20
671.048
30
0
0
VERTEX
8
BUILDINGS_CONTEXT
10
162.575
20
651.291
30
0
0
VERTEX
8
BUILDINGS_CONTEXT
10
177.984
20
655.693
30
0
0
VERTEX
8
BUILDINGS_CONTEXT
10
172.339
20
675.451
30
0
0
SEQEND
8
BUILDINGS_CONTEXT
0
POLYLINE
8
BUILDINGS_CONTEXT
66
1
10
0
20
0
30
0
39
13.2
70
1
0
VERTEX
8
BUILDINGS_CONTEXT
10
172.339
20
675.451
30
0
0
VERTEX
8
BUILDINGS_CONTEXT
10
175.27
20
665.194
30
0
0
VERTEX
8
BUILDINGS_CONTEXT
10
206.401
20
674.088
30
0
0
VERTEX
8
BUILDINGS_CONTEXT
10
203.47
20
684.345
30
0
0
SEQEND
8
BUILDINGS_CONTEXT
0
POLYLINE
8
BUILDINGS_CONTEXT
66
1
10
0
20
0
30
0
39
20.71
70
1
0
VERTEX
8
BUILDINGS_CONTEXT
10
149.562
20
696.838
30
0
0
VERTEX
8
BUILDINGS_CONTEXT
10
156.93
20
671.048
30
0
0
VERTEX
8
BUILDINGS_CONTEXT
10
169.667
20
674.687
30
0
0
VERTEX
8
BUILDINGS_CONTEXT
10
162.298
20
700.477
30
0
0
SEQEND
8
BUILDINGS_CONTEXT
0
POLYLINE
8
BUILDINGS_CONTEXT
66
1
10
0
20
0
30
0
39
20.762
70
1
0
VERTEX
8
BUILDINGS_CONTEXT
10
146.244
20
708.45
30
0
0
VERTEX
8
BUILDINGS_CONTEXT
10
149.562
20
696.838
30
0
0
VERTEX
8
BUILDINGS_CONTEXT
10
164.63
20
701.143
30
0
0
VERTEX
8
BUILDINGS_CONTEXT
10
161.312
20
712.755
30
0
0
SEQEND
8
BUILDINGS_CONTEXT
0
POLYLINE
8
BUILDINGS_CONTEXT
66
1
10
0
20
0
30
0
39
23.811
70
1
0
VERTEX
8
BUILDINGS_CONTEXT
10
132.41
20
799.551
30
0
0
VERTEX
8
BUILDINGS_CONTEXT
10
134.021
20
782.598
30
0
0
VERTEX
8
BUILDINGS_CONTEXT
10
148.984
20
784.02
30
0
0
VERTEX
8
BUILDINGS_CONTEXT
10
147.373
20
800.973
30
0
0
SEQEND
8
BUILDINGS_CONTEXT
0
POLYLINE
8
BUILDINGS_CONTEXT
66
1
10
0
20
0
30
0
39
21.278
70
1
0
VERTEX
8
BUILDINGS_CONTEXT
10
129.426
20
830.951
30
0
0
VERTEX
8
BUILDINGS_CONTEXT
10
132.41
20
799.551
30
0
0
VERTEX
8
BUILDINGS_CONTEXT
10
147.977
20
801.031
30
0
0
VERTEX
8
BUILDINGS_CONTEXT
10
144.993
20
832.431
30
0
0
SEQEND
8
BUILDINGS_CONTEXT
0
POLYLINE
8
BUILDINGS_CONTEXT
66
1
10
0
20
0
30
0
39
16.6
70
1
0
VERTEX
8
BUILDINGS_CONTEXT
10
144.993
20
832.431
30
0
0
VERTEX
8
BUILDINGS_CONTEXT
10
146.077
20
821.029
30
0
0
VERTEX
8
BUILDINGS_CONTEXT
10
170.652
20
823.364
30
0
0
VERTEX
8
BUILDINGS_CONTEXT
10
169.569
20
834.766
30
0
0
SEQEND
8
BUILDINGS_CONTEXT
0
POLYLINE
8
BUILDINGS_CONTEXT
66
1
10
0
20
0
30
0
39
17.893
70
1
0
VERTEX
8
BUILDINGS_CONTEXT
10
127.473
20
851.503
30
0
0
VERTEX
8
BUILDINGS_CONTEXT
10
129.426
20
830.951
30
0
0
VERTEX
8
BUILDINGS_CONTEXT
10
142.788
20
832.221
30
0
0
VERTEX
8
BUILDINGS_CONTEXT
10
140.835
20
852.773
30
0
0
SEQEND
8
BUILDINGS_CONTEXT
0
POLYLINE
8
BUILDINGS_CONTEXT
66
1
10
0
20
0
30
0
39
13.2
70
1
0
VERTEX
8
BUILDINGS_CONTEXT
10
141.701
20
843.664
30
0
0
VERTEX
8
BUILDINGS_CONTEXT
10
142.788
20
832.221
30
0
0
VERTEX
8
BUILDINGS_CONTEXT
10
174.228
20
835.209
30
0
0
VERTEX
8
BUILDINGS_CONTEXT
10
173.14
20
846.651
30
0
0
SEQEND
8
BUILDINGS_CONTEXT
0
POLYLINE
8
BUILDINGS_CONTEXT
66
1
10
0
20
0
30
0
39
20.489
70
1
0
VERTEX
8
BUILDINGS_CONTEXT
10
124.714
20
880.541
30
0
0
VERTEX
8
BUILDINGS_CONTEXT
10
127.473
20
851.503
30
0
0
VERTEX
8
BUILDINGS_CONTEXT
10
141.338
20
852.821
30
0
0
VERTEX
8
BUILDINGS_CONTEXT
10
138.579
20
881.858
30
0
0
SEQEND
8
BUILDINGS_CONTEXT
0
POLYLINE
8
BUILDINGS_CONTEXT
66
1
10
0
20
0
30
0
39
20
70
1
0
VERTEX
8
BUILDINGS_CONTEXT
10
138.579
20
881.858
30
0
0
VERTEX
8
BUILDINGS_CONTEXT
10
139.626
20
870.832
30
0
0
VERTEX
8
BUILDINGS_CONTEXT
10
168.556
20
873.581
30
0
0
VERTEX
8
BUILDINGS_CONTEXT
10
167.508
20
884.607
30
0
0
SEQEND
8
BUILDINGS_CONTEXT
0
POLYLINE
8
BUILDINGS_CONTEXT
66
1
10
0
20
0
30
0
39
20.454
70
1
0
VERTEX
8
BUILDINGS_CONTEXT
10
122.62
20
902.575
30
0
0
VERTEX
8
BUILDINGS_CONTEXT
10
124.714
20
880.541
30
0
0
VERTEX
8
BUILDINGS_CONTEXT
10
137.774
20
881.782
30
0
0
VERTEX
8
BUILDINGS_CONTEXT
10
135.68
20
903.816
30
0
0
SEQEND
8
BUILDINGS_CONTEXT
0
POLYLINE
8
BUILDINGS_CONTEXT
66
1
10
0
20
0
30
0
39
16.6
70
1
0
VERTEX
8
BUILDINGS_CONTEXT
10
135.68
20
903.816
30
0
0
VERTEX
8
BUILDINGS_CONTEXT
10
136.686
20
893.236
30
0
0
VERTEX
8
BUILDINGS_CONTEXT
10
163.46
20
895.781
30
0
0
VERTEX
8
BUILDINGS_CONTEXT
10
162.454
20
906.36
30
0
0
SEQEND
8
BUILDINGS_CONTEXT
0
POLYLINE
8
BUILDINGS_CONTEXT
66
1
10
0
20
0
30
0
39
21.166
70
1
0
VERTEX
8
BUILDINGS_CONTEXT
10
120.1
20
929.095
30
0
0
VERTEX
8
BUILDINGS_CONTEXT
10
122.62
20
902.575
30
0
0
VERTEX
8
BUILDINGS_CONTEXT
10
137.461
20
903.985
30
0
0
VERTEX
8
BUILDINGS_CONTEXT
10
134.941
20
930.505
30
0
0
SEQEND
8
BUILDINGS_CONTEXT
0
POLYLINE
8
BUILDINGS_CONTEXT
66
1
10
0
20
0
30
0
39
20
70
1
0
VERTEX
8
BUILDINGS_CONTEXT
10
136.439
20
914.745
30
0
0
VERTEX
8
BUILDINGS_CONTEXT
10
137.461
20
903.985
30
0
0
VERTEX
8
BUILDINGS_CONTEXT
10
164.205
20
906.526
30
0
0
VERTEX
8
BUILDINGS_CONTEXT
10
163.183
20
917.286
30
0
0
SEQEND
8
BUILDINGS_CONTEXT
0
POLYLINE
8
BUILDINGS_CONTEXT
66
1
10
0
20
0
30
0
39
24.116
70
1
0
VERTEX
8
BUILDINGS_CONTEXT
10
115.139
20
981.303
30
0
0
VERTEX
8
BUILDINGS_CONTEXT
10
118.208
20
949.005
30
0
0
VERTEX
8
BUILDINGS_CONTEXT
10
131.233
20
950.243
30
0
0
VERTEX
8
BUILDINGS_CONTEXT
10
128.164
20
982.54
30
0
0
SEQEND
8
BUILDINGS_CONTEXT
0
POLYLINE
8
BUILDINGS_CONTEXT
66
1
10
0
20
0
30
0
39
20
70
1
0
VERTEX
8
BUILDINGS_CONTEXT
10
130.219
20
960.914
30
0
0
VERTEX
8
BUILDINGS_CONTEXT
10
131.233
20
950.243
30
0
0
VERTEX
8
BUILDINGS_CONTEXT
10
149.019
20
951.933
30
0
0
VERTEX
8
BUILDINGS_CONTEXT
10
148.005
20
962.604
30
0
0
SEQEND
8
BUILDINGS_CONTEXT
0
POLYLINE
8
BUILDINGS_CONTEXT
66
1
10
0
20
0
30
0
39
21.17
70
1
0
VERTEX
8
BUILDINGS_CONTEXT
10
112.264
20
1011.562
30
0
0
VERTEX
8
BUILDINGS_CONTEXT
10
115.139
20
981.303
30
0
0
VERTEX
8
BUILDINGS_CONTEXT
10
128.404
20
982.563
30
0
0
VERTEX
8
BUILDINGS_CONTEXT
10
125.529
20
1012.822
30
0
0
SEQEND
8
BUILDINGS_CONTEXT
0
POLYLINE
8
BUILDINGS_CONTEXT
66
1
10
0
20
0
30
0
39
16.6
70
1
0
VERTEX
8
BUILDINGS_CONTEXT
10
127.355
20
993.606
30
0
0
VERTEX
8
BUILDINGS_CONTEXT
10
128.404
20
982.563
30
0
0
VERTEX
8
BUILDINGS_CONTEXT
10
148.586
20
984.481
30
0
0
VERTEX
8
BUILDINGS_CONTEXT
10
147.536
20
995.523
30
0
0
SEQEND
8
BUILDINGS_CONTEXT
0
POLYLINE
8
BUILDINGS_CONTEXT
66
1
10
0
20
0
30
0
39
17.23
70
1
0
VERTEX
8
BUILDINGS_CONTEXT
10
110.646
20
1028.589
30
0
0
VERTEX
8
BUILDINGS_CONTEXT
10
112.264
20
1011.562
30
0
0
VERTEX
8
BUILDINGS_CONTEXT
10
127.268
20
1012.988
30
0
0
VERTEX
8
BUILDINGS_CONTEXT
10
125.65
20
1030.014
30
0
0
SEQEND
8
BUILDINGS_CONTEXT
0
POLYLINE
8
BUILDINGS_CONTEXT
66
1
10
0
20
0
30
0
39
16.6
70
1
0
VERTEX
8
BUILDINGS_CONTEXT
10
126.199
20
1024.236
30
0
0
VERTEX
8
BUILDINGS_CONTEXT
10
127.268
20
1012.988
30
0
0
VERTEX
8
BUILDINGS_CONTEXT
10
160.039
20
1016.102
30
0
0
VERTEX
8
BUILDINGS_CONTEXT
10
158.97
20
1027.35
30
0
0
SEQEND
8
BUILDINGS_CONTEXT
0
POLYLINE
8
BUILDINGS_CONTEXT
66
1
10
0
20
0
30
0
39
20.903
70
1
0
VERTEX
8
BUILDINGS_CONTEXT
10
108.081
20
1055.586
30
0
0
VERTEX
8
BUILDINGS_CONTEXT
10
110.646
20
1028.589
30
0
0
VERTEX
8
BUILDINGS_CONTEXT
10
124.485
20
1029.904
30
0
0
VERTEX
8
BUILDINGS_CONTEXT
10
121.92
20
1056.901
30
0
0
SEQEND
8
BUILDINGS_CONTEXT
0
POLYLINE
8
BUILDINGS_CONTEXT
66
1
10
0
20
0
30
0
39
20
70
1
0
VERTEX
8
BUILDINGS_CONTEXT
10
121.92
20
1056.901
30
0
0
VERTEX
8
BUILDINGS_CONTEXT
10
122.947
20
1046.086
30
0
0
VERTEX
8
BUILDINGS_CONTEXT
10
139.316
20
1047.642
30
0
0
VERTEX
8
BUILDINGS_CONTEXT
10
138.289
20
1058.457
30
0
0
SEQEND
8
BUILDINGS_CONTEXT
0
POLYLINE
8
BUILDINGS_CONTEXT
66
1
10
0
20
0
30
0
39
17.588
70
1
0
VERTEX
8
BUILDINGS_CONTEXT
10
105.605
20
1081.636
30
0
0
VERTEX
8
BUILDINGS_CONTEXT
10
108.081
20
1055.586
30
0
0
VERTEX
8
BUILDINGS_CONTEXT
10
123.811
20
1057.081
30
0
0
VERTEX
8
BUILDINGS_CONTEXT
10
121.335
20
1083.131
30
0
0
SEQEND
8
BUILDINGS_CONTEXT
0
POLYLINE
8
BUILDINGS_CONTEXT
66
1
10
0
20
0
30
0
39
16.6
70
1
0
VERTEX
8
BUILDINGS_CONTEXT
10
122.739
20
1068.362
30
0
0
VERTEX
8
BUILDINGS_CONTEXT
10
123.811
20
1057.081
30
0
0
VERTEX
8
BUILDINGS_CONTEXT
10
143.522
20
1058.954
30
0
0
VERTEX
8
BUILDINGS_CONTEXT
10
142.45
20
1070.235
30
0
0
SEQEND
8
BUILDINGS_CONTEXT
0
POLYLINE
8
BUILDINGS_CONTEXT
66
1
10
0
20
0
30
0
39
24.996
70
1
0
VERTEX
8
BUILDINGS_CONTEXT
10
103.162
20
1107.35
30
0
0
VERTEX
8
BUILDINGS_CONTEXT
10
105.605
20
1081.636
30
0
0
VERTEX
8
BUILDINGS_CONTEXT
10
119.821
20
1082.987
30
0
0
VERTEX
8
BUILDINGS_CONTEXT
10
117.378
20
1108.701
30
0
0
SEQEND
8
BUILDINGS_CONTEXT
0
POLYLINE
8
BUILDINGS_CONTEXT
66
1
10
0
20
0
30
0
39
23.4
70
1
0
VERTEX
8
BUILDINGS_CONTEXT
10
117.378
20
1108.701
30
0
0
VERTEX
8
BUILDINGS_CONTEXT
10
118.601
20
1095.834
30
0
0
VERTEX
8
BUILDINGS_CONTEXT
10
139.904
20
1097.858
30
0
0
VERTEX
8
BUILDINGS_CONTEXT
10
138.681
20
1110.725
30
0
0
SEQEND
8
BUILDINGS_CONTEXT
0
POLYLINE
8
BUILDINGS_CONTEXT
66
1
10
0
20
0
30
0
39
20.725
70
1
0
VERTEX
8
BUILDINGS_CONTEXT
10
100.403
20
1136.386
30
0
0
VERTEX
8
BUILDINGS_CONTEXT
10
103.162
20
1107.35
30
0
0
VERTEX
8
BUILDINGS_CONTEXT
10
119.964
20
1108.946
30
0
0
VERTEX
8
BUILDINGS_CONTEXT
10
117.204
20
1137.982
30
0
0
SEQEND
8
BUILDINGS_CONTEXT
0
POLYLINE
8
BUILDINGS_CONTEXT
66
1
10
0
20
0
30
0
39
18.135
70
1
0
VERTEX
8
BUILDINGS_CONTEXT
10
98.557
20
1155.816
30
0
0
VERTEX
8
BUILDINGS_CONTEXT
10
100.403
20
1136.386
30
0
0
VERTEX
8
BUILDINGS_CONTEXT
10
114.711
20
1137.745
30
0
0
VERTEX
8
BUILDINGS_CONTEXT
10
112.864
20
1157.176
30
0
0
SEQEND
8
BUILDINGS_CONTEXT
0
POLYLINE
8
BUILDINGS_CONTEXT
66
1
10
0
20
0
30
0
39
16.6
70
1
0
VERTEX
8
BUILDINGS_CONTEXT
10
113.551
20
1149.955
30
0
0
VERTEX
8
BUILDINGS_CONTEXT
10
114.711
20
1137.745
30
0
0
VERTEX
8
BUILDINGS_CONTEXT
10
139.148
20
1140.068
30
0
0
VERTEX
8
BUILDINGS_CONTEXT
10
137.988
20
1152.277
30
0
0
SEQEND
8
BUILDINGS_CONTEXT
0
POLYLINE
8
BUILDINGS_CONTEXT
66
1
10
0
20
0
30
0
39
17.157
70
1
0
VERTEX
8
BUILDINGS_CONTEXT
10
97.437
20
1167.6
30
0
0
VERTEX
8
BUILDINGS_CONTEXT
10
98.557
20
1155.816
30
0
0
VERTEX
8
BUILDINGS_CONTEXT
10
115.212
20
1157.399
30
0
0
VERTEX
8
BUILDINGS_CONTEXT
10
114.092
20
1169.183
30
0
0
SEQEND
8
BUILDINGS_CONTEXT
0
POLYLINE
8
BUILDINGS_CONTEXT
66
1
10
0
20
0
30
0
39
17.467
70
1
0
VERTEX
8
BUILDINGS_CONTEXT
10
548.544
20
449.791
30
0
0
VERTEX
8
BUILDINGS_CONTEXT
10
542.168
20
472.107
30
0
0
VERTEX
8
BUILDINGS_CONTEXT
10
528.47
20
468.193
30
0
0
VERTEX
8
BUILDINGS_CONTEXT
10
534.846
20
445.877
30
0
0
SEQEND
8
BUILDINGS_CONTEXT
0
POLYLINE
8
BUILDINGS_CONTEXT
66
1
10
0
20
0
30
0
39
13.2
70
1
0
VERTEX
8
BUILDINGS_CONTEXT
10
534.846
20
445.877
30
0
0
VERTEX
8
BUILDINGS_CONTEXT
10
531.83
20
456.434
30
0
0
VERTEX
8
BUILDINGS_CONTEXT
10
515.745
20
451.839
30
0
0
VERTEX
8
BUILDINGS_CONTEXT
10
518.762
20
441.281
30
0
0
SEQEND
8
BUILDINGS_CONTEXT
0
POLYLINE
8
BUILDINGS_CONTEXT
66
1
10
0
20
0
30
0
39
21.405
70
1
0
VERTEX
8
BUILDINGS_CONTEXT
10
542.168
20
472.107
30
0
0
VERTEX
8
BUILDINGS_CONTEXT
10
534.428
20
499.196
30
0
0
VERTEX
8
BUILDINGS_CONTEXT
10
519.132
20
494.826
30
0
0
VERTEX
8
BUILDINGS_CONTEXT
10
526.872
20
467.737
30
0
0
SEQEND
8
BUILDINGS_CONTEXT
0
POLYLINE
8
BUILDINGS_CONTEXT
66
1
10
0
20
0
30
0
39
17.291
70
1
0
VERTEX
8
BUILDINGS_CONTEXT
10
534.428
20
499.196
30
0
0
VERTEX
8
BUILDINGS_CONTEXT
10
524.576
20
533.679
30
0
0
VERTEX
8
BUILDINGS_CONTEXT
10
508.774
20
529.164
30
0
0
VERTEX
8
BUILDINGS_CONTEXT
10
518.626
20
494.681
30
0
0
SEQEND
8
BUILDINGS_CONTEXT
0
POLYLINE
8
BUILDINGS_CONTEXT
66
1
10
0
20
0
30
0
39
23.984
70
1
0
VERTEX
8
BUILDINGS_CONTEXT
10
524.576
20
533.679
30
0
0
VERTEX
8
BUILDINGS_CONTEXT
10
516.774
20
560.988
30
0
0
VERTEX
8
BUILDINGS_CONTEXT
10
501.785
20
556.705
30
0
0
VERTEX
8
BUILDINGS_CONTEXT
10
509.587
20
529.397
30
0
0
SEQEND
8
BUILDINGS_CONTEXT
0
POLYLINE
8
BUILDINGS_CONTEXT
66
1
10
0
20
0
30
0
39
23.4
70
1
0
VERTEX
8
BUILDINGS_CONTEXT
10
504.808
20
546.124
30
0
0
VERTEX
8
BUILDINGS_CONTEXT
10
501.785
20
556.705
30
0
0
VERTEX
8
BUILDINGS_CONTEXT
10
475.2
20
549.11
30
0
0
VERTEX
8
BUILDINGS_CONTEXT
10
478.224
20
538.528
30
0
0
SEQEND
8
BUILDINGS_CONTEXT
0
POLYLINE
8
BUILDINGS_CONTEXT
66
1
10
0
20
0
30
0
39
17.574
70
1
0
VERTEX
8
BUILDINGS_CONTEXT
10
516.774
20
560.988
30
0
0
VERTEX
8
BUILDINGS_CONTEXT
10
507.365
20
593.919
30
0
0
VERTEX
8
BUILDINGS_CONTEXT
10
494.101
20
590.129
30
0
0
VERTEX
8
BUILDINGS_CONTEXT
10
503.51
20
557.198
30
0
0
SEQEND
8
BUILDINGS_CONTEXT
0
POLYLINE
8
BUILDINGS_CONTEXT
66
1
10
0
20
0
30
0
39
13.2
70
1
0
VERTEX
8
BUILDINGS_CONTEXT
10
503.51
20
557.198
30
0
0
VERTEX
8
BUILDINGS_CONTEXT
10
500.304
20
568.42
30
0
0
VERTEX
8
BUILDINGS_CONTEXT
10
479.446
20
562.461
30
0
0
VERTEX
8
BUILDINGS_CONTEXT
10
482.653
20
551.239
30
0
0
SEQEND
8
BUILDINGS_CONTEXT
0
POLYLINE
8
BUILDINGS_CONTEXT
66
1
10
0
20
0
30
0
39
18.125
70
1
0
VERTEX
8
BUILDINGS_CONTEXT
10
507.365
20
593.919
30
0
0
VERTEX
8
BUILDINGS_CONTEXT
10
502.775
20
609.983
30
0
0
VERTEX
8
BUILDINGS_CONTEXT
10
488.466
20
605.895
30
0
0
VERTEX
8
BUILDINGS_CONTEXT
10
493.055
20
589.83
30
0
0
SEQEND
8
BUILDINGS_CONTEXT
0
POLYLINE
8
BUILDINGS_CONTEXT
66
1
10
0
20
0
30
0
39
21.406
70
1
0
VERTEX
8
BUILDINGS_CONTEXT
10
495.907
20
634.021
30
0
0
VERTEX
8
BUILDINGS_CONTEXT
10
487.947
20
661.882
30
0
0
VERTEX
8
BUILDINGS_CONTEXT
10
475.434
20
658.307
30
0
0
VERTEX
8
BUILDINGS_CONTEXT
10
483.395
20
630.446
30
0
0
SEQEND
8
BUILDINGS_CONTEXT
0
POLYLINE
8
BUILDINGS_CONTEXT
66
1
10
0
20
0
30
0
39
17.57
70
1
0
VERTEX
8
BUILDINGS_CONTEXT
10
487.947
20
661.882
30
0
0
VERTEX
8
BUILDINGS_CONTEXT
10
478.093
20
696.37
30
0
0
VERTEX
8
BUILDINGS_CONTEXT
10
462.509
20
691.917
30
0
0
VERTEX
8
BUILDINGS_CONTEXT
10
472.363
20
657.43
30
0
0
SEQEND
8
BUILDINGS_CONTEXT
0
POLYLINE
8
BUILDINGS_CONTEXT
66
1
10
0
20
0
30
0
39
23.897
70
1
0
VERTEX
8
BUILDINGS_CONTEXT
10
478.093
20
696.37
30
0
0
VERTEX
8
BUILDINGS_CONTEXT
10
470.327
20
723.55
30
0
0
VERTEX
8
BUILDINGS_CONTEXT
10
457.785
20
719.966
30
0
0
VERTEX
8
BUILDINGS_CONTEXT
10
465.551
20
692.786
30
0
0
SEQEND
8
BUILDINGS_CONTEXT
0
POLYLINE
8
BUILDINGS_CONTEXT
66
1
10
0
20
0
30
0
39
23.4
70
1
0
VERTEX
8
BUILDINGS_CONTEXT
10
460.743
20
709.612
30
0
0
VERTEX
8
BUILDINGS_CONTEXT
10
457.785
20
719.966
30
0
0
VERTEX
8
BUILDINGS_CONTEXT
10
426.671
20
711.077
30
0
0
VERTEX
8
BUILDINGS_CONTEXT
10
429.629
20
700.723
30
0
0
SEQEND
8
BUILDINGS_CONTEXT
0
POLYLINE
8
BUILDINGS_CONTEXT
66
1
10
0
20
0
30
0
39
21.235
70
1
0
VERTEX
8
BUILDINGS_CONTEXT
10
470.327
20
723.55
30
0
0
VERTEX
8
BUILDINGS_CONTEXT
10
464.002
20
745.688
30
0
0
VERTEX
8
BUILDINGS_CONTEXT
10
451.059
20
741.99
30
0
0
VERTEX
8
BUILDINGS_CONTEXT
10
457.384
20
719.852
30
0
0
SEQEND
8
BUILDINGS_CONTEXT
0
POLYLINE
8
BUILDINGS_CONTEXT
66
1
10
0
20
0
30
0
39
18.015
70
1
0
VERTEX
8
BUILDINGS_CONTEXT
10
464.002
20
745.688
30
0
0
VERTEX
8
BUILDINGS_CONTEXT
10
455.388
20
775.836
30
0
0
VERTEX
8
BUILDINGS_CONTEXT
10
441.218
20
771.788
30
0
0
VERTEX
8
BUILDINGS_CONTEXT
10
449.831
20
741.639
30
0
0
SEQEND
8
BUILDINGS_CONTEXT
0
POLYLINE
8
BUILDINGS_CONTEXT
66
1
10
0
20
0
30
0
39
21.151
70
1
0
VERTEX
8
BUILDINGS_CONTEXT
10
455.388
20
775.836
30
0
0
VERTEX
8
BUILDINGS_CONTEXT
10
450.547
20
792.78
30
0
0
VERTEX
8
BUILDINGS_CONTEXT
10
435.698
20
788.537
30
0
0
VERTEX
8
BUILDINGS_CONTEXT
10
440.539
20
771.594
30
0
0
SEQEND
8
BUILDINGS_CONTEXT
0
POLYLINE
8
BUILDINGS_CONTEXT
66
1
10
0
20
0
30
0
39
20.935
70
1
0
VERTEX
8
BUILDINGS_CONTEXT
10
437.031
20
867.89
30
0
0
VERTEX
8
BUILDINGS_CONTEXT
10
433.743
20
899.748
30
0
0
VERTEX
8
BUILDINGS_CONTEXT
10
418.817
20
898.207
30
0
0
VERTEX
8
BUILDINGS_CONTEXT
10
422.105
20
866.349
30
0
0
SEQEND
8
BUILDINGS_CONTEXT
0
POLYLINE
8
BUILDINGS_CONTEXT
66
1
10
0
20
0
30
0
39
16.6
70
1
0
VERTEX
8
BUILDINGS_CONTEXT
10
419.889
20
887.813
30
0
0
VERTEX
8
BUILDINGS_CONTEXT
10
418.817
20
898.207
30
0
0
VERTEX
8
BUILDINGS_CONTEXT
10
394.888
20
895.738
30
0
0
VERTEX
8
BUILDINGS_CONTEXT
10
395.96
20
885.343
30
0
0
SEQEND
8
BUILDINGS_CONTEXT
0
POLYLINE
8
BUILDINGS_CONTEXT
66
1
10
0
20
0
30
0
39
21.373
70
1
0
VERTEX
8
BUILDINGS_CONTEXT
10
433.743
20
899.748
30
0
0
VERTEX
8
BUILDINGS_CONTEXT
10
430.29
20
933.199
30
0
0
VERTEX
8
BUILDINGS_CONTEXT
10
414.947
20
931.615
30
0
0
VERTEX
8
BUILDINGS_CONTEXT
10
418.4
20
898.164
30
0
0
SEQEND
8
BUILDINGS_CONTEXT
0
POLYLINE
8
BUILDINGS_CONTEXT
66
1
10
0
20
0
30
0
39
20
70
1
0
VERTEX
8
BUILDINGS_CONTEXT
10
416.208
20
919.404
30
0
0
VERTEX
8
BUILDINGS_CONTEXT
10
414.947
20
931.615
30
0
0
VERTEX
8
BUILDINGS_CONTEXT
10
388.779
20
928.915
30
0
0
VERTEX
8
BUILDINGS_CONTEXT
10
390.039
20
916.703
30
0
0
SEQEND
8
BUILDINGS_CONTEXT
0
POLYLINE
8
BUILDINGS_CONTEXT
66
1
10
0
20
0
30
0
39
24.025
70
1
0
VERTEX
8
BUILDINGS_CONTEXT
10
430.29
20
933.199
30
0
0
VERTEX
8
BUILDINGS_CONTEXT
10
428.137
20
954.066
30
0
0
VERTEX
8
BUILDINGS_CONTEXT
10
412.064
20
952.407
30
0
0
VERTEX
8
BUILDINGS_CONTEXT
10
414.217
20
931.54
30
0
0
SEQEND
8
BUILDINGS_CONTEXT
0
POLYLINE
8
BUILDINGS_CONTEXT
66
1
10
0
20
0
30
0
39
23.4
70
1
0
VERTEX
8
BUILDINGS_CONTEXT
10
414.217
20
931.54
30
0
0
VERTEX
8
BUILDINGS_CONTEXT
10
412.929
20
944.024
30
0
0
VERTEX
8
BUILDINGS_CONTEXT
10
386.832
20
941.33
30
0
0
VERTEX
8
BUILDINGS_CONTEXT
10
388.12
20
928.847
30
0
0
SEQEND
8
BUILDINGS_CONTEXT
0
POLYLINE
8
BUILDINGS_CONTEXT
66
1
10
0
20
0
30
0
39
24.106
70
1
0
VERTEX
8
BUILDINGS_CONTEXT
10
428.137
20
954.066
30
0
0
VERTEX
8
BUILDINGS_CONTEXT
10
426.357
20
971.31
30
0
0
VERTEX
8
BUILDINGS_CONTEXT
10
409.725
20
969.593
30
0
0
VERTEX
8
BUILDINGS_CONTEXT
10
411.505
20
952.349
30
0
0
SEQEND
8
BUILDINGS_CONTEXT
0
POLYLINE
8
BUILDINGS_CONTEXT
66
1
10
0
20
0
30
0
39
20
70
1
0
VERTEX
8
BUILDINGS_CONTEXT
10
410.835
20
958.845
30
0
0
VERTEX
8
BUILDINGS_CONTEXT
10
409.725
20
969.593
30
0
0
VERTEX
8
BUILDINGS_CONTEXT
10
389.844
20
967.541
30
0
0
VERTEX
8
BUILDINGS_CONTEXT
10
390.953
20
956.793
30
0
0
SEQEND
8
BUILDINGS_CONTEXT
0
POLYLINE
8
BUILDINGS_CONTEXT
66
1
10
0
20
0
30
0
39
24.465
70
1
0
VERTEX
8
BUILDINGS_CONTEXT
10
426.357
20
971.31
30
0
0
VERTEX
8
BUILDINGS_CONTEXT
10
423.799
20
996.089
30
0
0
VERTEX
8
BUILDINGS_CONTEXT
10
407.695
20
994.426
30
0
0
VERTEX
8
BUILDINGS_CONTEXT
10
410.253
20
969.648
30
0
0
SEQEND
8
BUILDINGS_CONTEXT
0
POLYLINE
8
BUILDINGS_CONTEXT
66
1
10
0
20
0
30
0
39
20
70
1
0
VERTEX
8
BUILDINGS_CONTEXT
10
410.253
20
969.648
30
0
0
VERTEX
8
BUILDINGS_CONTEXT
10
408.948
20
982.286
30
0
0
VERTEX
8
BUILDINGS_CONTEXT
10
379.664
20
979.263
30
0
0
VERTEX
8
BUILDINGS_CONTEXT
10
380.968
20
966.625
30
0
0
SEQEND
8
BUILDINGS_CONTEXT
0
POLYLINE
8
BUILDINGS_CONTEXT
66
1
10
0
20
0
30
0
39
24.145
70
1
0
VERTEX
8
BUILDINGS_CONTEXT
10
423.799
20
996.089
30
0
0
VERTEX
8
BUILDINGS_CONTEXT
10
422.227
20
1011.325
30
0
0
VERTEX
8
BUILDINGS_CONTEXT
10
407.539
20
1009.809
30
0
0
VERTEX
8
BUILDINGS_CONTEXT
10
409.111
20
994.573
30
0
0
SEQEND
8
BUILDINGS_CONTEXT
0
POLYLINE
8
BUILDINGS_CONTEXT
66
1
10
0
20
0
30
0
39
17.488
70
1
0
VERTEX
8
BUILDINGS_CONTEXT
10
420.173
20
1031.219
30
0
0
VERTEX
8
BUILDINGS_CONTEXT
10
418.363
20
1048.76
30
0
0
VERTEX
8
BUILDINGS_CONTEXT
10
402.382
20
1047.111
30
0
0
VERTEX
8
BUILDINGS_CONTEXT
10
404.192
20
1029.569
30
0
0
SEQEND
8
BUILDINGS_CONTEXT
0
POLYLINE
8
BUILDINGS_CONTEXT
66
1
10
0
20
0
30
0
39
13.2
70
1
0
VERTEX
8
BUILDINGS_CONTEXT
10
404.192
20
1029.569
30
0
0
VERTEX
8
BUILDINGS_CONTEXT
10
402.972
20
1041.387
30
0
0
VERTEX
8
BUILDINGS_CONTEXT
10
373.935
20
1038.39
30
0
0
VERTEX
8
BUILDINGS_CONTEXT
10
375.154
20
1026.572
30
0
0
SEQEND
8
BUILDINGS_CONTEXT
0
POLYLINE
8
BUILDINGS_CONTEXT
66
1
10
0
20
0
30
0
39
18.061
70
1
0
VERTEX
8
BUILDINGS_CONTEXT
10
418.363
20
1048.76
30
0
0
VERTEX
8
BUILDINGS_CONTEXT
10
416.105
20
1070.639
30
0
0
VERTEX
8
BUILDINGS_CONTEXT
10
399.587
20
1068.934
30
0
0
VERTEX
8
BUILDINGS_CONTEXT
10
401.846
20
1047.056
30
0
0
SEQEND
8
BUILDINGS_CONTEXT
0
POLYLINE
8
BUILDINGS_CONTEXT
66
1
10
0
20
0
30
0
39
13.2
70
1
0
VERTEX
8
BUILDINGS_CONTEXT
10
401.846
20
1047.056
30
0
0
VERTEX
8
BUILDINGS_CONTEXT
10
400.794
20
1057.245
30
0
0
VERTEX
8
BUILDINGS_CONTEXT
10
371.491
20
1054.221
30
0
0
VERTEX
8
BUILDINGS_CONTEXT
10
372.542
20
1044.031
30
0
0
SEQEND
8
BUILDINGS_CONTEXT
0
POLYLINE
8
BUILDINGS_CONTEXT
66
1
10
0
20
0
30
0
39
17.548
70
1
0
VERTEX
8
BUILDINGS_CONTEXT
10
416.105
20
1070.639
30
0
0
VERTEX
8
BUILDINGS_CONTEXT
10
412.922
20
1101.476
30
0
0
VERTEX
8
BUILDINGS_CONTEXT
10
399.175
20
1100.057
30
0
0
VERTEX
8
BUILDINGS_CONTEXT
10
402.357
20
1069.22
30
0
0
SEQEND
8
BUILDINGS_CONTEXT
0
POLYLINE
8
BUILDINGS_CONTEXT
66
1
10
0
20
0
30
0
39
20.921
70
1
0
VERTEX
8
BUILDINGS_CONTEXT
10
412.922
20
1101.476
30
0
0
VERTEX
8
BUILDINGS_CONTEXT
10
409.307
20
1136.498
30
0
0
VERTEX
8
BUILDINGS_CONTEXT
10
393.142
20
1134.83
30
0
0
VERTEX
8
BUILDINGS_CONTEXT
10
396.757
20
1099.807
30
0
0
SEQEND
8
BUILDINGS_CONTEXT
0
POLYLINE
8
BUILDINGS_CONTEXT
66
1
10
0
20
0
30
0
39
20
70
1
0
VERTEX
8
BUILDINGS_CONTEXT
10
394.323
20
1123.388
30
0
0
VERTEX
8
BUILDINGS_CONTEXT
10
393.142
20
1134.83
30
0
0
VERTEX
8
BUILDINGS_CONTEXT
10
365.36
20
1131.962
30
0
0
VERTEX
8
BUILDINGS_CONTEXT
10
366.541
20
1120.521
30
0
0
SEQEND
8
BUILDINGS_CONTEXT
0
POLYLINE
8
BUILDINGS_CONTEXT
66
1
10
0
20
0
30
0
39
24.369
70
1
0
VERTEX
8
BUILDINGS_CONTEXT
10
409.307
20
1136.498
30
0
0
VERTEX
8
BUILDINGS_CONTEXT
10
407.546
20
1153.56
30
0
0
VERTEX
8
BUILDINGS_CONTEXT
10
392.623
20
1152.02
30
0
0
VERTEX
8
BUILDINGS_CONTEXT
10
394.384
20
1134.958
30
0
0
SEQEND
8
BUILDINGS_CONTEXT
0
POLYLINE
8
BUILDINGS_CONTEXT
66
1
10
0
20
0
30
0
39
17.122
70
1
0
VERTEX
8
BUILDINGS_CONTEXT
10
407.546
20
1153.56
30
0
0
VERTEX
8
BUILDINGS_CONTEXT
10
405.494
20
1173.443
30
0
0
VERTEX
8
BUILDINGS_CONTEXT
10
389.602
20
1171.803
30
0
0
VERTEX
8
BUILDINGS_CONTEXT
10
391.654
20
1151.92
30
0
0
SEQEND
8
BUILDINGS_CONTEXT
0
POLYLINE
8
BUILDINGS_CONTEXT
66
1
10
0
20
0
30
0
39
13.2
70
1
0
VERTEX
8
BUILDINGS_CONTEXT
10
390.762
20
1160.567
30
0
0
VERTEX
8
BUILDINGS_CONTEXT
10
389.602
20
1171.803
30
0
0
VERTEX
8
BUILDINGS_CONTEXT
10
360.931
20
1168.844
30
0
0
VERTEX
8
BUILDINGS_CONTEXT
10
362.091
20
1157.608
30
0
0
SEQEND
8
BUILDINGS_CONTEXT
0
POLYLINE
8
BUILDINGS_CONTEXT
66
1
10
0
20
0
30
0
39
24.381
70
1
0
VERTEX
8
BUILDINGS_CONTEXT
10
405.494
20
1173.443
30
0
0
VERTEX
8
BUILDINGS_CONTEXT
10
402.53
20
1202.163
30
0
0
VERTEX
8
BUILDINGS_CONTEXT
10
389.081
20
1200.775
30
0
0
VERTEX
8
BUILDINGS_CONTEXT
10
392.045
20
1172.055
30
0
0
SEQEND
8
BUILDINGS_CONTEXT
0
POLYLINE
8
BUILDINGS_CONTEXT
66
1
10
0
20
0
30
0
39
20
70
1
0
VERTEX
8
BUILDINGS_CONTEXT
10
390.208
20
1189.856
30
0
0
VERTEX
8
BUILDINGS_CONTEXT
10
389.081
20
1200.775
30
0
0
VERTEX
8
BUILDINGS_CONTEXT
10
366.851
20
1198.481
30
0
0
VERTEX
8
BUILDINGS_CONTEXT
10
367.977
20
1187.562
30
0
0
SEQEND
8
BUILDINGS_CONTEXT
0
POLYLINE
8
BUILDINGS_CONTEXT
66
1
10
0
20
0
30
0
39
21.362
70
1
0
VERTEX
8
BUILDINGS_CONTEXT
10
402.53
20
1202.163
30
0
0
VERTEX
8
BUILDINGS_CONTEXT
10
400.068
20
1226.023
30
0
0
VERTEX
8
BUILDINGS_CONTEXT
10
385.498
20
1224.52
30
0
0
VERTEX
8
BUILDINGS_CONTEXT
10
387.961
20
1200.659
30
0
0
SEQEND
8
BUILDINGS_CONTEXT
0
POLYLINE
8
BUILDINGS_CONTEXT
66
1
10
0
20
0
30
0
39
20
70
1
0
VERTEX
8
BUILDINGS_CONTEXT
10
386.727
20
1212.615
30
0
0
VERTEX
8
BUILDINGS_CONTEXT
10
385.498
20
1224.52
30
0
0
VERTEX
8
BUILDINGS_CONTEXT
10
355.86
20
1221.461
30
0
0
VERTEX
8
BUILDINGS_CONTEXT
10
357.089
20
1209.556
30
0
0
SEQEND
8
BUILDINGS_CONTEXT
0
POLYLINE
8
BUILDINGS_CONTEXT
66
1
10
0
20
0
30
0
39
20.419
70
1
0
VERTEX
8
BUILDINGS_CONTEXT
10
400.068
20
1226.023
30
0
0
VERTEX
8
BUILDINGS_CONTEXT
10
398.37
20
1242.469
30
0
0
VERTEX
8
BUILDINGS_CONTEXT
10
382.858
20
1240.868
30
0
0
VERTEX
8
BUILDINGS_CONTEXT
10
384.556
20
1224.422
30
0
0
SEQEND
8
BUILDINGS_CONTEXT
0
POLYLINE
8
BUILDINGS_CONTEXT
66
1
10
0
20
0
30
0
39
24.576
70
1
0
VERTEX
8
BUILDINGS_CONTEXT
10
398.37
20
1242.469
30
0
0
VERTEX
8
BUILDINGS_CONTEXT
10
397.304
20
1252.797
30
0
0
VERTEX
8
BUILDINGS_CONTEXT
10
381.938
20
1251.211
30
0
0
VERTEX
8
BUILDINGS_CONTEXT
10
383.004
20
1240.883
30
0
0
SEQEND
8
BUILDINGS_CONTEXT
0
POLYLINE
8
BUILDINGS_CONTEXT
66
1
10
0
20
0
30
0
39
17.096
70
1
0
VERTEX
8
BUILDINGS_CONTEXT
10
554.332
20
492.144
30
0
0
VERTEX
8
BUILDINGS_CONTEXT
10
563.709
20
459.323
30
0
0
VERTEX
8
BUILDINGS_CONTEXT
10
579.868
20
463.94
30
0
0
VERTEX
8
BUILDINGS_CONTEXT
10
570.491
20
496.76
30
0
0
SEQEND
8
BUILDINGS_CONTEXT
0
POLYLINE
8
BUILDINGS_CONTEXT
66
1
10
0
20
0
30
0
39
24.06
70
1
0
VERTEX
8
BUILDINGS_CONTEXT
10
549.058
20
510.602
30
0
0
VERTEX
8
BUILDINGS_CONTEXT
10
554.332
20
492.144
30
0
0
VERTEX
8
BUILDINGS_CONTEXT
10
569.152
20
496.378
30
0
0
VERTEX
8
BUILDINGS_CONTEXT
10
563.878
20
514.836
30
0
0
SEQEND
8
BUILDINGS_CONTEXT
0
POLYLINE
8
BUILDINGS_CONTEXT
66
1
10
0
20
0
30
0
39
17.384
70
1
0
VERTEX
8
BUILDINGS_CONTEXT
10
539.259
20
544.897
30
0
0
VERTEX
8
BUILDINGS_CONTEXT
10
549.058
20
510.602
30
0
0
VERTEX
8
BUILDINGS_CONTEXT
10
561.636
20
514.196
30
0
0
VERTEX
8
BUILDINGS_CONTEXT
10
551.837
20
548.491
30
0
0
SEQEND
8
BUILDINGS_CONTEXT
0
POLYLINE
8
BUILDINGS_CONTEXT
66
1
10
0
20
0
30
0
39
16.6
70
1
0
VERTEX
8
BUILDINGS_CONTEXT
10
551.837
20
548.491
30
0
0
VERTEX
8
BUILDINGS_CONTEXT
10
555.14
20
536.93
30
0
0
VERTEX
8
BUILDINGS_CONTEXT
10
572.969
20
542.024
30
0
0
VERTEX
8
BUILDINGS_CONTEXT
10
569.666
20
553.585
30
0
0
SEQEND
8
BUILDINGS_CONTEXT
0
POLYLINE
8
BUILDINGS_CONTEXT
66
1
10
0
20
0
30
0
39
17.548
70
1
0
VERTEX
8
BUILDINGS_CONTEXT
10
530.886
20
574.202
30
0
0
VERTEX
8
BUILDINGS_CONTEXT
10
539.259
20
544.897
30
0
0
VERTEX
8
BUILDINGS_CONTEXT
10
552.777
20
548.759
30
0
0
VERTEX
8
BUILDINGS_CONTEXT
10
544.404
20
578.064
30
0
0
SEQEND
8
BUILDINGS_CONTEXT
0
POLYLINE
8
BUILDINGS_CONTEXT
66
1
10
0
20
0
30
0
39
16.6
70
1
0
VERTEX
8
BUILDINGS_CONTEXT
10
549.221
20
561.205
30
0
0
VERTEX
8
BUILDINGS_CONTEXT
10
552.777
20
548.759
30
0
0
VERTEX
8
BUILDINGS_CONTEXT
10
584.258
20
557.754
30
0
0
VERTEX
8
BUILDINGS_CONTEXT
10
580.702
20
570.199
30
0
0
SEQEND
8
BUILDINGS_CONTEXT
0
POLYLINE
8
BUILDINGS_CONTEXT
66
1
10
0
20
0
30
0
39
17.005
70
1
0
VERTEX
8
BUILDINGS_CONTEXT
10
522.336
20
604.129
30
0
0
VERTEX
8
BUILDINGS_CONTEXT
10
530.886
20
574.202
30
0
0
VERTEX
8
BUILDINGS_CONTEXT
10
544.926
20
578.213
30
0
0
VERTEX
8
BUILDINGS_CONTEXT
10
536.375
20
608.14
30
0
0
SEQEND
8
BUILDINGS_CONTEXT
0
POLYLINE
8
BUILDINGS_CONTEXT
66
1
10
0
20
0
30
0
39
13.2
70
1
0
VERTEX
8
BUILDINGS_CONTEXT
10
542.174
20
587.843
30
0
0
VERTEX
8
BUILDINGS_CONTEXT
10
544.926
20
578.213
30
0
0
VERTEX
8
BUILDINGS_CONTEXT
10
569.662
20
585.281
30
0
0
VERTEX
8
BUILDINGS_CONTEXT
10
566.911
20
594.911
30
0
0
SEQEND
8
BUILDINGS_CONTEXT
0
POLYLINE
8
BUILDINGS_CONTEXT
66
1
10
0
20
0
30
0
39
20.947
70
1
0
VERTEX
8
BUILDINGS_CONTEXT
10
517.339
20
621.618
30
0
0
VERTEX
8
BUILDINGS_CONTEXT
10
522.336
20
604.129
30
0
0
VERTEX
8
BUILDINGS_CONTEXT
10
536.968
20
608.31
30
0
0
VERTEX
8
BUILDINGS_CONTEXT
10
531.971
20
625.799
30
0
0
SEQEND
8
BUILDINGS_CONTEXT
0
POLYLINE
8
BUILDINGS_CONTEXT
66
1
10
0
20
0
30
0
39
20
70
1
0
VERTEX
8
BUILDINGS_CONTEXT
10
531.971
20
625.799
30
0
0
VERTEX
8
BUILDINGS_CONTEXT
10
534.821
20
615.827
30
0
0
VERTEX
8
BUILDINGS_CONTEXT
10
563.312
20
623.967
30
0
0
VERTEX
8
BUILDINGS_CONTEXT
10
560.462
20
633.939
30
0
0
SEQEND
8
BUILDINGS_CONTEXT
0
POLYLINE
8
BUILDINGS_CONTEXT
66
1
10
0
20
0
30
0
39
24.306
70
1
0
VERTEX
8
BUILDINGS_CONTEXT
10
505.116
20
664.399
30
0
0
VERTEX
8
BUILDINGS_CONTEXT
10
513.218
20
636.041
30
0
0
VERTEX
8
BUILDINGS_CONTEXT
10
526.567
20
639.855
30
0
0
VERTEX
8
BUILDINGS_CONTEXT
10
518.465
20
668.213
30
0
0
SEQEND
8
BUILDINGS_CONTEXT
0
POLYLINE
8
BUILDINGS_CONTEXT
66
1
10
0
20
0
30
0
39
23.4
70
1
0
VERTEX
8
BUILDINGS_CONTEXT
10
523.684
20
649.947
30
0
0
VERTEX
8
BUILDINGS_CONTEXT
10
526.567
20
639.855
30
0
0
VERTEX
8
BUILDINGS_CONTEXT
10
549.403
20
646.379
30
0
0
VERTEX
8
BUILDINGS_CONTEXT
10
546.519
20
656.471
30
0
0
SEQEND
8
BUILDINGS_CONTEXT
0
POLYLINE
8
BUILDINGS_CONTEXT
66
1
10
0
20
0
30
0
39
24.471
70
1
0
VERTEX
8
BUILDINGS_CONTEXT
10
497.962
20
689.437
30
0
0
VERTEX
8
BUILDINGS_CONTEXT
10
505.116
20
664.399
30
0
0
VERTEX
8
BUILDINGS_CONTEXT
10
520.328
20
668.745
30
0
0
VERTEX
8
BUILDINGS_CONTEXT
10
513.174
20
693.783
30
0
0
SEQEND
8
BUILDINGS_CONTEXT
0
POLYLINE
8
BUILDINGS_CONTEXT
66
1
10
0
20
0
30
0
39
23.4
70
1
0
VERTEX
8
BUILDINGS_CONTEXT
10
513.174
20
693.783
30
0
0
VERTEX
8
BUILDINGS_CONTEXT
10
516.188
20
683.236
30
0
0
VERTEX
8
BUILDINGS_CONTEXT
10
537.594
20
689.352
30
0
0
VERTEX
8
BUILDINGS_CONTEXT
10
534.581
20
699.899
30
0
0
SEQEND
8
BUILDINGS_CONTEXT
0
POLYLINE
8
BUILDINGS_CONTEXT
66
1
10
0
20
0
30
0
39
17.801
70
1
0
VERTEX
8
BUILDINGS_CONTEXT
10
488.012
20
724.262
30
0
0
VERTEX
8
BUILDINGS_CONTEXT
10
497.962
20
689.437
30
0
0
VERTEX
8
BUILDINGS_CONTEXT
10
511.97
20
693.439
30
0
0
VERTEX
8
BUILDINGS_CONTEXT
10
502.02
20
728.265
30
0
0
SEQEND
8
BUILDINGS_CONTEXT
0
POLYLINE
8
BUILDINGS_CONTEXT
66
1
10
0
20
0
30
0
39
13.2
70
1
0
VERTEX
8
BUILDINGS_CONTEXT
10
502.02
20
728.265
30
0
0
VERTEX
8
BUILDINGS_CONTEXT
10
505.023
20
717.754
30
0
0
VERTEX
8
BUILDINGS_CONTEXT
10
528.34
20
724.416
30
0
0
VERTEX
8
BUILDINGS_CONTEXT
10
525.337
20
734.927
30
0
0
SEQEND
8
BUILDINGS_CONTEXT
0
POLYLINE
8
BUILDINGS_CONTEXT
66
1
10
0
20
0
30
0
39
17.993
70
1
0
VERTEX
8
BUILDINGS_CONTEXT
10
480.104
20
751.94
30
0
0
VERTEX
8
BUILDINGS_CONTEXT
10
488.012
20
724.262
30
0
0
VERTEX
8
BUILDINGS_CONTEXT
10
500.756
20
727.904
30
0
0
VERTEX
8
BUILDINGS_CONTEXT
10
492.849
20
755.581
30
0
0
SEQEND
8
BUILDINGS_CONTEXT
0
POLYLINE
8
BUILDINGS_CONTEXT
66
1
10
0
20
0
30
0
39
24.998
70
1
0
VERTEX
8
BUILDINGS_CONTEXT
10
473.557
20
774.856
30
0
0
VERTEX
8
BUILDINGS_CONTEXT
10
480.104
20
751.94
30
0
0
VERTEX
8
BUILDINGS_CONTEXT
10
493.49
20
755.764
30
0
0
VERTEX
8
BUILDINGS_CONTEXT
10
486.943
20
778.681
30
0
0
SEQEND
8
BUILDINGS_CONTEXT
0
POLYLINE
8
BUILDINGS_CONTEXT
66
1
10
0
20
0
30
0
39
20
70
1
0
VERTEX
8
BUILDINGS_CONTEXT
10
486.943
20
778.681
30
0
0
VERTEX
8
BUILDINGS_CONTEXT
10
490.498
20
766.238
30
0
0
VERTEX
8
BUILDINGS_CONTEXT
10
519.29
20
774.465
30
0
0
VERTEX
8
BUILDINGS_CONTEXT
10
515.735
20
786.907
30
0
0
SEQEND
8
BUILDINGS_CONTEXT
0
POLYLINE
8
BUILDINGS_CONTEXT
66
1
10
0
20
0
30
0
39
24.551
70
1
0
VERTEX
8
BUILDINGS_CONTEXT
10
453.378
20
877.037
30
0
0
VERTEX
8
BUILDINGS_CONTEXT
10
455.68
20
854.735
30
0
0
VERTEX
8
BUILDINGS_CONTEXT
10
470.043
20
856.217
30
0
0
VERTEX
8
BUILDINGS_CONTEXT
10
467.742
20
878.519
30
0
0
SEQEND
8
BUILDINGS_CONTEXT
0
POLYLINE
8
BUILDINGS_CONTEXT
66
1
10
0
20
0
30
0
39
24.228
70
1
0
VERTEX
8
BUILDINGS_CONTEXT
10
451.401
20
896.194
30
0
0
VERTEX
8
BUILDINGS_CONTEXT
10
453.378
20
877.037
30
0
0
VERTEX
8
BUILDINGS_CONTEXT
10
469.212
20
878.671
30
0
0
VERTEX
8
BUILDINGS_CONTEXT
10
467.234
20
897.829
30
0
0
SEQEND
8
BUILDINGS_CONTEXT
0
POLYLINE
8
BUILDINGS_CONTEXT
66
1
10
0
20
0
30
0
39
23.4
70
1
0
VERTEX
8
BUILDINGS_CONTEXT
10
467.234
20
897.829
30
0
0
VERTEX
8
BUILDINGS_CONTEXT
10
468.467
20
885.881
30
0
0
VERTEX
8
BUILDINGS_CONTEXT
10
497.582
20
888.886
30
0
0
VERTEX
8
BUILDINGS_CONTEXT
10
496.348
20
900.833
30
0
0
SEQEND
8
BUILDINGS_CONTEXT
0
POLYLINE
8
BUILDINGS_CONTEXT
66
1
10
0
20
0
30
0
39
24.581
70
1
0
VERTEX
8
BUILDINGS_CONTEXT
10
448.786
20
921.533
30
0
0
VERTEX
8
BUILDINGS_CONTEXT
10
451.401
20
896.194
30
0
0
VERTEX
8
BUILDINGS_CONTEXT
10
467.441
20
897.85
30
0
0
VERTEX
8
BUILDINGS_CONTEXT
10
464.826
20
923.189
30
0
0
SEQEND
8
BUILDINGS_CONTEXT
0
POLYLINE
8
BUILDINGS_CONTEXT
66
1
10
0
20
0
30
0
39
20
70
1
0
VERTEX
8
BUILDINGS_CONTEXT
10
464.826
20
923.189
30
0
0
VERTEX
8
BUILDINGS_CONTEXT
10
465.974
20
912.067
30
0
0
VERTEX
8
BUILDINGS_CONTEXT
10
492.43
20
914.797
30
0
0
VERTEX
8
BUILDINGS_CONTEXT
10
491.282
20
925.919
30
0
0
SEQEND
8
BUILDINGS_CONTEXT
0
POLYLINE
8
BUILDINGS_CONTEXT
66
1
10
0
20
0
30
0
39
17.908
70
1
0
VERTEX
8
BUILDINGS_CONTEXT
10
446.35
20
945.13
30
0
0
VERTEX
8
BUILDINGS_CONTEXT
10
448.786
20
921.533
30
0
0
VERTEX
8
BUILDINGS_CONTEXT
10
462.255
20
922.924
30
0
0
VERTEX
8
BUILDINGS_CONTEXT
10
459.819
20
946.52
30
0
0
SEQEND
8
BUILDINGS_CONTEXT
0
POLYLINE
8
BUILDINGS_CONTEXT
66
1
10
0
20
0
30
0
39
13.2
70
1
0
VERTEX
8
BUILDINGS_CONTEXT
10
459.819
20
946.52
30
0
0
VERTEX
8
BUILDINGS_CONTEXT
10
461.015
20
934.936
30
0
0
VERTEX
8
BUILDINGS_CONTEXT
10
480.871
20
936.985
30
0
0
VERTEX
8
BUILDINGS_CONTEXT
10
479.676
20
948.569
30
0
0
SEQEND
8
BUILDINGS_CONTEXT
0
POLYLINE
8
BUILDINGS_CONTEXT
66
1
10
0
20
0
30
0
39
17.541
70
1
0
VERTEX
8
BUILDINGS_CONTEXT
10
443.287
20
974.813
30
0
0
VERTEX
8
BUILDINGS_CONTEXT
10
446.35
20
945.13
30
0
0
VERTEX
8
BUILDINGS_CONTEXT
10
460.042
20
946.543
30
0
0
VERTEX
8
BUILDINGS_CONTEXT
10
456.979
20
976.226
30
0
0
SEQEND
8
BUILDINGS_CONTEXT
0
POLYLINE
8
BUILDINGS_CONTEXT
66
1
10
0
20
0
30
0
39
13.2
70
1
0
VERTEX
8
BUILDINGS_CONTEXT
10
458.836
20
958.228
30
0
0
VERTEX
8
BUILDINGS_CONTEXT
10
460.042
20
946.543
30
0
0
VERTEX
8
BUILDINGS_CONTEXT
10
484.282
20
949.045
30
0
0
VERTEX
8
BUILDINGS_CONTEXT
10
483.076
20
960.73
30
0
0
SEQEND
8
BUILDINGS_CONTEXT
0
POLYLINE
8
BUILDINGS_CONTEXT
66
1
10
0
20
0
30
0
39
24.149
70
1
0
VERTEX
8
BUILDINGS_CONTEXT
10
441.386
20
993.223
30
0
0
VERTEX
8
BUILDINGS_CONTEXT
10
443.287
20
974.813
30
0
0
VERTEX
8
BUILDINGS_CONTEXT
10
458.562
20
976.389
30
0
0
VERTEX
8
BUILDINGS_CONTEXT
10
456.662
20
994.799
30
0
0
SEQEND
8
BUILDINGS_CONTEXT
0
POLYLINE
8
BUILDINGS_CONTEXT
66
1
10
0
20
0
30
0
39
20
70
1
0
VERTEX
8
BUILDINGS_CONTEXT
10
457.246
20
989.14
30
0
0
VERTEX
8
BUILDINGS_CONTEXT
10
458.562
20
976.389
30
0
0
VERTEX
8
BUILDINGS_CONTEXT
10
484.264
20
979.042
30
0
0
VERTEX
8
BUILDINGS_CONTEXT
10
482.948
20
991.792
30
0
0
SEQEND
8
BUILDINGS_CONTEXT
0
POLYLINE
8
BUILDINGS_CONTEXT
66
1
10
0
20
0
30
0
39
17.895
70
1
0
VERTEX
8
BUILDINGS_CONTEXT
10
439.676
20
1009.791
30
0
0
VERTEX
8
BUILDINGS_CONTEXT
10
441.386
20
993.223
30
0
0
VERTEX
8
BUILDINGS_CONTEXT
10
454.598
20
994.586
30
0
0
VERTEX
8
BUILDINGS_CONTEXT
10
452.888
20
1011.155
30
0
0
SEQEND
8
BUILDINGS_CONTEXT
0
POLYLINE
8
BUILDINGS_CONTEXT
66
1
10
0
20
0
30
0
39
13.2
70
1
0
VERTEX
8
BUILDINGS_CONTEXT
10
452.888
20
1011.155
30
0
0
VERTEX
8
BUILDINGS_CONTEXT
10
453.975
20
1000.623
30
0
0
VERTEX
8
BUILDINGS_CONTEXT
10
476.108
20
1002.907
30
0
0
VERTEX
8
BUILDINGS_CONTEXT
10
475.021
20
1013.439
30
0
0
SEQEND
8
BUILDINGS_CONTEXT
0
POLYLINE
8
BUILDINGS_CONTEXT
66
1
10
0
20
0
30
0
39
20.569
70
1
0
VERTEX
8
BUILDINGS_CONTEXT
10
434.241
20
1062.456
30
0
0
VERTEX
8
BUILDINGS_CONTEXT
10
436.596
20
1039.633
30
0
0
VERTEX
8
BUILDINGS_CONTEXT
10
451.09
20
1041.128
30
0
0
VERTEX
8
BUILDINGS_CONTEXT
10
448.734
20
1063.951
30
0
0
SEQEND
8
BUILDINGS_CONTEXT
0
POLYLINE
8
BUILDINGS_CONTEXT
66
1
10
0
20
0
30
0
39
20
70
1
0
VERTEX
8
BUILDINGS_CONTEXT
10
448.734
20
1063.951
30
0
0
VERTEX
8
BUILDINGS_CONTEXT
10
450.026
20
1051.43
30
0
0
VERTEX
8
BUILDINGS_CONTEXT
10
476.417
20
1054.154
30
0
0
VERTEX
8
BUILDINGS_CONTEXT
10
475.125
20
1066.675
30
0
0
SEQEND
8
BUILDINGS_CONTEXT
0
POLYLINE
8
BUILDINGS_CONTEXT
66
1
10
0
20
0
30
0
39
18.167
70
1
0
VERTEX
8
BUILDINGS_CONTEXT
10
430.751
20
1096.269
30
0
0
VERTEX
8
BUILDINGS_CONTEXT
10
434.241
20
1062.456
30
0
0
VERTEX
8
BUILDINGS_CONTEXT
10
449.332
20
1064.013
30
0
0
VERTEX
8
BUILDINGS_CONTEXT
10
445.842
20
1097.826
30
0
0
SEQEND
8
BUILDINGS_CONTEXT
0
POLYLINE
8
BUILDINGS_CONTEXT
66
1
10
0
20
0
30
0
39
23.984
70
1
0
VERTEX
8
BUILDINGS_CONTEXT
10
428.57
20
1117.402
30
0
0
VERTEX
8
BUILDINGS_CONTEXT
10
430.751
20
1096.269
30
0
0
VERTEX
8
BUILDINGS_CONTEXT
10
446.835
20
1097.929
30
0
0
VERTEX
8
BUILDINGS_CONTEXT
10
444.654
20
1119.062
30
0
0
SEQEND
8
BUILDINGS_CONTEXT
0
POLYLINE
8
BUILDINGS_CONTEXT
66
1
10
0
20
0
30
0
39
20
70
1
0
VERTEX
8
BUILDINGS_CONTEXT
10
444.654
20
1119.062
30
0
0
VERTEX
8
BUILDINGS_CONTEXT
10
445.696
20
1108.957
30
0
0
VERTEX
8
BUILDINGS_CONTEXT
10
477.672
20
1112.258
30
0
0
VERTEX
8
BUILDINGS_CONTEXT
10
476.629
20
1122.363
30
0
0
SEQEND
8
BUILDINGS_CONTEXT
0
POLYLINE
8
BUILDINGS_CONTEXT
66
1
10
0
20
0
30
0
39
17.793
70
1
0
VERTEX
8
BUILDINGS_CONTEXT
10
425.867
20
1143.593
30
0
0
VERTEX
8
BUILDINGS_CONTEXT
10
428.57
20
1117.402
30
0
0
VERTEX
8
BUILDINGS_CONTEXT
10
442.769
20
1118.868
30
0
0
VERTEX
8
BUILDINGS_CONTEXT
10
440.066
20
1145.059
30
0
0
SEQEND
8
BUILDINGS_CONTEXT
0
POLYLINE
8
BUILDINGS_CONTEXT
66
1
10
0
20
0
30
0
39
13.2
70
1
0
VERTEX
8
BUILDINGS_CONTEXT
10
440.066
20
1145.059
30
0
0
VERTEX
8
BUILDINGS_CONTEXT
10
441.144
20
1134.618
30
0
0
VERTEX
8
BUILDINGS_CONTEXT
10
462.179
20
1136.789
30
0
0
VERTEX
8
BUILDINGS_CONTEXT
10
461.102
20
1147.23
30
0
0
SEQEND
8
BUILDINGS_CONTEXT
0
POLYLINE
8
BUILDINGS_CONTEXT
66
1
10
0
20
0
30
0
39
24.379
70
1
0
VERTEX
8
BUILDINGS_CONTEXT
10
423.186
20
1169.569
30
0
0
VERTEX
8
BUILDINGS_CONTEXT
10
425.867
20
1143.593
30
0
0
VERTEX
8
BUILDINGS_CONTEXT
10
441.683
20
1145.225
30
0
0
VERTEX
8
BUILDINGS_CONTEXT
10
439.002
20
1171.202
30
0
0
SEQEND
8
BUILDINGS_CONTEXT
0
POLYLINE
8
BUILDINGS_CONTEXT
66
1
10
0
20
0
30
0
39
23.4
70
1
0
VERTEX
8
BUILDINGS_CONTEXT
10
440.573
20
1155.976
30
0
0
VERTEX
8
BUILDINGS_CONTEXT
10
441.683
20
1145.225
30
0
0
VERTEX
8
BUILDINGS_CONTEXT
10
465.647
20
1147.699
30
0
0
VERTEX
8
BUILDINGS_CONTEXT
10
464.537
20
1158.449
30
0
0
SEQEND
8
BUILDINGS_CONTEXT
0
POLYLINE
8
BUILDINGS_CONTEXT
66
1
10
0
20
0
30
0
39
17.471
70
1
0
VERTEX
8
BUILDINGS_CONTEXT
10
420.646
20
1194.17
30
0
0
VERTEX
8
BUILDINGS_CONTEXT
10
423.186
20
1169.569
30
0
0
VERTEX
8
BUILDINGS_CONTEXT
10
438.163
20
1171.115
30
0
0
VERTEX
8
BUILDINGS_CONTEXT
10
435.624
20
1195.716
30
0
0
SEQEND
8
BUILDINGS_CONTEXT
0
POLYLINE
8
BUILDINGS_CONTEXT
66
1
10
0
20
0
30
0
39
24.696
70
1
0
VERTEX
8
BUILDINGS_CONTEXT
10
417.89
20
1220.879
30
0
0
VERTEX
8
BUILDINGS_CONTEXT
10
420.646
20
1194.17
30
0
0
VERTEX
8
BUILDINGS_CONTEXT
10
436.483
20
1195.805
30
0
0
VERTEX
8
BUILDINGS_CONTEXT
10
433.727
20
1222.513
30
0
0
SEQEND
8
BUILDINGS_CONTEXT
0
POLYLINE
8
BUILDINGS_CONTEXT
66
1
10
0
20
0
30
0
39
23.889
70
1
0
VERTEX
8
BUILDINGS_CONTEXT
10
414.976
20
1249.108
30
0
0
VERTEX
8
BUILDINGS_CONTEXT
10
417.89
20
1220.879
30
0
0
VERTEX
8
BUILDINGS_CONTEXT
10
432.37
20
1222.373
30
0
0
VERTEX
8
BUILDINGS_CONTEXT
10
429.456
20
1250.603
30
0
0
SEQEND
8
BUILDINGS_CONTEXT
0
POLYLINE
8
BUILDINGS_CONTEXT
66
1
10
0
20
0
30
0
39
24.503
70
1
0
VERTEX
8
BUILDINGS_CONTEXT
10
-68.24
20
382.89
30
0
0
VERTEX
8
BUILDINGS_CONTEXT
10
-100.657
20
373.57
30
0
0
VERTEX
8
BUILDINGS_CONTEXT
10
-96.32
20
358.486
30
0
0
VERTEX
8
BUILDINGS_CONTEXT
10
-63.903
20
367.806
30
0
0
SEQEND
8
BUILDINGS_CONTEXT
0
POLYLINE
8
BUILDINGS_CONTEXT
66
1
10
0
20
0
30
0
39
23.891
70
1
0
VERTEX
8
BUILDINGS_CONTEXT
10
-52.699
20
387.358
30
0
0
VERTEX
8
BUILDINGS_CONTEXT
10
-68.24
20
382.89
30
0
0
VERTEX
8
BUILDINGS_CONTEXT
10
-64.222
20
368.914
30
0
0
VERTEX
8
BUILDINGS_CONTEXT
10
-48.681
20
373.382
30
0
0
SEQEND
8
BUILDINGS_CONTEXT
0
POLYLINE
8
BUILDINGS_CONTEXT
66
1
10
0
20
0
30
0
39
20
70
1
0
VERTEX
8
BUILDINGS_CONTEXT
10
-53.972
20
371.86
30
0
0
VERTEX
8
BUILDINGS_CONTEXT
10
-64.222
20
368.914
30
0
0
VERTEX
8
BUILDINGS_CONTEXT
10
-55.895
20
339.951
30
0
0
VERTEX
8
BUILDINGS_CONTEXT
10
-45.645
20
342.898
30
0
0
SEQEND
8
BUILDINGS_CONTEXT
0
POLYLINE
8
BUILDINGS_CONTEXT
66
1
10
0
20
0
30
0
39
21
70
1
0
VERTEX
8
BUILDINGS_CONTEXT
10
-23.763
20
406.115
30
0
0
VERTEX
8
BUILDINGS_CONTEXT
10
-37.366
20
393.959
30
0
0
VERTEX
8
BUILDINGS_CONTEXT
10
-27.773
20
383.224
30
0
0
VERTEX
8
BUILDINGS_CONTEXT
10
-14.17
20
395.38
30
0
0
SEQEND
8
BUILDINGS_CONTEXT
0
POLYLINE
8
BUILDINGS_CONTEXT
66
1
10
0
20
0
30
0
39
20
70
1
0
VERTEX
8
BUILDINGS_CONTEXT
10
-18.117
20
391.852
30
0
0
VERTEX
8
BUILDINGS_CONTEXT
10
-27.773
20
383.224
30
0
0
VERTEX
8
BUILDINGS_CONTEXT
10
-15.34
20
369.311
30
0
0
VERTEX
8
BUILDINGS_CONTEXT
10
-5.684
20
377.939
30
0
0
SEQEND
8
BUILDINGS_CONTEXT
0
POLYLINE
8
BUILDINGS_CONTEXT
66
1
10
0
20
0
30
0
39
21.449
70
1
0
VERTEX
8
BUILDINGS_CONTEXT
10
-7.361
20
420.772
30
0
0
VERTEX
8
BUILDINGS_CONTEXT
10
-23.763
20
406.115
30
0
0
VERTEX
8
BUILDINGS_CONTEXT
10
-14.474
20
395.72
30
0
0
VERTEX
8
BUILDINGS_CONTEXT
10
1.928
20
410.377
30
0
0
SEQEND
8
BUILDINGS_CONTEXT
0
POLYLINE
8
BUILDINGS_CONTEXT
66
1
10
0
20
0
30
0
39
24.775
70
1
0
VERTEX
8
BUILDINGS_CONTEXT
10
5.906
20
432.628
30
0
0
VERTEX
8
BUILDINGS_CONTEXT
10
-7.361
20
420.772
30
0
0
VERTEX
8
BUILDINGS_CONTEXT
10
3.886
20
408.185
30
0
0
VERTEX
8
BUILDINGS_CONTEXT
10
17.153
20
420.041
30
0
0
SEQEND
8
BUILDINGS_CONTEXT
0
POLYLINE
8
BUILDINGS_CONTEXT
66
1
10
0
20
0
30
0
39
23.4
70
1
0
VERTEX
8
BUILDINGS_CONTEXT
10
13.537
20
416.81
30
0
0
VERTEX
8
BUILDINGS_CONTEXT
10
3.886
20
408.185
30
0
0
VERTEX
8
BUILDINGS_CONTEXT
10
24.085
20
385.581
30
0
0
VERTEX
8
BUILDINGS_CONTEXT
10
33.736
20
394.206
30
0
0
SEQEND
8
BUILDINGS_CONTEXT
0
POLYLINE
8
BUILDINGS_CONTEXT
66
1
10
0
20
0
30
0
39
20.645
70
1
0
VERTEX
8
BUILDINGS_CONTEXT
10
14.044
20
473.335
30
0
0
VERTEX
8
BUILDINGS_CONTEXT
10
10.393
20
442.041
30
0
0
VERTEX
8
BUILDINGS_CONTEXT
10
26.613
20
440.149
30
0
0
VERTEX
8
BUILDINGS_CONTEXT
10
30.264
20
471.443
30
0
0
SEQEND
8
BUILDINGS_CONTEXT
0
POLYLINE
8
BUILDINGS_CONTEXT
66
1
10
0
20
0
30
0
39
16.6
70
1
0
VERTEX
8
BUILDINGS_CONTEXT
10
30.264
20
471.443
30
0
0
VERTEX
8
BUILDINGS_CONTEXT
10
28.883
20
459.606
30
0
0
VERTEX
8
BUILDINGS_CONTEXT
10
52.728
20
456.824
30
0
0
VERTEX
8
BUILDINGS_CONTEXT
10
54.109
20
468.661
30
0
0
SEQEND
8
BUILDINGS_CONTEXT
0
POLYLINE
8
BUILDINGS_CONTEXT
66
1
10
0
20
0
30
0
39
21.015
70
1
0
VERTEX
8
BUILDINGS_CONTEXT
10
17.1
20
538.734
30
0
0
VERTEX
8
BUILDINGS_CONTEXT
10
17.1
20
503
30
0
0
VERTEX
8
BUILDINGS_CONTEXT
10
32.244
20
503
30
0
0
VERTEX
8
BUILDINGS_CONTEXT
10
32.244
20
538.734
30
0
0
SEQEND
8
BUILDINGS_CONTEXT
0
POLYLINE
8
BUILDINGS_CONTEXT
66
1
10
0
20
0
30
0
39
17.566
70
1
0
VERTEX
8
BUILDINGS_CONTEXT
10
17.1
20
561.434
30
0
0
VERTEX
8
BUILDINGS_CONTEXT
10
17.1
20
538.734
30
0
0
VERTEX
8
BUILDINGS_CONTEXT
10
31.408
20
538.734
30
0
0
VERTEX
8
BUILDINGS_CONTEXT
10
31.408
20
561.434
30
0
0
SEQEND
8
BUILDINGS_CONTEXT
0
POLYLINE
8
BUILDINGS_CONTEXT
66
1
10
0
20
0
30
0
39
16.6
70
1
0
VERTEX
8
BUILDINGS_CONTEXT
10
31.408
20
561.434
30
0
0
VERTEX
8
BUILDINGS_CONTEXT
10
31.408
20
549.694
30
0
0
VERTEX
8
BUILDINGS_CONTEXT
10
60.479
20
549.694
30
0
0
VERTEX
8
BUILDINGS_CONTEXT
10
60.479
20
561.434
30
0
0
SEQEND
8
BUILDINGS_CONTEXT
0
POLYLINE
8
BUILDINGS_CONTEXT
66
1
10
0
20
0
30
0
39
17.668
70
1
0
VERTEX
8
BUILDINGS_CONTEXT
10
17.1
20
594.099
30
0
0
VERTEX
8
BUILDINGS_CONTEXT
10
17.1
20
561.434
30
0
0
VERTEX
8
BUILDINGS_CONTEXT
10
30.699
20
561.434
30
0
0
VERTEX
8
BUILDINGS_CONTEXT
10
30.699
20
594.099
30
0
0
SEQEND
8
BUILDINGS_CONTEXT
0
POLYLINE
8
BUILDINGS_CONTEXT
66
1
10
0
20
0
30
0
39
13.2
70
1
0
VERTEX
8
BUILDINGS_CONTEXT
10
30.699
20
594.099
30
0
0
VERTEX
8
BUILDINGS_CONTEXT
10
30.699
20
583.431
30
0
0
VERTEX
8
BUILDINGS_CONTEXT
10
49.62
20
583.431
30
0
0
VERTEX
8
BUILDINGS_CONTEXT
10
49.62
20
594.099
30
0
0
SEQEND
8
BUILDINGS_CONTEXT
0
POLYLINE
8
BUILDINGS_CONTEXT
66
1
10
0
20
0
30
0
39
18.02
70
1
0
VERTEX
8
BUILDINGS_CONTEXT
10
17.1
20
620.454
30
0
0
VERTEX
8
BUILDINGS_CONTEXT
10
17.1
20
594.099
30
0
0
VERTEX
8
BUILDINGS_CONTEXT
10
30.291
20
594.099
30
0
0
VERTEX
8
BUILDINGS_CONTEXT
10
30.291
20
620.454
30
0
0
SEQEND
8
BUILDINGS_CONTEXT
0
POLYLINE
8
BUILDINGS_CONTEXT
66
1
10
0
20
0
30
0
39
16.6
70
1
0
VERTEX
8
BUILDINGS_CONTEXT
10
30.291
20
620.454
30
0
0
VERTEX
8
BUILDINGS_CONTEXT
10
30.291
20
609.847
30
0
0
VERTEX
8
BUILDINGS_CONTEXT
10
62.496
20
609.847
30
0
0
VERTEX
8
BUILDINGS_CONTEXT
10
62.496
20
620.454
30
0
0
SEQEND
8
BUILDINGS_CONTEXT
0
POLYLINE
8
BUILDINGS_CONTEXT
66
1
10
0
20
0
30
0
39
23.838
70
1
0
VERTEX
8
BUILDINGS_CONTEXT
10
17.1
20
654.477
30
0
0
VERTEX
8
BUILDINGS_CONTEXT
10
17.1
20
620.454
30
0
0
VERTEX
8
BUILDINGS_CONTEXT
10
30.988
20
620.454
30
0
0
VERTEX
8
BUILDINGS_CONTEXT
10
30.988
20
654.477
30
0
0
SEQEND
8
BUILDINGS_CONTEXT
0
POLYLINE
8
BUILDINGS_CONTEXT
66
1
10
0
20
0
30
0
39
23.4
70
1
0
VERTEX
8
BUILDINGS_CONTEXT
10
30.988
20
630.658
30
0
0
VERTEX
8
BUILDINGS_CONTEXT
10
30.988
20
620.454
30
0
0
VERTEX
8
BUILDINGS_CONTEXT
10
47.736
20
620.454
30
0
0
VERTEX
8
BUILDINGS_CONTEXT
10
47.736
20
630.658
30
0
0
SEQEND
8
BUILDINGS_CONTEXT
0
POLYLINE
8
BUILDINGS_CONTEXT
66
1
10
0
20
0
30
0
39
24.978
70
1
0
VERTEX
8
BUILDINGS_CONTEXT
10
17.1
20
676.766
30
0
0
VERTEX
8
BUILDINGS_CONTEXT
10
17.1
20
654.477
30
0
0
VERTEX
8
BUILDINGS_CONTEXT
10
30.448
20
654.477
30
0
0
VERTEX
8
BUILDINGS_CONTEXT
10
30.448
20
676.766
30
0
0
SEQEND
8
BUILDINGS_CONTEXT
0
POLYLINE
8
BUILDINGS_CONTEXT
66
1
10
0
20
0
30
0
39
24.248
70
1
0
VERTEX
8
BUILDINGS_CONTEXT
10
17.1
20
761.651
30
0
0
VERTEX
8
BUILDINGS_CONTEXT
10
17.1
20
731.766
30
0
0
VERTEX
8
BUILDINGS_CONTEXT
10
32.422
20
731.766
30
0
0
VERTEX
8
BUILDINGS_CONTEXT
10
32.422
20
761.651
30
0
0
SEQEND
8
BUILDINGS_CONTEXT
0
POLYLINE
8
BUILDINGS_CONTEXT
66
1
10
0
20
0
30
0
39
24.816
70
1
0
VERTEX
8
BUILDINGS_CONTEXT
10
17.1
20
780.567
30
0
0
VERTEX
8
BUILDINGS_CONTEXT
10
17.1
20
761.651
30
0
0
VERTEX
8
BUILDINGS_CONTEXT
10
33.512
20
761.651
30
0
0
VERTEX
8
BUILDINGS_CONTEXT
10
33.512
20
780.567
30
0
0
SEQEND
8
BUILDINGS_CONTEXT
0
POLYLINE
8
BUILDINGS_CONTEXT
66
1
10
0
20
0
30
0
39
23.4
70
1
0
VERTEX
8
BUILDINGS_CONTEXT
10
33.512
20
772.771
30
0
0
VERTEX
8
BUILDINGS_CONTEXT
10
33.512
20
761.651
30
0
0
VERTEX
8
BUILDINGS_CONTEXT
10
52.921
20
761.651
30
0
0
VERTEX
8
BUILDINGS_CONTEXT
10
52.921
20
772.771
30
0
0
SEQEND
8
BUILDINGS_CONTEXT
0
POLYLINE
8
BUILDINGS_CONTEXT
66
1
10
0
20
0
30
0
39
17.065
70
1
0
VERTEX
8
BUILDINGS_CONTEXT
10
17.1
20
814.939
30
0
0
VERTEX
8
BUILDINGS_CONTEXT
10
17.1
20
780.567
30
0
0
VERTEX
8
BUILDINGS_CONTEXT
10
30.802
20
780.567
30
0
0
VERTEX
8
BUILDINGS_CONTEXT
10
30.802
20
814.939
30
0
0
SEQEND
8
BUILDINGS_CONTEXT
0
POLYLINE
8
BUILDINGS_CONTEXT
66
1
10
0
20
0
30
0
39
20.658
70
1
0
VERTEX
8
BUILDINGS_CONTEXT
10
17.1
20
847.063
30
0
0
VERTEX
8
BUILDINGS_CONTEXT
10
17.1
20
814.939
30
0
0
VERTEX
8
BUILDINGS_CONTEXT
10
30.958
20
814.939
30
0
0
VERTEX
8
BUILDINGS_CONTEXT
10
30.958
20
847.063
30
0
0
SEQEND
8
BUILDINGS_CONTEXT
0
POLYLINE
8
BUILDINGS_CONTEXT
66
1
10
0
20
0
30
0
39
16.6
70
1
0
VERTEX
8
BUILDINGS_CONTEXT
10
30.958
20
847.063
30
0
0
VERTEX
8
BUILDINGS_CONTEXT
10
30.958
20
834.53
30
0
0
VERTEX
8
BUILDINGS_CONTEXT
10
62.287
20
834.53
30
0
0
VERTEX
8
BUILDINGS_CONTEXT
10
62.287
20
847.063
30
0
0
SEQEND
8
BUILDINGS_CONTEXT
0
POLYLINE
8
BUILDINGS_CONTEXT
66
1
10
0
20
0
30
0
39
24.282
70
1
0
VERTEX
8
BUILDINGS_CONTEXT
10
17.1
20
867.893
30
0
0
VERTEX
8
BUILDINGS_CONTEXT
10
17.1
20
847.063
30
0
0
VERTEX
8
BUILDINGS_CONTEXT
10
33.26
20
847.063
30
0
0
VERTEX
8
BUILDINGS_CONTEXT
10
33.26
20
867.893
30
0
0
SEQEND
8
BUILDINGS_CONTEXT
0
POLYLINE
8
BUILDINGS_CONTEXT
66
1
10
0
20
0
30
0
39
23.4
70
1
0
VERTEX
8
BUILDINGS_CONTEXT
10
33.26
20
867.893
30
0
0
VERTEX
8
BUILDINGS_CONTEXT
10
33.26
20
856.815
30
0
0
VERTEX
8
BUILDINGS_CONTEXT
10
57.43
20
856.815
30
0
0
VERTEX
8
BUILDINGS_CONTEXT
10
57.43
20
867.893
30
0
0
SEQEND
8
BUILDINGS_CONTEXT
0
POLYLINE
8
BUILDINGS_CONTEXT
66
1
10
0
20
0
30
0
39
24.544
70
1
0
VERTEX
8
BUILDINGS_CONTEXT
10
17.1
20
884.434
30
0
0
VERTEX
8
BUILDINGS_CONTEXT
10
17.1
20
867.893
30
0
0
VERTEX
8
BUILDINGS_CONTEXT
10
33.133
20
867.893
30
0
0
VERTEX
8
BUILDINGS_CONTEXT
10
33.133
20
884.434
30
0
0
SEQEND
8
BUILDINGS_CONTEXT
0
POLYLINE
8
BUILDINGS_CONTEXT
66
1
10
0
20
0
30
0
39
17.44
70
1
0
VERTEX
8
BUILDINGS_CONTEXT
10
17.1
20
910.755
30
0
0
VERTEX
8
BUILDINGS_CONTEXT
10
17.1
20
884.434
30
0
0
VERTEX
8
BUILDINGS_CONTEXT
10
31.093
20
884.434
30
0
0
VERTEX
8
BUILDINGS_CONTEXT
10
31.093
20
910.755
30
0
0
SEQEND
8
BUILDINGS_CONTEXT
0
POLYLINE
8
BUILDINGS_CONTEXT
66
1
10
0
20
0
30
0
39
13.2
70
1
0
VERTEX
8
BUILDINGS_CONTEXT
10
31.093
20
910.755
30
0
0
VERTEX
8
BUILDINGS_CONTEXT
10
31.093
20
898.623
30
0
0
VERTEX
8
BUILDINGS_CONTEXT
10
48.945
20
898.623
30
0
0
VERTEX
8
BUILDINGS_CONTEXT
10
48.945
20
910.755
30
0
0
SEQEND
8
BUILDINGS_CONTEXT
0
POLYLINE
8
BUILDINGS_CONTEXT
66
1
10
0
20
0
30
0
39
17.974
70
1
0
VERTEX
8
BUILDINGS_CONTEXT
10
17.1
20
943.334
30
0
0
VERTEX
8
BUILDINGS_CONTEXT
10
17.1
20
910.755
30
0
0
VERTEX
8
BUILDINGS_CONTEXT
10
31.641
20
910.755
30
0
0
VERTEX
8
BUILDINGS_CONTEXT
10
31.641
20
943.334
30
0
0
SEQEND
8
BUILDINGS_CONTEXT
0
POLYLINE
8
BUILDINGS_CONTEXT
66
1
10
0
20
0
30
0
39
16.6
70
1
0
VERTEX
8
BUILDINGS_CONTEXT
10
31.641
20
921.363
30
0
0
VERTEX
8
BUILDINGS_CONTEXT
10
31.641
20
910.755
30
0
0
VERTEX
8
BUILDINGS_CONTEXT
10
48.437
20
910.755
30
0
0
VERTEX
8
BUILDINGS_CONTEXT
10
48.437
20
921.363
30
0
0
SEQEND
8
BUILDINGS_CONTEXT
0
POLYLINE
8
BUILDINGS_CONTEXT
66
1
10
0
20
0
30
0
39
24.476
70
1
0
VERTEX
8
BUILDINGS_CONTEXT
10
17.1
20
975.84
30
0
0
VERTEX
8
BUILDINGS_CONTEXT
10
17.1
20
943.334
30
0
0
VERTEX
8
BUILDINGS_CONTEXT
10
33.597
20
943.334
30
0
0
VERTEX
8
BUILDINGS_CONTEXT
10
33.597
20
975.84
30
0
0
SEQEND
8
BUILDINGS_CONTEXT
0
POLYLINE
8
BUILDINGS_CONTEXT
66
1
10
0
20
0
30
0
39
17.007
70
1
0
VERTEX
8
BUILDINGS_CONTEXT
10
17.1
20
1007.348
30
0
0
VERTEX
8
BUILDINGS_CONTEXT
10
17.1
20
975.84
30
0
0
VERTEX
8
BUILDINGS_CONTEXT
10
30.797
20
975.84
30
0
0
VERTEX
8
BUILDINGS_CONTEXT
10
30.797
20
1007.348
30
0
0
SEQEND
8
BUILDINGS_CONTEXT
0
POLYLINE
8
BUILDINGS_CONTEXT
66
1
10
0
20
0
30
0
39
20.625
70
1
0
VERTEX
8
BUILDINGS_CONTEXT
10
17.1
20
1024.417
30
0
0
VERTEX
8
BUILDINGS_CONTEXT
10
17.1
20
1007.348
30
0
0
VERTEX
8
BUILDINGS_CONTEXT
10
30.591
20
1007.348
30
0
0
VERTEX
8
BUILDINGS_CONTEXT
10
30.591
20
1024.417
30
0
0
SEQEND
8
BUILDINGS_CONTEXT
0
POLYLINE
8
BUILDINGS_CONTEXT
66
1
10
0
20
0
30
0
39
20
70
1
0
VERTEX
8
BUILDINGS_CONTEXT
10
30.591
20
1024.417
30
0
0
VERTEX
8
BUILDINGS_CONTEXT
10
30.591
20
1011.632
30
0
0
VERTEX
8
BUILDINGS_CONTEXT
10
52.707
20
1011.632
30
0
0
VERTEX
8
BUILDINGS_CONTEXT
10
52.707
20
1024.417
30
0
0
SEQEND
8
BUILDINGS_CONTEXT
0
POLYLINE
8
BUILDINGS_CONTEXT
66
1
10
0
20
0
30
0
39
21.49
70
1
0
VERTEX
8
BUILDINGS_CONTEXT
10
17.1
20
1044.392
30
0
0
VERTEX
8
BUILDINGS_CONTEXT
10
17.1
20
1024.417
30
0
0
VERTEX
8
BUILDINGS_CONTEXT
10
31.872
20
1024.417
30
0
0
VERTEX
8
BUILDINGS_CONTEXT
10
31.872
20
1044.392
30
0
0
SEQEND
8
BUILDINGS_CONTEXT
0
POLYLINE
8
BUILDINGS_CONTEXT
66
1
10
0
20
0
30
0
39
20
70
1
0
VERTEX
8
BUILDINGS_CONTEXT
10
31.872
20
1035.078
30
0
0
VERTEX
8
BUILDINGS_CONTEXT
10
31.872
20
1024.417
30
0
0
VERTEX
8
BUILDINGS_CONTEXT
10
55.27
20
1024.417
30
0
0
VERTEX
8
BUILDINGS_CONTEXT
10
55.27
20
1035.078
30
0
0
SEQEND
8
BUILDINGS_CONTEXT
0
POLYLINE
8
BUILDINGS_CONTEXT
66
1
10
0
20
0
30
0
39
20.503
70
1
0
VERTEX
8
BUILDINGS_CONTEXT
10
140.959
20
1187.66
30
0
0
VERTEX
8
BUILDINGS_CONTEXT
10
115.078
20
1177.307
30
0
0
VERTEX
8
BUILDINGS_CONTEXT
10
120.771
20
1163.077
30
0
0
VERTEX
8
BUILDINGS_CONTEXT
10
146.651
20
1173.429
30
0
0
SEQEND
8
BUILDINGS_CONTEXT
0
POLYLINE
8
BUILDINGS_CONTEXT
66
1
10
0
20
0
30
0
39
24.043
70
1
0
VERTEX
8
BUILDINGS_CONTEXT
10
171.524
20
1199.886
30
0
0
VERTEX
8
BUILDINGS_CONTEXT
10
140.959
20
1187.66
30
0
0
VERTEX
8
BUILDINGS_CONTEXT
10
146.439
20
1173.96
30
0
0
VERTEX
8
BUILDINGS_CONTEXT
10
177.004
20
1186.187
30
0
0
SEQEND
8
BUILDINGS_CONTEXT
0
POLYLINE
8
BUILDINGS_CONTEXT
66
1
10
0
20
0
30
0
39
20
70
1
0
VERTEX
8
BUILDINGS_CONTEXT
10
156.329
20
1177.916
30
0
0
VERTEX
8
BUILDINGS_CONTEXT
10
146.439
20
1173.96
30
0
0
VERTEX
8
BUILDINGS_CONTEXT
10
152.921
20
1157.754
30
0
0
VERTEX
8
BUILDINGS_CONTEXT
10
162.811
20
1161.71
30
0
0
SEQEND
8
BUILDINGS_CONTEXT
0
POLYLINE
8
BUILDINGS_CONTEXT
66
1
10
0
20
0
30
0
39
24.806
70
1
0
VERTEX
8
BUILDINGS_CONTEXT
10
234.055
20
1224.898
30
0
0
VERTEX
8
BUILDINGS_CONTEXT
10
199.379
20
1211.027
30
0
0
VERTEX
8
BUILDINGS_CONTEXT
10
204.691
20
1197.747
30
0
0
VERTEX
8
BUILDINGS_CONTEXT
10
239.367
20
1211.618
30
0
0
SEQEND
8
BUILDINGS_CONTEXT
0
POLYLINE
8
BUILDINGS_CONTEXT
66
1
10
0
20
0
30
0
39
17.928
70
1
0
VERTEX
8
BUILDINGS_CONTEXT
10
251.151
20
1231.737
30
0
0
VERTEX
8
BUILDINGS_CONTEXT
10
234.055
20
1224.898
30
0
0
VERTEX
8
BUILDINGS_CONTEXT
10
240.22
20
1209.486
30
0
0
VERTEX
8
BUILDINGS_CONTEXT
10
257.316
20
1216.324
30
0
0
SEQEND
8
BUILDINGS_CONTEXT
0
POLYLINE
8
BUILDINGS_CONTEXT
66
1
10
0
20
0
30
0
39
16.6
70
1
0
VERTEX
8
BUILDINGS_CONTEXT
10
257.316
20
1216.324
30
0
0
VERTEX
8
BUILDINGS_CONTEXT
10
246.44
20
1211.974
30
0
0
VERTEX
8
BUILDINGS_CONTEXT
10
254.515
20
1191.787
30
0
0
VERTEX
8
BUILDINGS_CONTEXT
10
265.391
20
1196.137
30
0
0
SEQEND
8
BUILDINGS_CONTEXT
0
POLYLINE
8
BUILDINGS_CONTEXT
66
1
10
0
20
0
30
0
39
21.467
70
1
0
VERTEX
8
BUILDINGS_CONTEXT
10
288.27
20
1240.126
30
0
0
VERTEX
8
BUILDINGS_CONTEXT
10
254.67
20
1232.734
30
0
0
VERTEX
8
BUILDINGS_CONTEXT
10
258.174
20
1216.806
30
0
0
VERTEX
8
BUILDINGS_CONTEXT
10
291.774
20
1224.198
30
0
0
SEQEND
8
BUILDINGS_CONTEXT
0
POLYLINE
8
BUILDINGS_CONTEXT
66
1
10
0
20
0
30
0
39
16.6
70
1
0
VERTEX
8
BUILDINGS_CONTEXT
10
291.774
20
1224.198
30
0
0
VERTEX
8
BUILDINGS_CONTEXT
10
282.006
20
1222.05
30
0
0
VERTEX
8
BUILDINGS_CONTEXT
10
288.549
20
1192.311
30
0
0
VERTEX
8
BUILDINGS_CONTEXT
10
298.317
20
1194.46
30
0
0
SEQEND
8
BUILDINGS_CONTEXT
0
POLYLINE
8
BUILDINGS_CONTEXT
66
1
10
0
20
0
30
0
39
24.793
70
1
0
VERTEX
8
BUILDINGS_CONTEXT
10
315.727
20
1246.166
30
0
0
VERTEX
8
BUILDINGS_CONTEXT
10
288.27
20
1240.126
30
0
0
VERTEX
8
BUILDINGS_CONTEXT
10
291.551
20
1225.213
30
0
0
VERTEX
8
BUILDINGS_CONTEXT
10
319.008
20
1231.253
30
0
0
SEQEND
8
BUILDINGS_CONTEXT
0
POLYLINE
8
BUILDINGS_CONTEXT
66
1
10
0
20
0
30
0
39
23.4
70
1
0
VERTEX
8
BUILDINGS_CONTEXT
10
319.008
20
1231.253
30
0
0
VERTEX
8
BUILDINGS_CONTEXT
10
307.788
20
1228.785
30
0
0
VERTEX
8
BUILDINGS_CONTEXT
10
314.869
20
1196.596
30
0
0
VERTEX
8
BUILDINGS_CONTEXT
10
326.089
20
1199.065
30
0
0
SEQEND
8
BUILDINGS_CONTEXT
0
POLYLINE
8
BUILDINGS_CONTEXT
66
1
10
0
20
0
30
0
39
17.003
70
1
0
VERTEX
8
BUILDINGS_CONTEXT
10
337.524
20
1250.962
30
0
0
VERTEX
8
BUILDINGS_CONTEXT
10
315.727
20
1246.166
30
0
0
VERTEX
8
BUILDINGS_CONTEXT
10
318.856
20
1231.942
30
0
0
VERTEX
8
BUILDINGS_CONTEXT
10
340.654
20
1236.737
30
0
0
SEQEND
8
BUILDINGS_CONTEXT
0
POLYLINE
8
BUILDINGS_CONTEXT
66
1
10
0
20
0
30
0
39
24.808
70
1
0
VERTEX
8
BUILDINGS_CONTEXT
10
349.787
20
1253.659
30
0
0
VERTEX
8
BUILDINGS_CONTEXT
10
337.524
20
1250.962
30
0
0
VERTEX
8
BUILDINGS_CONTEXT
10
340.736
20
1236.362
30
0
0
VERTEX
8
BUILDINGS_CONTEXT
10
352.999
20
1239.06
30
0
0
SEQEND
8
BUILDINGS_CONTEXT
0
POLYLINE
8
BUILDINGS_CONTEXT
66
1
10
0
20
0
30
0
39
17.375
70
1
0
VERTEX
8
BUILDINGS_CONTEXT
10
369.445
20
1254.011
30
0
0
VERTEX
8
BUILDINGS_CONTEXT
10
353.046
20
1253.917
30
0
0
VERTEX
8
BUILDINGS_CONTEXT
10
353.133
20
1238.766
30
0
0
VERTEX
8
BUILDINGS_CONTEXT
10
369.531
20
1238.86
30
0
0
SEQEND
8
BUILDINGS_CONTEXT
0
POLYLINE
8
BUILDINGS_CONTEXT
66
1
10
0
20
0
30
0
39
20.515
70
1
0
VERTEX
8
BUILDINGS_CONTEXT
10
380.553
20
1254.074
30
0
0
VERTEX
8
BUILDINGS_CONTEXT
10
369.445
20
1254.011
30
0
0
VERTEX
8
BUILDINGS_CONTEXT
10
369.524
20
1240.093
30
0
0
VERTEX
8
BUILDINGS_CONTEXT
10
380.632
20
1240.157
30
0
0
SEQEND
8
BUILDINGS_CONTEXT
0
POLYLINE
8
BUILDINGS_CONTEXT
66
1
10
0
20
0
30
0
39
21.341
70
1
0
VERTEX
8
BUILDINGS_CONTEXT
10
447.082
20
1254.455
30
0
0
VERTEX
8
BUILDINGS_CONTEXT
10
430.552
20
1254.36
30
0
0
VERTEX
8
BUILDINGS_CONTEXT
10
430.629
20
1240.907
30
0
0
VERTEX
8
BUILDINGS_CONTEXT
10
447.159
20
1241.002
30
0
0
SEQEND
8
BUILDINGS_CONTEXT
0
POLYLINE
8
BUILDINGS_CONTEXT
66
1
10
0
20
0
30
0
39
17.994
70
1
0
VERTEX
8
BUILDINGS_CONTEXT
10
463.989
20
1254.551
30
0
0
VERTEX
8
BUILDINGS_CONTEXT
10
447.082
20
1254.455
30
0
0
VERTEX
8
BUILDINGS_CONTEXT
10
447.17
20
1239.069
30
0
0
VERTEX
8
BUILDINGS_CONTEXT
10
464.077
20
1239.166
30
0
0
SEQEND
8
BUILDINGS_CONTEXT
0
POLYLINE
8
BUILDINGS_CONTEXT
66
1
10
0
20
0
30
0
39
16.6
70
1
0
VERTEX
8
BUILDINGS_CONTEXT
10
464.077
20
1239.166
30
0
0
VERTEX
8
BUILDINGS_CONTEXT
10
451.427
20
1239.094
30
0
0
VERTEX
8
BUILDINGS_CONTEXT
10
451.602
20
1208.613
30
0
0
VERTEX
8
BUILDINGS_CONTEXT
10
464.251
20
1208.686
30
0
0
SEQEND
8
BUILDINGS_CONTEXT
0
POLYLINE
8
BUILDINGS_CONTEXT
66
1
10
0
20
0
30
0
39
18.073
70
1
0
VERTEX
8
BUILDINGS_CONTEXT
10
492.28
20
1254.713
30
0
0
VERTEX
8
BUILDINGS_CONTEXT
10
463.989
20
1254.551
30
0
0
VERTEX
8
BUILDINGS_CONTEXT
10
464.067
20
1240.961
30
0
0
VERTEX
8
BUILDINGS_CONTEXT
10
492.358
20
1241.122
30
0
0
SEQEND
8
BUILDINGS_CONTEXT
0
POLYLINE
8
BUILDINGS_CONTEXT
66
1
10
0
20
0
30
0
39
16.6
70
1
0
VERTEX
8
BUILDINGS_CONTEXT
10
475.265
20
1241.025
30
0
0
VERTEX
8
BUILDINGS_CONTEXT
10
464.067
20
1240.961
30
0
0
VERTEX
8
BUILDINGS_CONTEXT
10
464.234
20
1211.595
30
0
0
VERTEX
8
BUILDINGS_CONTEXT
10
475.432
20
1211.659
30
0
0
SEQEND
8
BUILDINGS_CONTEXT
0
POLYLINE
8
BUILDINGS_CONTEXT
66
1
10
0
20
0
30
0
39
24.557
70
1
0
VERTEX
8
BUILDINGS_CONTEXT
10
520.885
20
1254.876
30
0
0
VERTEX
8
BUILDINGS_CONTEXT
10
492.28
20
1254.713
30
0
0
VERTEX
8
BUILDINGS_CONTEXT
10
492.365
20
1239.795
30
0
0
VERTEX
8
BUILDINGS_CONTEXT
10
520.97
20
1239.959
30
0
0
SEQEND
8
BUILDINGS_CONTEXT
0
POLYLINE
8
BUILDINGS_CONTEXT
66
1
10
0
20
0
30
0
39
21.121
70
1
0
VERTEX
8
BUILDINGS_CONTEXT
10
541.543
20
1254.994
30
0
0
VERTEX
8
BUILDINGS_CONTEXT
10
520.885
20
1254.876
30
0
0
VERTEX
8
BUILDINGS_CONTEXT
10
520.972
20
1239.59
30
0
0
VERTEX
8
BUILDINGS_CONTEXT
10
541.63
20
1239.708
30
0
0
SEQEND
8
BUILDINGS_CONTEXT
0
POLYLINE
8
BUILDINGS_CONTEXT
66
1
10
0
20
0
30
0
39
20
70
1
0
VERTEX
8
BUILDINGS_CONTEXT
10
531.602
20
1239.651
30
0
0
VERTEX
8
BUILDINGS_CONTEXT
10
520.972
20
1239.59
30
0
0
VERTEX
8
BUILDINGS_CONTEXT
10
521.1
20
1217.233
30
0
0
VERTEX
8
BUILDINGS_CONTEXT
10
531.729
20
1217.294
30
0
0
SEQEND
8
BUILDINGS_CONTEXT
0
POLYLINE
8
BUILDINGS_CONTEXT
66
1
10
0
20
0
30
0
39
17.987
70
1
0
VERTEX
8
BUILDINGS_CONTEXT
10
576.245
20
1255.193
30
0
0
VERTEX
8
BUILDINGS_CONTEXT
10
541.543
20
1254.994
30
0
0
VERTEX
8
BUILDINGS_CONTEXT
10
541.64
20
1238.122
30
0
0
VERTEX
8
BUILDINGS_CONTEXT
10
576.342
20
1238.32
30
0
0
SEQEND
8
BUILDINGS_CONTEXT
0
POLYLINE
8
BUILDINGS_CONTEXT
66
1
10
0
20
0
30
0
39
13.2
70
1
0
VERTEX
8
BUILDINGS_CONTEXT
10
553.87
20
1238.192
30
0
0
VERTEX
8
BUILDINGS_CONTEXT
10
541.64
20
1238.122
30
0
0
VERTEX
8
BUILDINGS_CONTEXT
10
541.826
20
1205.4
30
0
0
VERTEX
8
BUILDINGS_CONTEXT
10
554.057
20
1205.469
30
0
0
SEQEND
8
BUILDINGS_CONTEXT
0
POLYLINE
8
BUILDINGS_CONTEXT
66
1
10
0
20
0
30
0
39
20.831
70
1
0
VERTEX
8
BUILDINGS_CONTEXT
10
606.869
20
1255.368
30
0
0
VERTEX
8
BUILDINGS_CONTEXT
10
576.245
20
1255.193
30
0
0
VERTEX
8
BUILDINGS_CONTEXT
10
576.338
20
1238.999
30
0
0
VERTEX
8
BUILDINGS_CONTEXT
10
606.961
20
1239.174
30
0
0
SEQEND
8
BUILDINGS_CONTEXT
0
POLYLINE
8
BUILDINGS_CONTEXT
66
1
10
0
20
0
30
0
39
20
70
1
0
VERTEX
8
BUILDINGS_CONTEXT
10
606.961
20
1239.174
30
0
0
VERTEX
8
BUILDINGS_CONTEXT
10
596.122
20
1239.112
30
0
0
VERTEX
8
BUILDINGS_CONTEXT
10
596.248
20
1217.015
30
0
0
VERTEX
8
BUILDINGS_CONTEXT
10
607.087
20
1217.077
30
0
0
SEQEND
8
BUILDINGS_CONTEXT
0
POLYLINE
8
BUILDINGS_CONTEXT
66
1
10
0
20
0
30
0
39
17.927
70
1
0
VERTEX
8
BUILDINGS_CONTEXT
10
626.289
20
1255.479
30
0
0
VERTEX
8
BUILDINGS_CONTEXT
10
606.869
20
1255.368
30
0
0
VERTEX
8
BUILDINGS_CONTEXT
10
606.956
20
1240.101
30
0
0
VERTEX
8
BUILDINGS_CONTEXT
10
626.376
20
1240.212
30
0
0
SEQEND
8
BUILDINGS_CONTEXT
0
POLYLINE
8
BUILDINGS_CONTEXT
66
1
10
0
20
0
30
0
39
13.2
70
1
0
VERTEX
8
BUILDINGS_CONTEXT
10
617.497
20
1240.161
30
0
0
VERTEX
8
BUILDINGS_CONTEXT
10
606.956
20
1240.101
30
0
0
VERTEX
8
BUILDINGS_CONTEXT
10
607.147
20
1206.605
30
0
0
VERTEX
8
BUILDINGS_CONTEXT
10
617.688
20
1206.666
30
0
0
SEQEND
8
BUILDINGS_CONTEXT
0
POLYLINE
8
BUILDINGS_CONTEXT
66
1
10
0
20
0
30
0
39
24.161
70
1
0
VERTEX
8
BUILDINGS_CONTEXT
10
314.1
20
1562.219
30
0
0
VERTEX
8
BUILDINGS_CONTEXT
10
314.1
20
1531
30
0
0
VERTEX
8
BUILDINGS_CONTEXT
10
329.081
20
1531
30
0
0
VERTEX
8
BUILDINGS_CONTEXT
10
329.081
20
1562.219
30
0
0
SEQEND
8
BUILDINGS_CONTEXT
0
POLYLINE
8
BUILDINGS_CONTEXT
66
1
10
0
20
0
30
0
39
23.4
70
1
0
VERTEX
8
BUILDINGS_CONTEXT
10
329.081
20
1541.641
30
0
0
VERTEX
8
BUILDINGS_CONTEXT
10
329.081
20
1531
30
0
0
VERTEX
8
BUILDINGS_CONTEXT
10
349.831
20
1531
30
0
0
VERTEX
8
BUILDINGS_CONTEXT
10
349.831
20
1541.641
30
0
0
SEQEND
8
BUILDINGS_CONTEXT
0
POLYLINE
8
BUILDINGS_CONTEXT
66
1
10
0
20
0
30
0
39
17.686
70
1
0
VERTEX
8
BUILDINGS_CONTEXT
10
314.1
20
1582.303
30
0
0
VERTEX
8
BUILDINGS_CONTEXT
10
314.1
20
1562.219
30
0
0
VERTEX
8
BUILDINGS_CONTEXT
10
329.373
20
1562.219
30
0
0
VERTEX
8
BUILDINGS_CONTEXT
10
329.373
20
1582.303
30
0
0
SEQEND
8
BUILDINGS_CONTEXT
0
POLYLINE
8
BUILDINGS_CONTEXT
66
1
10
0
20
0
30
0
39
13.2
70
1
0
VERTEX
8
BUILDINGS_CONTEXT
10
329.373
20
1582.303
30
0
0
VERTEX
8
BUILDINGS_CONTEXT
10
329.373
20
1571.59
30
0
0
VERTEX
8
BUILDINGS_CONTEXT
10
359.913
20
1571.59
30
0
0
VERTEX
8
BUILDINGS_CONTEXT
10
359.913
20
1582.303
30
0
0
SEQEND
8
BUILDINGS_CONTEXT
0
POLYLINE
8
BUILDINGS_CONTEXT
66
1
10
0
20
0
30
0
39
24.35
70
1
0
VERTEX
8
BUILDINGS_CONTEXT
10
314.1
20
1643.522
30
0
0
VERTEX
8
BUILDINGS_CONTEXT
10
314.1
20
1607.303
30
0
0
VERTEX
8
BUILDINGS_CONTEXT
10
328.045
20
1607.303
30
0
0
VERTEX
8
BUILDINGS_CONTEXT
10
328.045
20
1643.522
30
0
0
SEQEND
8
BUILDINGS_CONTEXT
0
POLYLINE
8
BUILDINGS_CONTEXT
66
1
10
0
20
0
30
0
39
23.4
70
1
0
VERTEX
8
BUILDINGS_CONTEXT
10
328.045
20
1643.522
30
0
0
VERTEX
8
BUILDINGS_CONTEXT
10
328.045
20
1631.372
30
0
0
VERTEX
8
BUILDINGS_CONTEXT
10
355.455
20
1631.372
30
0
0
VERTEX
8
BUILDINGS_CONTEXT
10
355.455
20
1643.522
30
0
0
SEQEND
8
BUILDINGS_CONTEXT
0
POLYLINE
8
BUILDINGS_CONTEXT
66
1
10
0
20
0
30
0
39
24.096
70
1
0
VERTEX
8
BUILDINGS_CONTEXT
10
332.514
20
1604.387
30
0
0
VERTEX
8
BUILDINGS_CONTEXT
10
362.417
20
1610.93
30
0
0
VERTEX
8
BUILDINGS_CONTEXT
10
359.483
20
1624.337
30
0
0
VERTEX
8
BUILDINGS_CONTEXT
10
329.581
20
1617.793
30
0
0
SEQEND
8
BUILDINGS_CONTEXT
0
POLYLINE
8
BUILDINGS_CONTEXT
66
1
10
0
20
0
30
0
39
24.128
70
1
0
VERTEX
8
BUILDINGS_CONTEXT
10
362.417
20
1610.93
30
0
0
VERTEX
8
BUILDINGS_CONTEXT
10
396.367
20
1618.36
30
0
0
VERTEX
8
BUILDINGS_CONTEXT
10
393.135
20
1633.131
30
0
0
VERTEX
8
BUILDINGS_CONTEXT
10
359.184
20
1625.702
30
0
0
SEQEND
8
BUILDINGS_CONTEXT
0
POLYLINE
8
BUILDINGS_CONTEXT
66
1
10
0
20
0
30
0
39
21.49
70
1
0
VERTEX
8
BUILDINGS_CONTEXT
10
396.367
20
1618.36
30
0
0
VERTEX
8
BUILDINGS_CONTEXT
10
417.858
20
1623.062
30
0
0
VERTEX
8
BUILDINGS_CONTEXT
10
414.792
20
1637.07
30
0
0
VERTEX
8
BUILDINGS_CONTEXT
10
393.302
20
1632.367
30
0
0
SEQEND
8
BUILDINGS_CONTEXT
0
POLYLINE
8
BUILDINGS_CONTEXT
66
1
10
0
20
0
30
0
39
16.6
70
1
0
VERTEX
8
BUILDINGS_CONTEXT
10
404.546
20
1634.828
30
0
0
VERTEX
8
BUILDINGS_CONTEXT
10
414.792
20
1637.07
30
0
0
VERTEX
8
BUILDINGS_CONTEXT
10
409.157
20
1662.82
30
0
0
VERTEX
8
BUILDINGS_CONTEXT
10
398.911
20
1660.578
30
0
0
SEQEND
8
BUILDINGS_CONTEXT
0
POLYLINE
8
BUILDINGS_CONTEXT
66
1
10
0
20
0
30
0
39
17.553
70
1
0
VERTEX
8
BUILDINGS_CONTEXT
10
417.858
20
1623.062
30
0
0
VERTEX
8
BUILDINGS_CONTEXT
10
450.433
20
1630.191
30
0
0
VERTEX
8
BUILDINGS_CONTEXT
10
447.304
20
1644.492
30
0
0
VERTEX
8
BUILDINGS_CONTEXT
10
414.728
20
1637.363
30
0
0
SEQEND
8
BUILDINGS_CONTEXT
0
POLYLINE
8
BUILDINGS_CONTEXT
66
1
10
0
20
0
30
0
39
17.736
70
1
0
VERTEX
8
BUILDINGS_CONTEXT
10
450.433
20
1630.191
30
0
0
VERTEX
8
BUILDINGS_CONTEXT
10
467.065
20
1633.83
30
0
0
VERTEX
8
BUILDINGS_CONTEXT
10
464.121
20
1647.286
30
0
0
VERTEX
8
BUILDINGS_CONTEXT
10
447.489
20
1643.646
30
0
0
SEQEND
8
BUILDINGS_CONTEXT
0
POLYLINE
8
BUILDINGS_CONTEXT
66
1
10
0
20
0
30
0
39
17.023
70
1
0
VERTEX
8
BUILDINGS_CONTEXT
10
467.065
20
1633.83
30
0
0
VERTEX
8
BUILDINGS_CONTEXT
10
495.667
20
1640.089
30
0
0
VERTEX
8
BUILDINGS_CONTEXT
10
492.384
20
1655.094
30
0
0
VERTEX
8
BUILDINGS_CONTEXT
10
463.782
20
1648.835
30
0
0
SEQEND
8
BUILDINGS_CONTEXT
0
POLYLINE
8
BUILDINGS_CONTEXT
66
1
10
0
20
0
30
0
39
13.2
70
1
0
VERTEX
8
BUILDINGS_CONTEXT
10
463.782
20
1648.835
30
0
0
VERTEX
8
BUILDINGS_CONTEXT
10
474.256
20
1651.127
30
0
0
VERTEX
8
BUILDINGS_CONTEXT
10
469.437
20
1673.149
30
0
0
VERTEX
8
BUILDINGS_CONTEXT
10
458.963
20
1670.856
30
0
0
SEQEND
8
BUILDINGS_CONTEXT
0
POLYLINE
8
BUILDINGS_CONTEXT
66
1
10
0
20
0
30
0
39
24.524
70
1
0
VERTEX
8
BUILDINGS_CONTEXT
10
495.667
20
1640.089
30
0
0
VERTEX
8
BUILDINGS_CONTEXT
10
526.699
20
1646.88
30
0
0
VERTEX
8
BUILDINGS_CONTEXT
10
523.245
20
1662.667
30
0
0
VERTEX
8
BUILDINGS_CONTEXT
10
492.212
20
1655.876
30
0
0
SEQEND
8
BUILDINGS_CONTEXT
0
POLYLINE
8
BUILDINGS_CONTEXT
66
1
10
0
20
0
30
0
39
20
70
1
0
VERTEX
8
BUILDINGS_CONTEXT
10
492.212
20
1655.876
30
0
0
VERTEX
8
BUILDINGS_CONTEXT
10
503.849
20
1658.423
30
0
0
VERTEX
8
BUILDINGS_CONTEXT
10
499.123
20
1680.022
30
0
0
VERTEX
8
BUILDINGS_CONTEXT
10
487.486
20
1677.475
30
0
0
SEQEND
8
BUILDINGS_CONTEXT
0
POLYLINE
8
BUILDINGS_CONTEXT
66
1
10
0
20
0
30
0
39
20.872
70
1
0
VERTEX
8
BUILDINGS_CONTEXT
10
526.699
20
1646.88
30
0
0
VERTEX
8
BUILDINGS_CONTEXT
10
542.724
20
1650.387
30
0
0
VERTEX
8
BUILDINGS_CONTEXT
10
539.688
20
1664.26
30
0
0
VERTEX
8
BUILDINGS_CONTEXT
10
523.663
20
1660.753
30
0
0
SEQEND
8
BUILDINGS_CONTEXT
0
POLYLINE
8
BUILDINGS_CONTEXT
66
1
10
0
20
0
30
0
39
20
70
1
0
VERTEX
8
BUILDINGS_CONTEXT
10
528.792
20
1661.876
30
0
0
VERTEX
8
BUILDINGS_CONTEXT
10
539.688
20
1664.26
30
0
0
VERTEX
8
BUILDINGS_CONTEXT
10
534.996
20
1685.705
30
0
0
VERTEX
8
BUILDINGS_CONTEXT
10
524.099
20
1683.32
30
0
0
SEQEND
8
BUILDINGS_CONTEXT
0
POLYLINE
8
BUILDINGS_CONTEXT
66
1
10
0
20
0
30
0
39
23.915
70
1
0
VERTEX
8
BUILDINGS_CONTEXT
10
542.724
20
1650.387
30
0
0
VERTEX
8
BUILDINGS_CONTEXT
10
568.186
20
1655.959
30
0
0
VERTEX
8
BUILDINGS_CONTEXT
10
564.699
20
1671.895
30
0
0
VERTEX
8
BUILDINGS_CONTEXT
10
539.237
20
1666.323
30
0
0
SEQEND
8
BUILDINGS_CONTEXT
0
POLYLINE
8
BUILDINGS_CONTEXT
66
1
10
0
20
0
30
0
39
20
70
1
0
VERTEX
8
BUILDINGS_CONTEXT
10
539.237
20
1666.323
30
0
0
VERTEX
8
BUILDINGS_CONTEXT
10
550.878
20
1668.87
30
0
0
VERTEX
8
BUILDINGS_CONTEXT
10
546.666
20
1688.119
30
0
0
VERTEX
8
BUILDINGS_CONTEXT
10
535.025
20
1685.572
30
0
0
SEQEND
8
BUILDINGS_CONTEXT
0
POLYLINE
8
BUILDINGS_CONTEXT
66
1
10
0
20
0
30
0
39
21.526
70
1
0
VERTEX
8
BUILDINGS_CONTEXT
10
568.186
20
1655.959
30
0
0
VERTEX
8
BUILDINGS_CONTEXT
10
602.289
20
1663.421
30
0
0
VERTEX
8
BUILDINGS_CONTEXT
10
599.444
20
1676.422
30
0
0
VERTEX
8
BUILDINGS_CONTEXT
10
565.341
20
1668.959
30
0
0
SEQEND
8
BUILDINGS_CONTEXT
0
POLYLINE
8
BUILDINGS_CONTEXT
66
1
10
0
20
0
30
0
39
20
70
1
0
VERTEX
8
BUILDINGS_CONTEXT
10
565.341
20
1668.959
30
0
0
VERTEX
8
BUILDINGS_CONTEXT
10
575.712
20
1671.229
30
0
0
VERTEX
8
BUILDINGS_CONTEXT
10
569.919
20
1697.698
30
0
0
VERTEX
8
BUILDINGS_CONTEXT
10
559.549
20
1695.429
30
0
0
SEQEND
8
BUILDINGS_CONTEXT
0
POLYLINE
8
BUILDINGS_CONTEXT
66
1
10
0
20
0
30
0
39
20.576
70
1
0
VERTEX
8
BUILDINGS_CONTEXT
10
602.289
20
1663.421
30
0
0
VERTEX
8
BUILDINGS_CONTEXT
10
625.971
20
1668.604
30
0
0
VERTEX
8
BUILDINGS_CONTEXT
10
622.481
20
1684.552
30
0
0
VERTEX
8
BUILDINGS_CONTEXT
10
598.799
20
1679.369
30
0
0
SEQEND
8
BUILDINGS_CONTEXT
0
POLYLINE
8
BUILDINGS_CONTEXT
66
1
10
0
20
0
30
0
39
17.155
70
1
0
VERTEX
8
BUILDINGS_CONTEXT
10
625.971
20
1668.604
30
0
0
VERTEX
8
BUILDINGS_CONTEXT
10
635.188
20
1670.621
30
0
0
VERTEX
8
BUILDINGS_CONTEXT
10
632.205
20
1684.252
30
0
0
VERTEX
8
BUILDINGS_CONTEXT
10
622.988
20
1682.235
30
0
0
SEQEND
8
BUILDINGS_CONTEXT
0
POLYLINE
8
BUILDINGS_CONTEXT
66
1
10
0
20
0
30
0
39
21.396
70
1
0
VERTEX
8
BUILDINGS_CONTEXT
10
379.767
20
1597.12
30
0
0
VERTEX
8
BUILDINGS_CONTEXT
10
360.613
20
1592.929
30
0
0
VERTEX
8
BUILDINGS_CONTEXT
10
363.772
20
1578.495
30
0
0
VERTEX
8
BUILDINGS_CONTEXT
10
382.926
20
1582.686
30
0
0
SEQEND
8
BUILDINGS_CONTEXT
0
POLYLINE
8
BUILDINGS_CONTEXT
66
1
10
0
20
0
30
0
39
20
70
1
0
VERTEX
8
BUILDINGS_CONTEXT
10
374.846
20
1580.918
30
0
0
VERTEX
8
BUILDINGS_CONTEXT
10
363.772
20
1578.495
30
0
0
VERTEX
8
BUILDINGS_CONTEXT
10
368.108
20
1558.68
30
0
0
VERTEX
8
BUILDINGS_CONTEXT
10
379.182
20
1561.103
30
0
0
SEQEND
8
BUILDINGS_CONTEXT
0
POLYLINE
8
BUILDINGS_CONTEXT
66
1
10
0
20
0
30
0
39
20.639
70
1
0
VERTEX
8
BUILDINGS_CONTEXT
10
406.637
20
1603
30
0
0
VERTEX
8
BUILDINGS_CONTEXT
10
379.767
20
1597.12
30
0
0
VERTEX
8
BUILDINGS_CONTEXT
10
382.787
20
1583.32
30
0
0
VERTEX
8
BUILDINGS_CONTEXT
10
409.656
20
1589.2
30
0
0
SEQEND
8
BUILDINGS_CONTEXT
0
POLYLINE
8
BUILDINGS_CONTEXT
66
1
10
0
20
0
30
0
39
21.378
70
1
0
VERTEX
8
BUILDINGS_CONTEXT
10
434.46
20
1609.089
30
0
0
VERTEX
8
BUILDINGS_CONTEXT
10
406.637
20
1603
30
0
0
VERTEX
8
BUILDINGS_CONTEXT
10
409.665
20
1589.161
30
0
0
VERTEX
8
BUILDINGS_CONTEXT
10
437.489
20
1595.25
30
0
0
SEQEND
8
BUILDINGS_CONTEXT
0
POLYLINE
8
BUILDINGS_CONTEXT
66
1
10
0
20
0
30
0
39
24.674
70
1
0
VERTEX
8
BUILDINGS_CONTEXT
10
453.617
20
1613.281
30
0
0
VERTEX
8
BUILDINGS_CONTEXT
10
434.46
20
1609.089
30
0
0
VERTEX
8
BUILDINGS_CONTEXT
10
438.066
20
1592.609
30
0
0
VERTEX
8
BUILDINGS_CONTEXT
10
457.224
20
1596.801
30
0
0
SEQEND
8
BUILDINGS_CONTEXT
0
POLYLINE
8
BUILDINGS_CONTEXT
66
1
10
0
20
0
30
0
39
20.99
70
1
0
VERTEX
8
BUILDINGS_CONTEXT
10
472.863
20
1617.492
30
0
0
VERTEX
8
BUILDINGS_CONTEXT
10
453.617
20
1613.281
30
0
0
VERTEX
8
BUILDINGS_CONTEXT
10
456.455
20
1600.312
30
0
0
VERTEX
8
BUILDINGS_CONTEXT
10
475.701
20
1604.523
30
0
0
SEQEND
8
BUILDINGS_CONTEXT
0
POLYLINE
8
BUILDINGS_CONTEXT
66
1
10
0
20
0
30
0
39
20
70
1
0
VERTEX
8
BUILDINGS_CONTEXT
10
466.512
20
1602.512
30
0
0
VERTEX
8
BUILDINGS_CONTEXT
10
456.455
20
1600.312
30
0
0
VERTEX
8
BUILDINGS_CONTEXT
10
462.2
20
1574.059
30
0
0
VERTEX
8
BUILDINGS_CONTEXT
10
472.257
20
1576.259
30
0
0
SEQEND
8
BUILDINGS_CONTEXT
0
POLYLINE
8
BUILDINGS_CONTEXT
66
1
10
0
20
0
30
0
39
24.325
70
1
0
VERTEX
8
BUILDINGS_CONTEXT
10
507.073
20
1624.978
30
0
0
VERTEX
8
BUILDINGS_CONTEXT
10
472.863
20
1617.492
30
0
0
VERTEX
8
BUILDINGS_CONTEXT
10
475.894
20
1603.638
30
0
0
VERTEX
8
BUILDINGS_CONTEXT
10
510.105
20
1611.124
30
0
0
SEQEND
8
BUILDINGS_CONTEXT
0
POLYLINE
8
BUILDINGS_CONTEXT
66
1
10
0
20
0
30
0
39
20
70
1
0
VERTEX
8
BUILDINGS_CONTEXT
10
510.105
20
1611.124
30
0
0
VERTEX
8
BUILDINGS_CONTEXT
10
499.06
20
1608.707
30
0
0
VERTEX
8
BUILDINGS_CONTEXT
10
505.076
20
1581.213
30
0
0
VERTEX
8
BUILDINGS_CONTEXT
10
516.121
20
1583.63
30
0
0
SEQEND
8
BUILDINGS_CONTEXT
0
POLYLINE
8
BUILDINGS_CONTEXT
66
1
10
0
20
0
30
0
39
23.847
70
1
0
VERTEX
8
BUILDINGS_CONTEXT
10
535.634
20
1631.228
30
0
0
VERTEX
8
BUILDINGS_CONTEXT
10
507.073
20
1624.978
30
0
0
VERTEX
8
BUILDINGS_CONTEXT
10
509.897
20
1612.074
30
0
0
VERTEX
8
BUILDINGS_CONTEXT
10
538.458
20
1618.324
30
0
0
SEQEND
8
BUILDINGS_CONTEXT
0
POLYLINE
8
BUILDINGS_CONTEXT
66
1
10
0
20
0
30
0
39
21.425
70
1
0
VERTEX
8
BUILDINGS_CONTEXT
10
556.109
20
1635.709
30
0
0
VERTEX
8
BUILDINGS_CONTEXT
10
535.634
20
1631.228
30
0
0
VERTEX
8
BUILDINGS_CONTEXT
10
538.748
20
1616.997
30
0
0
VERTEX
8
BUILDINGS_CONTEXT
10
559.224
20
1621.477
30
0
0
SEQEND
8
BUILDINGS_CONTEXT
0
POLYLINE
8
BUILDINGS_CONTEXT
66
1
10
0
20
0
30
0
39
17.684
70
1
0
VERTEX
8
BUILDINGS_CONTEXT
10
576.595
20
1640.192
30
0
0
VERTEX
8
BUILDINGS_CONTEXT
10
556.109
20
1635.709
30
0
0
VERTEX
8
BUILDINGS_CONTEXT
10
559.224
20
1621.475
30
0
0
VERTEX
8
BUILDINGS_CONTEXT
10
579.71
20
1625.958
30
0
0
SEQEND
8
BUILDINGS_CONTEXT
0
POLYLINE
8
BUILDINGS_CONTEXT
66
1
10
0
20
0
30
0
39
24.99
70
1
0
VERTEX
8
BUILDINGS_CONTEXT
10
605.829
20
1646.589
30
0
0
VERTEX
8
BUILDINGS_CONTEXT
10
576.595
20
1640.192
30
0
0
VERTEX
8
BUILDINGS_CONTEXT
10
579.875
20
1625.205
30
0
0
VERTEX
8
BUILDINGS_CONTEXT
10
609.109
20
1631.602
30
0
0
SEQEND
8
BUILDINGS_CONTEXT
0
POLYLINE
8
BUILDINGS_CONTEXT
66
1
10
0
20
0
30
0
39
20
70
1
0
VERTEX
8
BUILDINGS_CONTEXT
10
609.109
20
1631.602
30
0
0
VERTEX
8
BUILDINGS_CONTEXT
10
599.141
20
1629.421
30
0
0
VERTEX
8
BUILDINGS_CONTEXT
10
604.247
20
1606.09
30
0
0
VERTEX
8
BUILDINGS_CONTEXT
10
614.214
20
1608.272
30
0
0
SEQEND
8
BUILDINGS_CONTEXT
0
POLYLINE
8
BUILDINGS_CONTEXT
66
1
10
0
20
0
30
0
39
21.533
70
1
0
VERTEX
8
BUILDINGS_CONTEXT
10
629.467
20
1651.762
30
0
0
VERTEX
8
BUILDINGS_CONTEXT
10
605.829
20
1646.589
30
0
0
VERTEX
8
BUILDINGS_CONTEXT
10
608.843
20
1632.816
30
0
0
VERTEX
8
BUILDINGS_CONTEXT
10
632.481
20
1637.989
30
0
0
SEQEND
8
BUILDINGS_CONTEXT
0
POLYLINE
8
BUILDINGS_CONTEXT
66
1
10
0
20
0
30
0
39
21.044
70
1
0
VERTEX
8
BUILDINGS_CONTEXT
10
377.236
20
1661.19
30
0
0
VERTEX
8
BUILDINGS_CONTEXT
10
355.888
20
1655.174
30
0
0
VERTEX
8
BUILDINGS_CONTEXT
10
359.777
20
1641.373
30
0
0
VERTEX
8
BUILDINGS_CONTEXT
10
381.125
20
1647.389
30
0
0
SEQEND
8
BUILDINGS_CONTEXT
0
POLYLINE
8
BUILDINGS_CONTEXT
66
1
10
0
20
0
30
0
39
18.108
70
1
0
VERTEX
8
BUILDINGS_CONTEXT
10
396.456
20
1666.607
30
0
0
VERTEX
8
BUILDINGS_CONTEXT
10
377.236
20
1661.19
30
0
0
VERTEX
8
BUILDINGS_CONTEXT
10
380.902
20
1648.18
30
0
0
VERTEX
8
BUILDINGS_CONTEXT
10
400.122
20
1653.596
30
0
0
SEQEND
8
BUILDINGS_CONTEXT
0
POLYLINE
8
BUILDINGS_CONTEXT
66
1
10
0
20
0
30
0
39
21.323
70
1
0
VERTEX
8
BUILDINGS_CONTEXT
10
441.569
20
1679.32
30
0
0
VERTEX
8
BUILDINGS_CONTEXT
10
410.894
20
1670.675
30
0
0
VERTEX
8
BUILDINGS_CONTEXT
10
414.77
20
1656.922
30
0
0
VERTEX
8
BUILDINGS_CONTEXT
10
445.445
20
1665.566
30
0
0
SEQEND
8
BUILDINGS_CONTEXT
0
POLYLINE
8
BUILDINGS_CONTEXT
66
1
10
0
20
0
30
0
39
17.821
70
1
0
VERTEX
8
BUILDINGS_CONTEXT
10
455.288
20
1683.186
30
0
0
VERTEX
8
BUILDINGS_CONTEXT
10
441.569
20
1679.32
30
0
0
VERTEX
8
BUILDINGS_CONTEXT
10
445.364
20
1665.853
30
0
0
VERTEX
8
BUILDINGS_CONTEXT
10
459.083
20
1669.719
30
0
0
SEQEND
8
BUILDINGS_CONTEXT
0
POLYLINE
8
BUILDINGS_CONTEXT
66
1
10
0
20
0
30
0
39
17.099
70
1
0
VERTEX
8
BUILDINGS_CONTEXT
10
493.354
20
1693.914
30
0
0
VERTEX
8
BUILDINGS_CONTEXT
10
464.913
20
1685.899
30
0
0
VERTEX
8
BUILDINGS_CONTEXT
10
468.526
20
1673.08
30
0
0
VERTEX
8
BUILDINGS_CONTEXT
10
496.966
20
1681.095
30
0
0
SEQEND
8
BUILDINGS_CONTEXT
0
POLYLINE
8
BUILDINGS_CONTEXT
66
1
10
0
20
0
30
0
39
24.585
70
1
0
VERTEX
8
BUILDINGS_CONTEXT
10
515.554
20
1700.17
30
0
0
VERTEX
8
BUILDINGS_CONTEXT
10
493.354
20
1693.914
30
0
0
VERTEX
8
BUILDINGS_CONTEXT
10
497.313
20
1679.864
30
0
0
VERTEX
8
BUILDINGS_CONTEXT
10
519.513
20
1686.12
30
0
0
SEQEND
8
BUILDINGS_CONTEXT
0
POLYLINE
8
BUILDINGS_CONTEXT
66
1
10
0
20
0
30
0
39
20
70
1
0
VERTEX
8
BUILDINGS_CONTEXT
10
519.513
20
1686.12
30
0
0
VERTEX
8
BUILDINGS_CONTEXT
10
508.608
20
1683.047
30
0
0
VERTEX
8
BUILDINGS_CONTEXT
10
513.523
20
1665.606
30
0
0
VERTEX
8
BUILDINGS_CONTEXT
10
524.429
20
1668.679
30
0
0
SEQEND
8
BUILDINGS_CONTEXT
0
POLYLINE
8
BUILDINGS_CONTEXT
66
1
10
0
20
0
30
0
39
24.863
70
1
0
VERTEX
8
BUILDINGS_CONTEXT
10
551.26
20
1710.209
30
0
0
VERTEX
8
BUILDINGS_CONTEXT
10
527.755
20
1703.606
30
0
0
VERTEX
8
BUILDINGS_CONTEXT
10
531.396
20
1690.643
30
0
0
VERTEX
8
BUILDINGS_CONTEXT
10
554.901
20
1697.245
30
0
0
SEQEND
8
BUILDINGS_CONTEXT
0
POLYLINE
8
BUILDINGS_CONTEXT
66
1
10
0
20
0
30
0
39
17.935
70
1
0
VERTEX
8
BUILDINGS_CONTEXT
10
577.935
20
1717.702
30
0
0
VERTEX
8
BUILDINGS_CONTEXT
10
551.26
20
1710.209
30
0
0
VERTEX
8
BUILDINGS_CONTEXT
10
555.457
20
1695.267
30
0
0
VERTEX
8
BUILDINGS_CONTEXT
10
582.132
20
1702.76
30
0
0
SEQEND
8
BUILDINGS_CONTEXT
0
POLYLINE
8
BUILDINGS_CONTEXT
66
1
10
0
20
0
30
0
39
17.3
70
1
0
VERTEX
8
BUILDINGS_CONTEXT
10
608.652
20
1726.33
30
0
0
VERTEX
8
BUILDINGS_CONTEXT
10
577.935
20
1717.702
30
0
0
VERTEX
8
BUILDINGS_CONTEXT
10
581.895
20
1703.603
30
0
0
VERTEX
8
BUILDINGS_CONTEXT
10
612.612
20
1712.231
30
0
0
SEQEND
8
BUILDINGS_CONTEXT
0
POLYLINE
8
BUILDINGS_CONTEXT
66
1
10
0
20
0
30
0
39
21.228
70
1
0
VERTEX
8
BUILDINGS_CONTEXT
10
629.08
20
1732.068
30
0
0
VERTEX
8
BUILDINGS_CONTEXT
10
608.652
20
1726.33
30
0
0
VERTEX
8
BUILDINGS_CONTEXT
10
612.438
20
1712.853
30
0
0
VERTEX
8
BUILDINGS_CONTEXT
10
632.866
20
1718.591
30
0
0
SEQEND
8
BUILDINGS_CONTEXT
0
POLYLINE
8
BUILDINGS_CONTEXT
66
1
10
0
20
0
30
0
39
21.566
70
1
0
VERTEX
8
BUILDINGS_CONTEXT
10
-351.61
20
-156.156
30
0
0
VERTEX
8
BUILDINGS_CONTEXT
10
-368.23
20
-157.772
30
0
0
VERTEX
8
BUILDINGS_CONTEXT
10
-366.804
20
-172.44
30
0
0
VERTEX
8
BUILDINGS_CONTEXT
10
-350.184
20
-170.824
30
0
0
SEQEND
8
BUILDINGS_CONTEXT
0
POLYLINE
8
BUILDINGS_CONTEXT
66
1
10
0
20
0
30
0
39
23.982
70
1
0
VERTEX
8
BUILDINGS_CONTEXT
10
-332.949
20
-154.342
30
0
0
VERTEX
8
BUILDINGS_CONTEXT
10
-351.61
20
-156.156
30
0
0
VERTEX
8
BUILDINGS_CONTEXT
10
-350.003
20
-172.689
30
0
0
VERTEX
8
BUILDINGS_CONTEXT
10
-331.342
20
-170.874
30
0
0
SEQEND
8
BUILDINGS_CONTEXT
0
POLYLINE
8
BUILDINGS_CONTEXT
66
1
10
0
20
0
30
0
39
24.522
70
1
0
VERTEX
8
BUILDINGS_CONTEXT
10
-307.459
20
-151.863
30
0
0
VERTEX
8
BUILDINGS_CONTEXT
10
-332.949
20
-154.342
30
0
0
VERTEX
8
BUILDINGS_CONTEXT
10
-331.531
20
-168.933
30
0
0
VERTEX
8
BUILDINGS_CONTEXT
10
-306.04
20
-166.454
30
0
0
SEQEND
8
BUILDINGS_CONTEXT
0
POLYLINE
8
BUILDINGS_CONTEXT
66
1
10
0
20
0
30
0
39
24.433
70
1
0
VERTEX
8
BUILDINGS_CONTEXT
10
-260.668
20
-148.496
30
0
0
VERTEX
8
BUILDINGS_CONTEXT
10
-296.468
20
-150.883
30
0
0
VERTEX
8
BUILDINGS_CONTEXT
10
-295.586
20
-164.108
30
0
0
VERTEX
8
BUILDINGS_CONTEXT
10
-259.787
20
-161.722
30
0
0
SEQEND
8
BUILDINGS_CONTEXT
0
POLYLINE
8
BUILDINGS_CONTEXT
66
1
10
0
20
0
30
0
39
20.705
70
1
0
VERTEX
8
BUILDINGS_CONTEXT
10
-232.521
20
-146.619
30
0
0
VERTEX
8
BUILDINGS_CONTEXT
10
-260.668
20
-148.496
30
0
0
VERTEX
8
BUILDINGS_CONTEXT
10
-259.541
20
-165.404
30
0
0
VERTEX
8
BUILDINGS_CONTEXT
10
-231.394
20
-163.527
30
0
0
SEQEND
8
BUILDINGS_CONTEXT
0
POLYLINE
8
BUILDINGS_CONTEXT
66
1
10
0
20
0
30
0
39
16.6
70
1
0
VERTEX
8
BUILDINGS_CONTEXT
10
-249.129
20
-164.71
30
0
0
VERTEX
8
BUILDINGS_CONTEXT
10
-259.541
20
-165.404
30
0
0
VERTEX
8
BUILDINGS_CONTEXT
10
-257.855
20
-190.698
30
0
0
VERTEX
8
BUILDINGS_CONTEXT
10
-247.443
20
-190.004
30
0
0
SEQEND
8
BUILDINGS_CONTEXT
0
POLYLINE
8
BUILDINGS_CONTEXT
66
1
10
0
20
0
30
0
39
21.026
70
1
0
VERTEX
8
BUILDINGS_CONTEXT
10
-208.283
20
-145.004
30
0
0
VERTEX
8
BUILDINGS_CONTEXT
10
-232.521
20
-146.619
30
0
0
VERTEX
8
BUILDINGS_CONTEXT
10
-231.397
20
-163.482
30
0
0
VERTEX
8
BUILDINGS_CONTEXT
10
-207.159
20
-161.866
30
0
0
SEQEND
8
BUILDINGS_CONTEXT
0
POLYLINE
8
BUILDINGS_CONTEXT
66
1
10
0
20
0
30
0
39
16.6
70
1
0
VERTEX
8
BUILDINGS_CONTEXT
10
-207.159
20
-161.866
30
0
0
VERTEX
8
BUILDINGS_CONTEXT
10
-219.609
20
-162.696
30
0
0
VERTEX
8
BUILDINGS_CONTEXT
10
-217.884
20
-188.571
30
0
0
VERTEX
8
BUILDINGS_CONTEXT
10
-205.434
20
-187.741
30
0
0
SEQEND
8
BUILDINGS_CONTEXT
0
POLYLINE
8
BUILDINGS_CONTEXT
66
1
10
0
20
0
30
0
39
17.332
70
1
0
VERTEX
8
BUILDINGS_CONTEXT
10
-174.758
20
-142.769
30
0
0
VERTEX
8
BUILDINGS_CONTEXT
10
-208.283
20
-145.004
30
0
0
VERTEX
8
BUILDINGS_CONTEXT
10
-207.203
20
-161.209
30
0
0
VERTEX
8
BUILDINGS_CONTEXT
10
-173.678
20
-158.974
30
0
0
SEQEND
8
BUILDINGS_CONTEXT
0
POLYLINE
8
BUILDINGS_CONTEXT
66
1
10
0
20
0
30
0
39
23.891
70
1
0
VERTEX
8
BUILDINGS_CONTEXT
10
-153.831
20
-141.373
30
0
0
VERTEX
8
BUILDINGS_CONTEXT
10
-174.758
20
-142.769
30
0
0
VERTEX
8
BUILDINGS_CONTEXT
10
-173.818
20
-156.869
30
0
0
VERTEX
8
BUILDINGS_CONTEXT
10
-152.891
20
-155.474
30
0
0
SEQEND
8
BUILDINGS_CONTEXT
0
POLYLINE
8
BUILDINGS_CONTEXT
66
1
10
0
20
0
30
0
39
20
70
1
0
VERTEX
8
BUILDINGS_CONTEXT
10
-162.76
20
-156.132
30
0
0
VERTEX
8
BUILDINGS_CONTEXT
10
-173.818
20
-156.869
30
0
0
VERTEX
8
BUILDINGS_CONTEXT
10
-172.061
20
-183.233
30
0
0
VERTEX
8
BUILDINGS_CONTEXT
10
-161.003
20
-182.496
30
0
0
SEQEND
8
BUILDINGS_CONTEXT
0
POLYLINE
8
BUILDINGS_CONTEXT
66
1
10
0
20
0
30
0
39
24.245
70
1
0
VERTEX
8
BUILDINGS_CONTEXT
10
-119.607
20
-139.478
30
0
0
VERTEX
8
BUILDINGS_CONTEXT
10
-146.569
20
-140.927
30
0
0
VERTEX
8
BUILDINGS_CONTEXT
10
-145.702
20
-157.069
30
0
0
VERTEX
8
BUILDINGS_CONTEXT
10
-118.74
20
-155.619
30
0
0
SEQEND
8
BUILDINGS_CONTEXT
0
POLYLINE
8
BUILDINGS_CONTEXT
66
1
10
0
20
0
30
0
39
17.25
70
1
0
VERTEX
8
BUILDINGS_CONTEXT
10
-96.302
20
-138.225
30
0
0
VERTEX
8
BUILDINGS_CONTEXT
10
-119.607
20
-139.478
30
0
0
VERTEX
8
BUILDINGS_CONTEXT
10
-118.699
20
-156.371
30
0
0
VERTEX
8
BUILDINGS_CONTEXT
10
-95.394
20
-155.118
30
0
0
SEQEND
8
BUILDINGS_CONTEXT
0
POLYLINE
8
BUILDINGS_CONTEXT
66
1
10
0
20
0
30
0
39
17.226
70
1
0
VERTEX
8
BUILDINGS_CONTEXT
10
-69.32
20
-136.774
30
0
0
VERTEX
8
BUILDINGS_CONTEXT
10
-96.302
20
-138.225
30
0
0
VERTEX
8
BUILDINGS_CONTEXT
10
-95.479
20
-153.545
30
0
0
VERTEX
8
BUILDINGS_CONTEXT
10
-68.496
20
-152.095
30
0
0
SEQEND
8
BUILDINGS_CONTEXT
0
POLYLINE
8
BUILDINGS_CONTEXT
66
1
10
0
20
0
30
0
39
16.6
70
1
0
VERTEX
8
BUILDINGS_CONTEXT
10
-83.046
20
-152.877
30
0
0
VERTEX
8
BUILDINGS_CONTEXT
10
-95.479
20
-153.545
30
0
0
VERTEX
8
BUILDINGS_CONTEXT
10
-94.166
20
-177.962
30
0
0
VERTEX
8
BUILDINGS_CONTEXT
10
-81.733
20
-177.293
30
0
0
SEQEND
8
BUILDINGS_CONTEXT
0
POLYLINE
8
BUILDINGS_CONTEXT
66
1
10
0
20
0
30
0
39
24.875
70
1
0
VERTEX
8
BUILDINGS_CONTEXT
10
-41.751
20
-135.292
30
0
0
VERTEX
8
BUILDINGS_CONTEXT
10
-69.32
20
-136.774
30
0
0
VERTEX
8
BUILDINGS_CONTEXT
10
-68.418
20
-153.552
30
0
0
VERTEX
8
BUILDINGS_CONTEXT
10
-40.849
20
-152.07
30
0
0
SEQEND
8
BUILDINGS_CONTEXT
0
POLYLINE
8
BUILDINGS_CONTEXT
66
1
10
0
20
0
30
0
39
20
70
1
0
VERTEX
8
BUILDINGS_CONTEXT
10
-40.849
20
-152.07
30
0
0
VERTEX
8
BUILDINGS_CONTEXT
10
-52.97
20
-152.721
30
0
0
VERTEX
8
BUILDINGS_CONTEXT
10
-51.909
20
-172.445
30
0
0
VERTEX
8
BUILDINGS_CONTEXT
10
-39.789
20
-171.794
30
0
0
SEQEND
8
BUILDINGS_CONTEXT
0
POLYLINE
8
BUILDINGS_CONTEXT
66
1
10
0
20
0
30
0
39
21.008
70
1
0
VERTEX
8
BUILDINGS_CONTEXT
10
-16.698
20
-133.945
30
0
0
VERTEX
8
BUILDINGS_CONTEXT
10
-41.751
20
-135.292
30
0
0
VERTEX
8
BUILDINGS_CONTEXT
10
-40.979
20
-149.662
30
0
0
VERTEX
8
BUILDINGS_CONTEXT
10
-15.926
20
-148.315
30
0
0
SEQEND
8
BUILDINGS_CONTEXT
0
POLYLINE
8
BUILDINGS_CONTEXT
66
1
10
0
20
0
30
0
39
20
70
1
0
VERTEX
8
BUILDINGS_CONTEXT
10
-15.926
20
-148.315
30
0
0
VERTEX
8
BUILDINGS_CONTEXT
10
-28.671
20
-149
30
0
0
VERTEX
8
BUILDINGS_CONTEXT
10
-27.715
20
-166.779
30
0
0
VERTEX
8
BUILDINGS_CONTEXT
10
-14.97
20
-166.094
30
0
0
SEQEND
8
BUILDINGS_CONTEXT
0
POLYLINE
8
BUILDINGS_CONTEXT
66
1
10
0
20
0
30
0
39
23.983
70
1
0
VERTEX
8
BUILDINGS_CONTEXT
10
115.38
20
-130.664
30
0
0
VERTEX
8
BUILDINGS_CONTEXT
10
84.044
20
-130.836
30
0
0
VERTEX
8
BUILDINGS_CONTEXT
10
84.126
20
-145.782
30
0
0
VERTEX
8
BUILDINGS_CONTEXT
10
115.462
20
-145.61
30
0
0
SEQEND
8
BUILDINGS_CONTEXT
0
POLYLINE
8
BUILDINGS_CONTEXT
66
1
10
0
20
0
30
0
39
24.38
70
1
0
VERTEX
8
BUILDINGS_CONTEXT
10
140.584
20
-130.525
30
0
0
VERTEX
8
BUILDINGS_CONTEXT
10
115.38
20
-130.664
30
0
0
VERTEX
8
BUILDINGS_CONTEXT
10
115.46
20
-145.25
30
0
0
VERTEX
8
BUILDINGS_CONTEXT
10
140.664
20
-145.111
30
0
0
SEQEND
8
BUILDINGS_CONTEXT
0
POLYLINE
8
BUILDINGS_CONTEXT
66
1
10
0
20
0
30
0
39
24.006
70
1
0
VERTEX
8
BUILDINGS_CONTEXT
10
169.494
20
-130.367
30
0
0
VERTEX
8
BUILDINGS_CONTEXT
10
140.584
20
-130.525
30
0
0
VERTEX
8
BUILDINGS_CONTEXT
10
140.661
20
-144.57
30
0
0
VERTEX
8
BUILDINGS_CONTEXT
10
169.572
20
-144.411
30
0
0
SEQEND
8
BUILDINGS_CONTEXT
0
POLYLINE
8
BUILDINGS_CONTEXT
66
1
10
0
20
0
30
0
39
23.4
70
1
0
VERTEX
8
BUILDINGS_CONTEXT
10
169.572
20
-144.411
30
0
0
VERTEX
8
BUILDINGS_CONTEXT
10
159.432
20
-144.467
30
0
0
VERTEX
8
BUILDINGS_CONTEXT
10
159.538
20
-163.713
30
0
0
VERTEX
8
BUILDINGS_CONTEXT
10
169.677
20
-163.657
30
0
0
SEQEND
8
BUILDINGS_CONTEXT
0
POLYLINE
8
BUILDINGS_CONTEXT
66
1
10
0
20
0
30
0
39
17.69
70
1
0
VERTEX
8
BUILDINGS_CONTEXT
10
203.775
20
-130.178
30
0
0
VERTEX
8
BUILDINGS_CONTEXT
10
169.494
20
-130.367
30
0
0
VERTEX
8
BUILDINGS_CONTEXT
10
169.568
20
-143.719
30
0
0
VERTEX
8
BUILDINGS_CONTEXT
10
203.849
20
-143.531
30
0
0
SEQEND
8
BUILDINGS_CONTEXT
0
POLYLINE
8
BUILDINGS_CONTEXT
66
1
10
0
20
0
30
0
39
21.366
70
1
0
VERTEX
8
BUILDINGS_CONTEXT
10
225.819
20
-130.057
30
0
0
VERTEX
8
BUILDINGS_CONTEXT
10
203.775
20
-130.178
30
0
0
VERTEX
8
BUILDINGS_CONTEXT
10
203.851
20
-143.977
30
0
0
VERTEX
8
BUILDINGS_CONTEXT
10
225.895
20
-143.856
30
0
0
SEQEND
8
BUILDINGS_CONTEXT
0
POLYLINE
8
BUILDINGS_CONTEXT
66
1
10
0
20
0
30
0
39
24.599
70
1
0
VERTEX
8
BUILDINGS_CONTEXT
10
247.397
20
-129.939
30
0
0
VERTEX
8
BUILDINGS_CONTEXT
10
225.819
20
-130.057
30
0
0
VERTEX
8
BUILDINGS_CONTEXT
10
225.898
20
-144.274
30
0
0
VERTEX
8
BUILDINGS_CONTEXT
10
247.475
20
-144.155
30
0
0
SEQEND
8
BUILDINGS_CONTEXT
0
POLYLINE
8
BUILDINGS_CONTEXT
66
1
10
0
20
0
30
0
39
23.4
70
1
0
VERTEX
8
BUILDINGS_CONTEXT
10
247.475
20
-144.155
30
0
0
VERTEX
8
BUILDINGS_CONTEXT
10
235.24
20
-144.222
30
0
0
VERTEX
8
BUILDINGS_CONTEXT
10
235.421
20
-177.084
30
0
0
VERTEX
8
BUILDINGS_CONTEXT
10
247.656
20
-177.017
30
0
0
SEQEND
8
BUILDINGS_CONTEXT
0
POLYLINE
8
BUILDINGS_CONTEXT
66
1
10
0
20
0
30
0
39
20.854
70
1
0
VERTEX
8
BUILDINGS_CONTEXT
10
282.667
20
-129.745
30
0
0
VERTEX
8
BUILDINGS_CONTEXT
10
247.397
20
-129.939
30
0
0
VERTEX
8
BUILDINGS_CONTEXT
10
247.479
20
-144.804
30
0
0
VERTEX
8
BUILDINGS_CONTEXT
10
282.749
20
-144.61
30
0
0
SEQEND
8
BUILDINGS_CONTEXT
0
POLYLINE
8
BUILDINGS_CONTEXT
66
1
10
0
20
0
30
0
39
16.6
70
1
0
VERTEX
8
BUILDINGS_CONTEXT
10
282.749
20
-144.61
30
0
0
VERTEX
8
BUILDINGS_CONTEXT
10
270.664
20
-144.676
30
0
0
VERTEX
8
BUILDINGS_CONTEXT
10
270.85
20
-178.608
30
0
0
VERTEX
8
BUILDINGS_CONTEXT
10
282.935
20
-178.542
30
0
0
SEQEND
8
BUILDINGS_CONTEXT
0
POLYLINE
8
BUILDINGS_CONTEXT
66
1
10
0
20
0
30
0
39
20.444
70
1
0
VERTEX
8
BUILDINGS_CONTEXT
10
304.882
20
-129.623
30
0
0
VERTEX
8
BUILDINGS_CONTEXT
10
282.667
20
-129.745
30
0
0
VERTEX
8
BUILDINGS_CONTEXT
10
282.753
20
-145.466
30
0
0
VERTEX
8
BUILDINGS_CONTEXT
10
304.968
20
-145.344
30
0
0
SEQEND
8
BUILDINGS_CONTEXT
0
POLYLINE
8
BUILDINGS_CONTEXT
66
1
10
0
20
0
30
0
39
20.537
70
1
0
VERTEX
8
BUILDINGS_CONTEXT
10
340.535
20
-129.427
30
0
0
VERTEX
8
BUILDINGS_CONTEXT
10
304.882
20
-129.623
30
0
0
VERTEX
8
BUILDINGS_CONTEXT
10
304.968
20
-145.369
30
0
0
VERTEX
8
BUILDINGS_CONTEXT
10
340.621
20
-145.173
30
0
0
SEQEND
8
BUILDINGS_CONTEXT
0
POLYLINE
8
BUILDINGS_CONTEXT
66
1
10
0
20
0
30
0
39
23.91
70
1
0
VERTEX
8
BUILDINGS_CONTEXT
10
367.59
20
-129.278
30
0
0
VERTEX
8
BUILDINGS_CONTEXT
10
340.535
20
-129.427
30
0
0
VERTEX
8
BUILDINGS_CONTEXT
10
340.628
20
-146.31
30
0
0
VERTEX
8
BUILDINGS_CONTEXT
10
367.683
20
-146.161
30
0
0
SEQEND
8
BUILDINGS_CONTEXT
0
POLYLINE
8
BUILDINGS_CONTEXT
66
1
10
0
20
0
30
0
39
23.4
70
1
0
VERTEX
8
BUILDINGS_CONTEXT
10
352.952
20
-146.242
30
0
0
VERTEX
8
BUILDINGS_CONTEXT
10
340.628
20
-146.31
30
0
0
VERTEX
8
BUILDINGS_CONTEXT
10
340.741
20
-166.903
30
0
0
VERTEX
8
BUILDINGS_CONTEXT
10
353.065
20
-166.835
30
0
0
SEQEND
8
BUILDINGS_CONTEXT
0
POLYLINE
8
BUILDINGS_CONTEXT
66
1
10
0
20
0
30
0
39
17.309
70
1
0
VERTEX
8
BUILDINGS_CONTEXT
10
398.045
20
-129.111
30
0
0
VERTEX
8
BUILDINGS_CONTEXT
10
367.59
20
-129.278
30
0
0
VERTEX
8
BUILDINGS_CONTEXT
10
367.664
20
-142.751
30
0
0
VERTEX
8
BUILDINGS_CONTEXT
10
398.119
20
-142.584
30
0
0
SEQEND
8
BUILDINGS_CONTEXT
0
POLYLINE
8
BUILDINGS_CONTEXT
66
1
10
0
20
0
30
0
39
24.072
70
1
0
VERTEX
8
BUILDINGS_CONTEXT
10
422.715
20
-129.785
30
0
0
VERTEX
8
BUILDINGS_CONTEXT
10
402.756
20
-129.186
30
0
0
VERTEX
8
BUILDINGS_CONTEXT
10
402.356
20
-142.496
30
0
0
VERTEX
8
BUILDINGS_CONTEXT
10
422.316
20
-143.095
30
0
0
SEQEND
8
BUILDINGS_CONTEXT
0
POLYLINE
8
BUILDINGS_CONTEXT
66
1
10
0
20
0
30
0
39
17.079
70
1
0
VERTEX
8
BUILDINGS_CONTEXT
10
452.9
20
-130.691
30
0
0
VERTEX
8
BUILDINGS_CONTEXT
10
422.715
20
-129.785
30
0
0
VERTEX
8
BUILDINGS_CONTEXT
10
422.256
20
-145.084
30
0
0
VERTEX
8
BUILDINGS_CONTEXT
10
452.441
20
-145.989
30
0
0
SEQEND
8
BUILDINGS_CONTEXT
0
POLYLINE
8
BUILDINGS_CONTEXT
66
1
10
0
20
0
30
0
39
13.2
70
1
0
VERTEX
8
BUILDINGS_CONTEXT
10
452.441
20
-145.989
30
0
0
VERTEX
8
BUILDINGS_CONTEXT
10
440.979
20
-145.646
30
0
0
VERTEX
8
BUILDINGS_CONTEXT
10
440.304
20
-168.124
30
0
0
VERTEX
8
BUILDINGS_CONTEXT
10
451.766
20
-168.468
30
0
0
SEQEND
8
BUILDINGS_CONTEXT
0
POLYLINE
8
BUILDINGS_CONTEXT
66
1
10
0
20
0
30
0
39
20.507
70
1
0
VERTEX
8
BUILDINGS_CONTEXT
10
476.748
20
-131.406
30
0
0
VERTEX
8
BUILDINGS_CONTEXT
10
452.9
20
-130.691
30
0
0
VERTEX
8
BUILDINGS_CONTEXT
10
452.471
20
-144.966
30
0
0
VERTEX
8
BUILDINGS_CONTEXT
10
476.32
20
-145.682
30
0
0
SEQEND
8
BUILDINGS_CONTEXT
0
POLYLINE
8
BUILDINGS_CONTEXT
66
1
10
0
20
0
30
0
39
16.6
70
1
0
VERTEX
8
BUILDINGS_CONTEXT
10
462.869
20
-145.278
30
0
0
VERTEX
8
BUILDINGS_CONTEXT
10
452.471
20
-144.966
30
0
0
VERTEX
8
BUILDINGS_CONTEXT
10
451.958
20
-162.083
30
0
0
VERTEX
8
BUILDINGS_CONTEXT
10
462.355
20
-162.395
30
0
0
SEQEND
8
BUILDINGS_CONTEXT
0
POLYLINE
8
BUILDINGS_CONTEXT
66
1
10
0
20
0
30
0
39
20.416
70
1
0
VERTEX
8
BUILDINGS_CONTEXT
10
513.628
20
-132.512
30
0
0
VERTEX
8
BUILDINGS_CONTEXT
10
476.748
20
-131.406
30
0
0
VERTEX
8
BUILDINGS_CONTEXT
10
476.274
20
-147.232
30
0
0
VERTEX
8
BUILDINGS_CONTEXT
10
513.153
20
-148.338
30
0
0
SEQEND
8
BUILDINGS_CONTEXT
0
POLYLINE
8
BUILDINGS_CONTEXT
66
1
10
0
20
0
30
0
39
20.999
70
1
0
VERTEX
8
BUILDINGS_CONTEXT
10
532.005
20
-133.064
30
0
0
VERTEX
8
BUILDINGS_CONTEXT
10
513.628
20
-132.512
30
0
0
VERTEX
8
BUILDINGS_CONTEXT
10
513.188
20
-147.19
30
0
0
VERTEX
8
BUILDINGS_CONTEXT
10
531.565
20
-147.741
30
0
0
SEQEND
8
BUILDINGS_CONTEXT
0
POLYLINE
8
BUILDINGS_CONTEXT
66
1
10
0
20
0
30
0
39
24.622
70
1
0
VERTEX
8
BUILDINGS_CONTEXT
10
562.72
20
-133.985
30
0
0
VERTEX
8
BUILDINGS_CONTEXT
10
532.005
20
-133.064
30
0
0
VERTEX
8
BUILDINGS_CONTEXT
10
531.589
20
-146.925
30
0
0
VERTEX
8
BUILDINGS_CONTEXT
10
562.304
20
-147.847
30
0
0
SEQEND
8
BUILDINGS_CONTEXT
0
POLYLINE
8
BUILDINGS_CONTEXT
66
1
10
0
20
0
30
0
39
20.534
70
1
0
VERTEX
8
BUILDINGS_CONTEXT
10
599.937
20
-135.102
30
0
0
VERTEX
8
BUILDINGS_CONTEXT
10
562.72
20
-133.985
30
0
0
VERTEX
8
BUILDINGS_CONTEXT
10
562.273
20
-148.866
30
0
0
VERTEX
8
BUILDINGS_CONTEXT
10
599.491
20
-149.982
30
0
0
SEQEND
8
BUILDINGS_CONTEXT
0
POLYLINE
8
BUILDINGS_CONTEXT
66
1
10
0
20
0
30
0
39
20.468
70
1
0
VERTEX
8
BUILDINGS_CONTEXT
10
621.408
20
-135.746
30
0
0
VERTEX
8
BUILDINGS_CONTEXT
10
599.937
20
-135.102
30
0
0
VERTEX
8
BUILDINGS_CONTEXT
10
599.543
20
-148.227
30
0
0
VERTEX
8
BUILDINGS_CONTEXT
10
621.015
20
-148.871
30
0
0
SEQEND
8
BUILDINGS_CONTEXT
0
POLYLINE
8
BUILDINGS_CONTEXT
66
1
10
0
20
0
30
0
39
23.964
70
1
0
VERTEX
8
BUILDINGS_CONTEXT
10
634.716
20
-136.145
30
0
0
VERTEX
8
BUILDINGS_CONTEXT
10
621.408
20
-135.746
30
0
0
VERTEX
8
BUILDINGS_CONTEXT
10
621.006
20
-149.15
30
0
0
VERTEX
8
BUILDINGS_CONTEXT
10
634.314
20
-149.549
30
0
0
SEQEND
8
BUILDINGS_CONTEXT
0
POLYLINE
8
BUILDINGS_CONTEXT
66
1
10
0
20
0
30
0
39
21.267
70
1
0
VERTEX
8
BUILDINGS_CONTEXT
10
47.077
20
-171.417
30
0
0
VERTEX
8
BUILDINGS_CONTEXT
10
45.889
20
-205.102
30
0
0
VERTEX
8
BUILDINGS_CONTEXT
10
59.629
20
-205.586
30
0
0
VERTEX
8
BUILDINGS_CONTEXT
10
60.816
20
-171.902
30
0
0
SEQEND
8
BUILDINGS_CONTEXT
0
POLYLINE
8
BUILDINGS_CONTEXT
66
1
10
0
20
0
30
0
39
17.387
70
1
0
VERTEX
8
BUILDINGS_CONTEXT
10
45.889
20
-205.102
30
0
0
VERTEX
8
BUILDINGS_CONTEXT
10
45.096
20
-227.602
30
0
0
VERTEX
8
BUILDINGS_CONTEXT
10
59.544
20
-228.111
30
0
0
VERTEX
8
BUILDINGS_CONTEXT
10
60.337
20
-205.611
30
0
0
SEQEND
8
BUILDINGS_CONTEXT
0
POLYLINE
8
BUILDINGS_CONTEXT
66
1
10
0
20
0
30
0
39
13.2
70
1
0
VERTEX
8
BUILDINGS_CONTEXT
10
60.337
20
-205.611
30
0
0
VERTEX
8
BUILDINGS_CONTEXT
10
59.881
20
-218.555
30
0
0
VERTEX
8
BUILDINGS_CONTEXT
10
90.416
20
-219.631
30
0
0
VERTEX
8
BUILDINGS_CONTEXT
10
90.872
20
-206.688
30
0
0
SEQEND
8
BUILDINGS_CONTEXT
0
POLYLINE
8
BUILDINGS_CONTEXT
66
1
10
0
20
0
30
0
39
17.882
70
1
0
VERTEX
8
BUILDINGS_CONTEXT
10
45.096
20
-227.602
30
0
0
VERTEX
8
BUILDINGS_CONTEXT
10
44.262
20
-251.276
30
0
0
VERTEX
8
BUILDINGS_CONTEXT
10
60.597
20
-251.851
30
0
0
VERTEX
8
BUILDINGS_CONTEXT
10
61.432
20
-228.178
30
0
0
SEQEND
8
BUILDINGS_CONTEXT
0
POLYLINE
8
BUILDINGS_CONTEXT
66
1
10
0
20
0
30
0
39
13.2
70
1
0
VERTEX
8
BUILDINGS_CONTEXT
10
61.051
20
-238.977
30
0
0
VERTEX
8
BUILDINGS_CONTEXT
10
60.597
20
-251.851
30
0
0
VERTEX
8
BUILDINGS_CONTEXT
10
79.886
20
-252.532
30
0
0
VERTEX
8
BUILDINGS_CONTEXT
10
80.34
20
-239.657
30
0
0
SEQEND
8
BUILDINGS_CONTEXT
0
POLYLINE
8
BUILDINGS_CONTEXT
66
1
10
0
20
0
30
0
39
21.56
70
1
0
VERTEX
8
BUILDINGS_CONTEXT
10
44.262
20
-251.276
30
0
0
VERTEX
8
BUILDINGS_CONTEXT
10
43.379
20
-276.296
30
0
0
VERTEX
8
BUILDINGS_CONTEXT
10
59.171
20
-276.853
30
0
0
VERTEX
8
BUILDINGS_CONTEXT
10
60.054
20
-251.832
30
0
0
SEQEND
8
BUILDINGS_CONTEXT
0
POLYLINE
8
BUILDINGS_CONTEXT
66
1
10
0
20
0
30
0
39
17.2
70
1
0
VERTEX
8
BUILDINGS_CONTEXT
10
43.379
20
-276.296
30
0
0
VERTEX
8
BUILDINGS_CONTEXT
10
42.08
20
-313.16
30
0
0
VERTEX
8
BUILDINGS_CONTEXT
10
58.948
20
-313.755
30
0
0
VERTEX
8
BUILDINGS_CONTEXT
10
60.248
20
-276.891
30
0
0
SEQEND
8
BUILDINGS_CONTEXT
0
POLYLINE
8
BUILDINGS_CONTEXT
66
1
10
0
20
0
30
0
39
20.911
70
1
0
VERTEX
8
BUILDINGS_CONTEXT
10
42.08
20
-313.16
30
0
0
VERTEX
8
BUILDINGS_CONTEXT
10
40.805
20
-349.32
30
0
0
VERTEX
8
BUILDINGS_CONTEXT
10
57.054
20
-349.893
30
0
0
VERTEX
8
BUILDINGS_CONTEXT
10
58.329
20
-313.733
30
0
0
SEQEND
8
BUILDINGS_CONTEXT
0
POLYLINE
8
BUILDINGS_CONTEXT
66
1
10
0
20
0
30
0
39
20
70
1
0
VERTEX
8
BUILDINGS_CONTEXT
10
57.43
20
-339.215
30
0
0
VERTEX
8
BUILDINGS_CONTEXT
10
57.054
20
-349.893
30
0
0
VERTEX
8
BUILDINGS_CONTEXT
10
88.057
20
-350.986
30
0
0
VERTEX
8
BUILDINGS_CONTEXT
10
88.433
20
-340.308
30
0
0
SEQEND
8
BUILDINGS_CONTEXT
0
POLYLINE
8
BUILDINGS_CONTEXT
66
1
10
0
20
0
30
0
39
17.813
70
1
0
VERTEX
8
BUILDINGS_CONTEXT
10
40.805
20
-349.32
30
0
0
VERTEX
8
BUILDINGS_CONTEXT
10
39.597
20
-383.573
30
0
0
VERTEX
8
BUILDINGS_CONTEXT
10
54.641
20
-384.103
30
0
0
VERTEX
8
BUILDINGS_CONTEXT
10
55.849
20
-349.851
30
0
0
SEQEND
8
BUILDINGS_CONTEXT
0
POLYLINE
8
BUILDINGS_CONTEXT
66
1
10
0
20
0
30
0
39
13.2
70
1
0
VERTEX
8
BUILDINGS_CONTEXT
10
55.007
20
-373.717
30
0
0
VERTEX
8
BUILDINGS_CONTEXT
10
54.641
20
-384.103
30
0
0
VERTEX
8
BUILDINGS_CONTEXT
10
72.469
20
-384.732
30
0
0
VERTEX
8
BUILDINGS_CONTEXT
10
72.836
20
-374.346
30
0
0
SEQEND
8
BUILDINGS_CONTEXT
0
POLYLINE
8
BUILDINGS_CONTEXT
66
1
10
0
20
0
30
0
39
20.576
70
1
0
VERTEX
8
BUILDINGS_CONTEXT
10
39.597
20
-383.573
30
0
0
VERTEX
8
BUILDINGS_CONTEXT
10
38.835
20
-405.199
30
0
0
VERTEX
8
BUILDINGS_CONTEXT
10
52.022
20
-405.664
30
0
0
VERTEX
8
BUILDINGS_CONTEXT
10
52.785
20
-384.038
30
0
0
SEQEND
8
BUILDINGS_CONTEXT
0
POLYLINE
8
BUILDINGS_CONTEXT
66
1
10
0
20
0
30
0
39
16.6
70
1
0
VERTEX
8
BUILDINGS_CONTEXT
10
52.785
20
-384.038
30
0
0
VERTEX
8
BUILDINGS_CONTEXT
10
52.409
20
-394.703
30
0
0
VERTEX
8
BUILDINGS_CONTEXT
10
72.951
20
-395.427
30
0
0
VERTEX
8
BUILDINGS_CONTEXT
10
73.327
20
-384.762
30
0
0
SEQEND
8
BUILDINGS_CONTEXT
0
POLYLINE
8
BUILDINGS_CONTEXT
66
1
10
0
20
0
30
0
39
21.24
70
1
0
VERTEX
8
BUILDINGS_CONTEXT
10
20.617
20
-206.702
30
0
0
VERTEX
8
BUILDINGS_CONTEXT
10
21.188
20
-190.517
30
0
0
VERTEX
8
BUILDINGS_CONTEXT
10
6.467
20
-189.998
30
0
0
VERTEX
8
BUILDINGS_CONTEXT
10
5.897
20
-206.183
30
0
0
SEQEND
8
BUILDINGS_CONTEXT
0
POLYLINE
8
BUILDINGS_CONTEXT
66
1
10
0
20
0
30
0
39
17.394
70
1
0
VERTEX
8
BUILDINGS_CONTEXT
10
19.879
20
-227.643
30
0
0
VERTEX
8
BUILDINGS_CONTEXT
10
20.617
20
-206.702
30
0
0
VERTEX
8
BUILDINGS_CONTEXT
10
7.402
20
-206.236
30
0
0
VERTEX
8
BUILDINGS_CONTEXT
10
6.663
20
-227.177
30
0
0
SEQEND
8
BUILDINGS_CONTEXT
0
POLYLINE
8
BUILDINGS_CONTEXT
66
1
10
0
20
0
30
0
39
13.2
70
1
0
VERTEX
8
BUILDINGS_CONTEXT
10
6.663
20
-227.177
30
0
0
VERTEX
8
BUILDINGS_CONTEXT
10
7.033
20
-216.694
30
0
0
VERTEX
8
BUILDINGS_CONTEXT
10
-11.564
20
-216.038
30
0
0
VERTEX
8
BUILDINGS_CONTEXT
10
-11.933
20
-226.521
30
0
0
SEQEND
8
BUILDINGS_CONTEXT
0
POLYLINE
8
BUILDINGS_CONTEXT
66
1
10
0
20
0
30
0
39
17.239
70
1
0
VERTEX
8
BUILDINGS_CONTEXT
10
18.81
20
-257.968
30
0
0
VERTEX
8
BUILDINGS_CONTEXT
10
19.879
20
-227.643
30
0
0
VERTEX
8
BUILDINGS_CONTEXT
10
6.785
20
-227.181
30
0
0
VERTEX
8
BUILDINGS_CONTEXT
10
5.716
20
-257.506
30
0
0
SEQEND
8
BUILDINGS_CONTEXT
0
POLYLINE
8
BUILDINGS_CONTEXT
66
1
10
0
20
0
30
0
39
18.038
70
1
0
VERTEX
8
BUILDINGS_CONTEXT
10
17.617
20
-291.8
30
0
0
VERTEX
8
BUILDINGS_CONTEXT
10
18.81
20
-257.968
30
0
0
VERTEX
8
BUILDINGS_CONTEXT
10
2.93
20
-257.408
30
0
0
VERTEX
8
BUILDINGS_CONTEXT
10
1.738
20
-291.241
30
0
0
SEQEND
8
BUILDINGS_CONTEXT
0
POLYLINE
8
BUILDINGS_CONTEXT
66
1
10
0
20
0
30
0
39
13.2
70
1
0
VERTEX
8
BUILDINGS_CONTEXT
10
2.48
20
-270.171
30
0
0
VERTEX
8
BUILDINGS_CONTEXT
10
2.93
20
-257.408
30
0
0
VERTEX
8
BUILDINGS_CONTEXT
10
-20.109
20
-256.596
30
0
0
VERTEX
8
BUILDINGS_CONTEXT
10
-20.559
20
-269.359
30
0
0
SEQEND
8
BUILDINGS_CONTEXT
0
POLYLINE
8
BUILDINGS_CONTEXT
66
1
10
0
20
0
30
0
39
17.426
70
1
0
VERTEX
8
BUILDINGS_CONTEXT
10
16.523
20
-322.83
30
0
0
VERTEX
8
BUILDINGS_CONTEXT
10
17.617
20
-291.8
30
0
0
VERTEX
8
BUILDINGS_CONTEXT
10
2.55
20
-291.269
30
0
0
VERTEX
8
BUILDINGS_CONTEXT
10
1.456
20
-322.298
30
0
0
SEQEND
8
BUILDINGS_CONTEXT
0
POLYLINE
8
BUILDINGS_CONTEXT
66
1
10
0
20
0
30
0
39
13.2
70
1
0
VERTEX
8
BUILDINGS_CONTEXT
10
2.133
20
-303.105
30
0
0
VERTEX
8
BUILDINGS_CONTEXT
10
2.55
20
-291.269
30
0
0
VERTEX
8
BUILDINGS_CONTEXT
10
-16.18
20
-290.609
30
0
0
VERTEX
8
BUILDINGS_CONTEXT
10
-16.598
20
-302.445
30
0
0
SEQEND
8
BUILDINGS_CONTEXT
0
POLYLINE
8
BUILDINGS_CONTEXT
66
1
10
0
20
0
30
0
39
21.142
70
1
0
VERTEX
8
BUILDINGS_CONTEXT
10
15.6
20
-349.008
30
0
0
VERTEX
8
BUILDINGS_CONTEXT
10
16.523
20
-322.83
30
0
0
VERTEX
8
BUILDINGS_CONTEXT
10
0.635
20
-322.269
30
0
0
VERTEX
8
BUILDINGS_CONTEXT
10
-0.288
20
-348.448
30
0
0
SEQEND
8
BUILDINGS_CONTEXT
0
POLYLINE
8
BUILDINGS_CONTEXT
66
1
10
0
20
0
30
0
39
16.6
70
1
0
VERTEX
8
BUILDINGS_CONTEXT
10
0.185
20
-335.026
30
0
0
VERTEX
8
BUILDINGS_CONTEXT
10
0.635
20
-322.269
30
0
0
VERTEX
8
BUILDINGS_CONTEXT
10
-22.904
20
-321.44
30
0
0
VERTEX
8
BUILDINGS_CONTEXT
10
-23.354
20
-334.196
30
0
0
SEQEND
8
BUILDINGS_CONTEXT
0
POLYLINE
8
BUILDINGS_CONTEXT
66
1
10
0
20
0
30
0
39
21.563
70
1
0
VERTEX
8
BUILDINGS_CONTEXT
10
14.878
20
-369.506
30
0
0
VERTEX
8
BUILDINGS_CONTEXT
10
15.6
20
-349.008
30
0
0
VERTEX
8
BUILDINGS_CONTEXT
10
2.07
20
-348.531
30
0
0
VERTEX
8
BUILDINGS_CONTEXT
10
1.347
20
-369.029
30
0
0
SEQEND
8
BUILDINGS_CONTEXT
0
POLYLINE
8
BUILDINGS_CONTEXT
66
1
10
0
20
0
30
0
39
24.811
70
1
0
VERTEX
8
BUILDINGS_CONTEXT
10
14.3
20
-385.9
30
0
0
VERTEX
8
BUILDINGS_CONTEXT
10
14.878
20
-369.506
30
0
0
VERTEX
8
BUILDINGS_CONTEXT
10
-1.555
20
-368.927
30
0
0
VERTEX
8
BUILDINGS_CONTEXT
10
-2.133
20
-385.321
30
0
0
SEQEND
8
BUILDINGS_CONTEXT
0
POLYLINE
8
BUILDINGS_CONTEXT
66
1
10
0
20
0
30
0
39
23.4
70
1
0
VERTEX
8
BUILDINGS_CONTEXT
10
-2.133
20
-385.321
30
0
0
VERTEX
8
BUILDINGS_CONTEXT
10
-1.716
20
-373.504
30
0
0
VERTEX
8
BUILDINGS_CONTEXT
10
-25.23
20
-372.675
30
0
0
VERTEX
8
BUILDINGS_CONTEXT
10
-25.647
20
-384.492
30
0
0
SEQEND
8
BUILDINGS_CONTEXT
0
POLYLINE
8
BUILDINGS_CONTEXT
66
1
10
0
20
0
30
0
39
24.242
70
1
0
VERTEX
8
BUILDINGS_CONTEXT
10
13.596
20
-405.844
30
0
0
VERTEX
8
BUILDINGS_CONTEXT
10
14.3
20
-385.9
30
0
0
VERTEX
8
BUILDINGS_CONTEXT
10
0.225
20
-385.404
30
0
0
VERTEX
8
BUILDINGS_CONTEXT
10
-0.478
20
-405.347
30
0
0
SEQEND
8
BUILDINGS_CONTEXT
0
POLYLINE
8
BUILDINGS_CONTEXT
66
1
10
0
20
0
30
0
39
23.4
70
1
0
VERTEX
8
BUILDINGS_CONTEXT
10
-0.478
20
-405.347
30
0
0
VERTEX
8
BUILDINGS_CONTEXT
10
-0.071
20
-393.81
30
0
0
VERTEX
8
BUILDINGS_CONTEXT
10
-27.393
20
-392.847
30
0
0
VERTEX
8
BUILDINGS_CONTEXT
10
-27.799
20
-404.384
30
0
0
SEQEND
8
BUILDINGS_CONTEXT
0
POLYLINE
8
BUILDINGS_CONTEXT
66
1
10
0
20
0
30
0
39
23.913
70
1
0
VERTEX
8
BUILDINGS_CONTEXT
10
-0.512
20
-187.668
30
0
0
VERTEX
8
BUILDINGS_CONTEXT
10
-16.549
20
-190.732
30
0
0
VERTEX
8
BUILDINGS_CONTEXT
10
-13.984
20
-204.157
30
0
0
VERTEX
8
BUILDINGS_CONTEXT
10
2.053
20
-201.092
30
0
0
SEQEND
8
BUILDINGS_CONTEXT
0
POLYLINE
8
BUILDINGS_CONTEXT
66
1
10
0
20
0
30
0
39
18.072
70
1
0
VERTEX
8
BUILDINGS_CONTEXT
10
-16.549
20
-190.732
30
0
0
VERTEX
8
BUILDINGS_CONTEXT
10
-50.594
20
-197.239
30
0
0
VERTEX
8
BUILDINGS_CONTEXT
10
-47.92
20
-211.234
30
0
0
VERTEX
8
BUILDINGS_CONTEXT
10
-13.874
20
-204.728
30
0
0
SEQEND
8
BUILDINGS_CONTEXT
0
POLYLINE
8
BUILDINGS_CONTEXT
66
1
10
0
20
0
30
0
39
20.67
70
1
0
VERTEX
8
BUILDINGS_CONTEXT
10
-50.594
20
-197.239
30
0
0
VERTEX
8
BUILDINGS_CONTEXT
10
-76.445
20
-202.179
30
0
0
VERTEX
8
BUILDINGS_CONTEXT
10
-73.89
20
-215.549
30
0
0
VERTEX
8
BUILDINGS_CONTEXT
10
-48.039
20
-210.608
30
0
0
SEQEND
8
BUILDINGS_CONTEXT
0
POLYLINE
8
BUILDINGS_CONTEXT
66
1
10
0
20
0
30
0
39
16.6
70
1
0
VERTEX
8
BUILDINGS_CONTEXT
10
-61.539
20
-213.188
30
0
0
VERTEX
8
BUILDINGS_CONTEXT
10
-73.89
20
-215.549
30
0
0
VERTEX
8
BUILDINGS_CONTEXT
10
-70.373
20
-233.95
30
0
0
VERTEX
8
BUILDINGS_CONTEXT
10
-58.022
20
-231.59
30
0
0
SEQEND
8
BUILDINGS_CONTEXT
0
POLYLINE
8
BUILDINGS_CONTEXT
66
1
10
0
20
0
30
0
39
24.95
70
1
0
VERTEX
8
BUILDINGS_CONTEXT
10
-76.445
20
-202.179
30
0
0
VERTEX
8
BUILDINGS_CONTEXT
10
-98.152
20
-206.328
30
0
0
VERTEX
8
BUILDINGS_CONTEXT
10
-94.99
20
-222.872
30
0
0
VERTEX
8
BUILDINGS_CONTEXT
10
-73.283
20
-218.724
30
0
0
SEQEND
8
BUILDINGS_CONTEXT
0
POLYLINE
8
BUILDINGS_CONTEXT
66
1
10
0
20
0
30
0
39
20
70
1
0
VERTEX
8
BUILDINGS_CONTEXT
10
-73.283
20
-218.724
30
0
0
VERTEX
8
BUILDINGS_CONTEXT
10
-83.995
20
-220.771
30
0
0
VERTEX
8
BUILDINGS_CONTEXT
10
-78.293
20
-250.608
30
0
0
VERTEX
8
BUILDINGS_CONTEXT
10
-67.581
20
-248.561
30
0
0
SEQEND
8
BUILDINGS_CONTEXT
0
POLYLINE
8
BUILDINGS_CONTEXT
66
1
10
0
20
0
30
0
39
17.173
70
1
0
VERTEX
8
BUILDINGS_CONTEXT
10
-98.152
20
-206.328
30
0
0
VERTEX
8
BUILDINGS_CONTEXT
10
-119.67
20
-210.44
30
0
0
VERTEX
8
BUILDINGS_CONTEXT
10
-116.805
20
-225.43
30
0
0
VERTEX
8
BUILDINGS_CONTEXT
10
-95.287
20
-221.318
30
0
0
SEQEND
8
BUILDINGS_CONTEXT
0
POLYLINE
8
BUILDINGS_CONTEXT
66
1
10
0
20
0
30
0
39
16.6
70
1
0
VERTEX
8
BUILDINGS_CONTEXT
10
-95.287
20
-221.318
30
0
0
VERTEX
8
BUILDINGS_CONTEXT
10
-107.241
20
-223.603
30
0
0
VERTEX
8
BUILDINGS_CONTEXT
10
-102.934
20
-246.142
30
0
0
VERTEX
8
BUILDINGS_CONTEXT
10
-90.979
20
-243.858
30
0
0
SEQEND
8
BUILDINGS_CONTEXT
0
POLYLINE
8
BUILDINGS_CONTEXT
66
1
10
0
20
0
30
0
39
23.956
70
1
0
VERTEX
8
BUILDINGS_CONTEXT
10
-119.67
20
-210.44
30
0
0
VERTEX
8
BUILDINGS_CONTEXT
10
-139.732
20
-214.274
30
0
0
VERTEX
8
BUILDINGS_CONTEXT
10
-136.935
20
-228.906
30
0
0
VERTEX
8
BUILDINGS_CONTEXT
10
-116.873
20
-225.072
30
0
0
SEQEND
8
BUILDINGS_CONTEXT
0
POLYLINE
8
BUILDINGS_CONTEXT
66
1
10
0
20
0
30
0
39
23.4
70
1
0
VERTEX
8
BUILDINGS_CONTEXT
10
-116.873
20
-225.072
30
0
0
VERTEX
8
BUILDINGS_CONTEXT
10
-127.122
20
-227.031
30
0
0
VERTEX
8
BUILDINGS_CONTEXT
10
-121.643
20
-255.699
30
0
0
VERTEX
8
BUILDINGS_CONTEXT
10
-111.394
20
-253.741
30
0
0
SEQEND
8
BUILDINGS_CONTEXT
0
POLYLINE
8
BUILDINGS_CONTEXT
66
1
10
0
20
0
30
0
39
17.75
70
1
0
VERTEX
8
BUILDINGS_CONTEXT
10
-139.732
20
-214.274
30
0
0
VERTEX
8
BUILDINGS_CONTEXT
10
-156.588
20
-217.495
30
0
0
VERTEX
8
BUILDINGS_CONTEXT
10
-154.105
20
-230.487
30
0
0
VERTEX
8
BUILDINGS_CONTEXT
10
-137.249
20
-227.265
30
0
0
SEQEND
8
BUILDINGS_CONTEXT
0
POLYLINE
8
BUILDINGS_CONTEXT
66
1
10
0
20
0
30
0
39
13.2
70
1
0
VERTEX
8
BUILDINGS_CONTEXT
10
-137.249
20
-227.265
30
0
0
VERTEX
8
BUILDINGS_CONTEXT
10
-147.261
20
-229.179
30
0
0
VERTEX
8
BUILDINGS_CONTEXT
10
-144.012
20
-246.178
30
0
0
VERTEX
8
BUILDINGS_CONTEXT
10
-134
20
-244.265
30
0
0
SEQEND
8
BUILDINGS_CONTEXT
0
POLYLINE
8
BUILDINGS_CONTEXT
66
1
10
0
20
0
30
0
39
24.876
70
1
0
VERTEX
8
BUILDINGS_CONTEXT
10
-156.588
20
-217.495
30
0
0
VERTEX
8
BUILDINGS_CONTEXT
10
-188.428
20
-223.58
30
0
0
VERTEX
8
BUILDINGS_CONTEXT
10
-185.289
20
-240.006
30
0
0
VERTEX
8
BUILDINGS_CONTEXT
10
-153.449
20
-233.921
30
0
0
SEQEND
8
BUILDINGS_CONTEXT
0
POLYLINE
8
BUILDINGS_CONTEXT
66
1
10
0
20
0
30
0
39
20
70
1
0
VERTEX
8
BUILDINGS_CONTEXT
10
-173.046
20
-237.666
30
0
0
VERTEX
8
BUILDINGS_CONTEXT
10
-185.289
20
-240.006
30
0
0
VERTEX
8
BUILDINGS_CONTEXT
10
-179.955
20
-267.915
30
0
0
VERTEX
8
BUILDINGS_CONTEXT
10
-167.712
20
-265.575
30
0
0
SEQEND
8
BUILDINGS_CONTEXT
0
POLYLINE
8
BUILDINGS_CONTEXT
66
1
10
0
20
0
30
0
39
23.888
70
1
0
VERTEX
8
BUILDINGS_CONTEXT
10
-200.828
20
-225.985
30
0
0
VERTEX
8
BUILDINGS_CONTEXT
10
-230.375
20
-231.992
30
0
0
VERTEX
8
BUILDINGS_CONTEXT
10
-227.527
20
-245.999
30
0
0
VERTEX
8
BUILDINGS_CONTEXT
10
-197.98
20
-239.993
30
0
0
SEQEND
8
BUILDINGS_CONTEXT
0
POLYLINE
8
BUILDINGS_CONTEXT
66
1
10
0
20
0
30
0
39
23.4
70
1
0
VERTEX
8
BUILDINGS_CONTEXT
10
-216.097
20
-243.676
30
0
0
VERTEX
8
BUILDINGS_CONTEXT
10
-227.527
20
-245.999
30
0
0
VERTEX
8
BUILDINGS_CONTEXT
10
-220.924
20
-278.479
30
0
0
VERTEX
8
BUILDINGS_CONTEXT
10
-209.494
20
-276.155
30
0
0
SEQEND
8
BUILDINGS_CONTEXT
0
POLYLINE
8
BUILDINGS_CONTEXT
66
1
10
0
20
0
30
0
39
24.603
70
1
0
VERTEX
8
BUILDINGS_CONTEXT
10
-230.375
20
-231.992
30
0
0
VERTEX
8
BUILDINGS_CONTEXT
10
-258.979
20
-237.807
30
0
0
VERTEX
8
BUILDINGS_CONTEXT
10
-256.223
20
-251.364
30
0
0
VERTEX
8
BUILDINGS_CONTEXT
10
-227.619
20
-245.549
30
0
0
SEQEND
8
BUILDINGS_CONTEXT
0
POLYLINE
8
BUILDINGS_CONTEXT
66
1
10
0
20
0
30
0
39
24.064
70
1
0
VERTEX
8
BUILDINGS_CONTEXT
10
-258.979
20
-237.807
30
0
0
VERTEX
8
BUILDINGS_CONTEXT
10
-290.563
20
-244.228
30
0
0
VERTEX
8
BUILDINGS_CONTEXT
10
-287.552
20
-259.043
30
0
0
VERTEX
8
BUILDINGS_CONTEXT
10
-255.967
20
-252.622
30
0
0
SEQEND
8
BUILDINGS_CONTEXT
0
POLYLINE
8
BUILDINGS_CONTEXT
66
1
10
0
20
0
30
0
39
23.4
70
1
0
VERTEX
8
BUILDINGS_CONTEXT
10
-275.025
20
-256.496
30
0
0
VERTEX
8
BUILDINGS_CONTEXT
10
-287.552
20
-259.043
30
0
0
VERTEX
8
BUILDINGS_CONTEXT
10
-281.512
20
-288.748
30
0
0
VERTEX
8
BUILDINGS_CONTEXT
10
-268.986
20
-286.202
30
0
0
SEQEND
8
BUILDINGS_CONTEXT
0
POLYLINE
8
BUILDINGS_CONTEXT
66
1
10
0
20
0
30
0
39
18.169
70
1
0
VERTEX
8
BUILDINGS_CONTEXT
10
-290.563
20
-244.228
30
0
0
VERTEX
8
BUILDINGS_CONTEXT
10
-309.183
20
-248.013
30
0
0
VERTEX
8
BUILDINGS_CONTEXT
10
-306.184
20
-262.768
30
0
0
VERTEX
8
BUILDINGS_CONTEXT
10
-287.564
20
-258.983
30
0
0
SEQEND
8
BUILDINGS_CONTEXT
0
POLYLINE
8
BUILDINGS_CONTEXT
66
1
10
0
20
0
30
0
39
24.627
70
1
0
VERTEX
8
BUILDINGS_CONTEXT
10
-309.183
20
-248.013
30
0
0
VERTEX
8
BUILDINGS_CONTEXT
10
-325.06
20
-251.241
30
0
0
VERTEX
8
BUILDINGS_CONTEXT
10
-322.208
20
-265.267
30
0
0
VERTEX
8
BUILDINGS_CONTEXT
10
-306.332
20
-262.039
30
0
0
SEQEND
8
BUILDINGS_CONTEXT
0
POLYLINE
8
BUILDINGS_CONTEXT
66
1
10
0
20
0
30
0
39
20.464
70
1
0
VERTEX
8
BUILDINGS_CONTEXT
10
-325.06
20
-251.241
30
0
0
VERTEX
8
BUILDINGS_CONTEXT
10
-352.633
20
-256.847
30
0
0
VERTEX
8
BUILDINGS_CONTEXT
10
-349.695
20
-271.296
30
0
0
VERTEX
8
BUILDINGS_CONTEXT
10
-322.122
20
-265.691
30
0
0
SEQEND
8
BUILDINGS_CONTEXT
0
POLYLINE
8
BUILDINGS_CONTEXT
66
1
10
0
20
0
30
0
39
16.6
70
1
0
VERTEX
8
BUILDINGS_CONTEXT
10
-322.122
20
-265.691
30
0
0
VERTEX
8
BUILDINGS_CONTEXT
10
-334.732
20
-268.254
30
0
0
VERTEX
8
BUILDINGS_CONTEXT
10
-331.162
20
-285.816
30
0
0
VERTEX
8
BUILDINGS_CONTEXT
10
-318.552
20
-283.253
30
0
0
SEQEND
8
BUILDINGS_CONTEXT
0
POLYLINE
8
BUILDINGS_CONTEXT
66
1
10
0
20
0
30
0
39
17.822
70
1
0
VERTEX
8
BUILDINGS_CONTEXT
10
-352.633
20
-256.847
30
0
0
VERTEX
8
BUILDINGS_CONTEXT
10
-377.928
20
-261.989
30
0
0
VERTEX
8
BUILDINGS_CONTEXT
10
-375.142
20
-275.696
30
0
0
VERTEX
8
BUILDINGS_CONTEXT
10
-349.846
20
-270.553
30
0
0
SEQEND
8
BUILDINGS_CONTEXT
0
POLYLINE
8
BUILDINGS_CONTEXT
66
1
10
0
20
0
30
0
39
13.2
70
1
0
VERTEX
8
BUILDINGS_CONTEXT
10
-349.846
20
-270.553
30
0
0
VERTEX
8
BUILDINGS_CONTEXT
10
-361.591
20
-272.941
30
0
0
VERTEX
8
BUILDINGS_CONTEXT
10
-358.001
20
-290.601
30
0
0
VERTEX
8
BUILDINGS_CONTEXT
10
-346.256
20
-288.213
30
0
0
SEQEND
8
BUILDINGS_CONTEXT
0
POLYLINE
8
BUILDINGS_CONTEXT
66
1
10
0
20
0
30
0
39
23.881
70
1
0
VERTEX
8
BUILDINGS_CONTEXT
10
-382.964
20
-262.974
30
0
0
VERTEX
8
BUILDINGS_CONTEXT
10
-401.215
20
-266.451
30
0
0
VERTEX
8
BUILDINGS_CONTEXT
10
-398.515
20
-280.628
30
0
0
VERTEX
8
BUILDINGS_CONTEXT
10
-380.263
20
-277.151
30
0
0
SEQEND
8
BUILDINGS_CONTEXT
0
POLYLINE
8
BUILDINGS_CONTEXT
66
1
10
0
20
0
30
0
39
24.818
70
1
0
VERTEX
8
BUILDINGS_CONTEXT
10
-450.943
20
-275.876
30
0
0
VERTEX
8
BUILDINGS_CONTEXT
10
-483.326
20
-281.855
30
0
0
VERTEX
8
BUILDINGS_CONTEXT
10
-480.705
20
-296.05
30
0
0
VERTEX
8
BUILDINGS_CONTEXT
10
-448.322
20
-290.072
30
0
0
SEQEND
8
BUILDINGS_CONTEXT
0
POLYLINE
8
BUILDINGS_CONTEXT
66
1
10
0
20
0
30
0
39
18.15
70
1
0
VERTEX
8
BUILDINGS_CONTEXT
10
-483.326
20
-281.855
30
0
0
VERTEX
8
BUILDINGS_CONTEXT
10
-513.841
20
-287.488
30
0
0
VERTEX
8
BUILDINGS_CONTEXT
10
-511.226
20
-301.65
30
0
0
VERTEX
8
BUILDINGS_CONTEXT
10
-480.711
20
-296.016
30
0
0
SEQEND
8
BUILDINGS_CONTEXT
0
POLYLINE
8
BUILDINGS_CONTEXT
66
1
10
0
20
0
30
0
39
24.647
70
1
0
VERTEX
8
BUILDINGS_CONTEXT
10
-513.841
20
-287.488
30
0
0
VERTEX
8
BUILDINGS_CONTEXT
10
-540.98
20
-292.498
30
0
0
VERTEX
8
BUILDINGS_CONTEXT
10
-538.352
20
-306.73
30
0
0
VERTEX
8
BUILDINGS_CONTEXT
10
-511.213
20
-301.72
30
0
0
SEQEND
8
BUILDINGS_CONTEXT
0
POLYLINE
8
BUILDINGS_CONTEXT
66
1
10
0
20
0
30
0
39
23.4
70
1
0
VERTEX
8
BUILDINGS_CONTEXT
10
-511.213
20
-301.72
30
0
0
VERTEX
8
BUILDINGS_CONTEXT
10
-522.078
20
-303.725
30
0
0
VERTEX
8
BUILDINGS_CONTEXT
10
-518.431
20
-323.483
30
0
0
VERTEX
8
BUILDINGS_CONTEXT
10
-507.566
20
-321.477
30
0
0
SEQEND
8
BUILDINGS_CONTEXT
0
POLYLINE
8
BUILDINGS_CONTEXT
66
1
10
0
20
0
30
0
39
18.187
70
1
0
VERTEX
8
BUILDINGS_CONTEXT
10
-540.98
20
-292.498
30
0
0
VERTEX
8
BUILDINGS_CONTEXT
10
-573.565
20
-298.514
30
0
0
VERTEX
8
BUILDINGS_CONTEXT
10
-570.519
20
-315.011
30
0
0
VERTEX
8
BUILDINGS_CONTEXT
10
-537.934
20
-308.995
30
0
0
SEQEND
8
BUILDINGS_CONTEXT
0
POLYLINE
8
BUILDINGS_CONTEXT
66
1
10
0
20
0
30
0
39
16.6
70
1
0
VERTEX
8
BUILDINGS_CONTEXT
10
-537.934
20
-308.995
30
0
0
VERTEX
8
BUILDINGS_CONTEXT
10
-549.841
20
-311.193
30
0
0
VERTEX
8
BUILDINGS_CONTEXT
10
-545.687
20
-333.69
30
0
0
VERTEX
8
BUILDINGS_CONTEXT
10
-533.781
20
-331.492
30
0
0
SEQEND
8
BUILDINGS_CONTEXT
0
POLYLINE
8
BUILDINGS_CONTEXT
66
1
10
0
20
0
30
0
39
20.469
70
1
0
VERTEX
8
BUILDINGS_CONTEXT
10
-573.565
20
-298.514
30
0
0
VERTEX
8
BUILDINGS_CONTEXT
10
-597.3
20
-302.896
30
0
0
VERTEX
8
BUILDINGS_CONTEXT
10
-594.641
20
-317.301
30
0
0
VERTEX
8
BUILDINGS_CONTEXT
10
-570.905
20
-312.919
30
0
0
SEQEND
8
BUILDINGS_CONTEXT
0
POLYLINE
8
BUILDINGS_CONTEXT
66
1
10
0
20
0
30
0
39
20.835
70
1
0
VERTEX
8
BUILDINGS_CONTEXT
10
-597.3
20
-302.896
30
0
0
VERTEX
8
BUILDINGS_CONTEXT
10
-614.44
20
-306.06
30
0
0
VERTEX
8
BUILDINGS_CONTEXT
10
-611.769
20
-320.526
30
0
0
VERTEX
8
BUILDINGS_CONTEXT
10
-594.629
20
-317.362
30
0
0
SEQEND
8
BUILDINGS_CONTEXT
0
POLYLINE
8
BUILDINGS_CONTEXT
66
1
10
0
20
0
30
0
39
16.6
70
1
0
VERTEX
8
BUILDINGS_CONTEXT
10
-601.869
20
-318.698
30
0
0
VERTEX
8
BUILDINGS_CONTEXT
10
-611.769
20
-320.526
30
0
0
VERTEX
8
BUILDINGS_CONTEXT
10
-608.025
20
-340.809
30
0
0
VERTEX
8
BUILDINGS_CONTEXT
10
-598.125
20
-338.981
30
0
0
SEQEND
8
BUILDINGS_CONTEXT
0
POLYLINE
8
BUILDINGS_CONTEXT
66
1
10
0
20
0
30
0
39
21.473
70
1
0
VERTEX
8
BUILDINGS_CONTEXT
10
-614.44
20
-306.06
30
0
0
VERTEX
8
BUILDINGS_CONTEXT
10
-636.109
20
-310.061
30
0
0
VERTEX
8
BUILDINGS_CONTEXT
10
-633.216
20
-325.732
30
0
0
VERTEX
8
BUILDINGS_CONTEXT
10
-611.547
20
-321.731
30
0
0
SEQEND
8
BUILDINGS_CONTEXT
0
POLYLINE
8
BUILDINGS_CONTEXT
66
1
10
0
20
0
30
0
39
21.58
70
1
0
VERTEX
8
BUILDINGS_CONTEXT
10
-70.312
20
-179.423
30
0
0
VERTEX
8
BUILDINGS_CONTEXT
10
-53.603
20
-176.23
30
0
0
VERTEX
8
BUILDINGS_CONTEXT
10
-56.317
20
-162.028
30
0
0
VERTEX
8
BUILDINGS_CONTEXT
10
-73.026
20
-165.222
30
0
0
SEQEND
8
BUILDINGS_CONTEXT
0
POLYLINE
8
BUILDINGS_CONTEXT
66
1
10
0
20
0
30
0
39
24.293
70
1
0
VERTEX
8
BUILDINGS_CONTEXT
10
-117.639
20
-188.468
30
0
0
VERTEX
8
BUILDINGS_CONTEXT
10
-94.868
20
-184.116
30
0
0
VERTEX
8
BUILDINGS_CONTEXT
10
-97.354
20
-171.109
30
0
0
VERTEX
8
BUILDINGS_CONTEXT
10
-120.125
20
-175.461
30
0
0
SEQEND
8
BUILDINGS_CONTEXT
0
POLYLINE
8
BUILDINGS_CONTEXT
66
1
10
0
20
0
30
0
39
24.787
70
1
0
VERTEX
8
BUILDINGS_CONTEXT
10
-140.036
20
-192.748
30
0
0
VERTEX
8
BUILDINGS_CONTEXT
10
-117.639
20
-188.468
30
0
0
VERTEX
8
BUILDINGS_CONTEXT
10
-120.316
20
-174.461
30
0
0
VERTEX
8
BUILDINGS_CONTEXT
10
-142.713
20
-178.742
30
0
0
SEQEND
8
BUILDINGS_CONTEXT
0
POLYLINE
8
BUILDINGS_CONTEXT
66
1
10
0
20
0
30
0
39
24.111
70
1
0
VERTEX
8
BUILDINGS_CONTEXT
10
-162.028
20
-196.951
30
0
0
VERTEX
8
BUILDINGS_CONTEXT
10
-140.036
20
-192.748
30
0
0
VERTEX
8
BUILDINGS_CONTEXT
10
-142.653
20
-179.055
30
0
0
VERTEX
8
BUILDINGS_CONTEXT
10
-164.645
20
-183.258
30
0
0
SEQEND
8
BUILDINGS_CONTEXT
0
POLYLINE
8
BUILDINGS_CONTEXT
66
1
10
0
20
0
30
0
39
24.155
70
1
0
VERTEX
8
BUILDINGS_CONTEXT
10
-185.83
20
-201.5
30
0
0
VERTEX
8
BUILDINGS_CONTEXT
10
-166.939
20
-197.89
30
0
0
VERTEX
8
BUILDINGS_CONTEXT
10
-169.764
20
-183.108
30
0
0
VERTEX
8
BUILDINGS_CONTEXT
10
-188.655
20
-186.718
30
0
0
SEQEND
8
BUILDINGS_CONTEXT
0
POLYLINE
8
BUILDINGS_CONTEXT
66
1
10
0
20
0
30
0
39
24.753
70
1
0
VERTEX
8
BUILDINGS_CONTEXT
10
-200.025
20
-204.213
30
0
0
VERTEX
8
BUILDINGS_CONTEXT
10
-185.83
20
-201.5
30
0
0
VERTEX
8
BUILDINGS_CONTEXT
10
-188.305
20
-188.549
30
0
0
VERTEX
8
BUILDINGS_CONTEXT
10
-202.5
20
-191.262
30
0
0
SEQEND
8
BUILDINGS_CONTEXT
0
POLYLINE
8
BUILDINGS_CONTEXT
66
1
10
0
20
0
30
0
39
17.635
70
1
0
VERTEX
8
BUILDINGS_CONTEXT
10
-223.062
20
-208.872
30
0
0
VERTEX
8
BUILDINGS_CONTEXT
10
-205.052
20
-205.21
30
0
0
VERTEX
8
BUILDINGS_CONTEXT
10
-207.655
20
-192.406
30
0
0
VERTEX
8
BUILDINGS_CONTEXT
10
-225.665
20
-196.067
30
0
0
SEQEND
8
BUILDINGS_CONTEXT
0
POLYLINE
8
BUILDINGS_CONTEXT
66
1
10
0
20
0
30
0
39
17.587
70
1
0
VERTEX
8
BUILDINGS_CONTEXT
10
-241.941
20
-212.71
30
0
0
VERTEX
8
BUILDINGS_CONTEXT
10
-223.062
20
-208.872
30
0
0
VERTEX
8
BUILDINGS_CONTEXT
10
-226.429
20
-192.312
30
0
0
VERTEX
8
BUILDINGS_CONTEXT
10
-245.308
20
-196.15
30
0
0
SEQEND
8
BUILDINGS_CONTEXT
0
POLYLINE
8
BUILDINGS_CONTEXT
66
1
10
0
20
0
30
0
39
17.411
70
1
0
VERTEX
8
BUILDINGS_CONTEXT
10
-266.336
20
-217.669
30
0
0
VERTEX
8
BUILDINGS_CONTEXT
10
-241.941
20
-212.71
30
0
0
VERTEX
8
BUILDINGS_CONTEXT
10
-245.077
20
-197.285
30
0
0
VERTEX
8
BUILDINGS_CONTEXT
10
-269.471
20
-202.245
30
0
0
SEQEND
8
BUILDINGS_CONTEXT
0
POLYLINE
8
BUILDINGS_CONTEXT
66
1
10
0
20
0
30
0
39
20.931
70
1
0
VERTEX
8
BUILDINGS_CONTEXT
10
-287.547
20
-221.981
30
0
0
VERTEX
8
BUILDINGS_CONTEXT
10
-266.336
20
-217.669
30
0
0
VERTEX
8
BUILDINGS_CONTEXT
10
-269.618
20
-201.522
30
0
0
VERTEX
8
BUILDINGS_CONTEXT
10
-290.83
20
-205.834
30
0
0
SEQEND
8
BUILDINGS_CONTEXT
0
POLYLINE
8
BUILDINGS_CONTEXT
66
1
10
0
20
0
30
0
39
16.6
70
1
0
VERTEX
8
BUILDINGS_CONTEXT
10
-281.04
20
-203.844
30
0
0
VERTEX
8
BUILDINGS_CONTEXT
10
-269.618
20
-201.522
30
0
0
VERTEX
8
BUILDINGS_CONTEXT
10
-273.79
20
-181.002
30
0
0
VERTEX
8
BUILDINGS_CONTEXT
10
-285.212
20
-183.324
30
0
0
SEQEND
8
BUILDINGS_CONTEXT
0
POLYLINE
8
BUILDINGS_CONTEXT
66
1
10
0
20
0
30
0
39
17.243
70
1
0
VERTEX
8
BUILDINGS_CONTEXT
10
-321.749
20
-228.934
30
0
0
VERTEX
8
BUILDINGS_CONTEXT
10
-287.547
20
-221.981
30
0
0
VERTEX
8
BUILDINGS_CONTEXT
10
-290.68
20
-206.567
30
0
0
VERTEX
8
BUILDINGS_CONTEXT
10
-324.883
20
-213.52
30
0
0
SEQEND
8
BUILDINGS_CONTEXT
0
POLYLINE
8
BUILDINGS_CONTEXT
66
1
10
0
20
0
30
0
39
16.6
70
1
0
VERTEX
8
BUILDINGS_CONTEXT
10
-303.215
20
-209.115
30
0
0
VERTEX
8
BUILDINGS_CONTEXT
10
-290.68
20
-206.567
30
0
0
VERTEX
8
BUILDINGS_CONTEXT
10
-294.249
20
-189.012
30
0
0
VERTEX
8
BUILDINGS_CONTEXT
10
-306.784
20
-191.56
30
0
0
SEQEND
8
BUILDINGS_CONTEXT
0
POLYLINE
8
BUILDINGS_CONTEXT
66
1
10
0
20
0
30
0
39
24.782
70
1
0
VERTEX
8
BUILDINGS_CONTEXT
10
-355.339
20
-235.763
30
0
0
VERTEX
8
BUILDINGS_CONTEXT
10
-321.749
20
-228.934
30
0
0
VERTEX
8
BUILDINGS_CONTEXT
10
-324.538
20
-215.217
30
0
0
VERTEX
8
BUILDINGS_CONTEXT
10
-358.127
20
-222.045
30
0
0
SEQEND
8
BUILDINGS_CONTEXT
0
POLYLINE
8
BUILDINGS_CONTEXT
66
1
10
0
20
0
30
0
39
23.4
70
1
0
VERTEX
8
BUILDINGS_CONTEXT
10
-358.127
20
-222.045
30
0
0
VERTEX
8
BUILDINGS_CONTEXT
10
-348.165
20
-220.02
30
0
0
VERTEX
8
BUILDINGS_CONTEXT
10
-352.082
20
-200.752
30
0
0
VERTEX
8
BUILDINGS_CONTEXT
10
-362.044
20
-202.778
30
0
0
SEQEND
8
BUILDINGS_CONTEXT
0
POLYLINE
8
BUILDINGS_CONTEXT
66
1
10
0
20
0
30
0
39
20.697
70
1
0
VERTEX
8
BUILDINGS_CONTEXT
10
-381.756
20
-241.134
30
0
0
VERTEX
8
BUILDINGS_CONTEXT
10
-355.339
20
-235.763
30
0
0
VERTEX
8
BUILDINGS_CONTEXT
10
-358.209
20
-221.642
30
0
0
VERTEX
8
BUILDINGS_CONTEXT
10
-384.627
20
-227.012
30
0
0
SEQEND
8
BUILDINGS_CONTEXT
0
POLYLINE
8
BUILDINGS_CONTEXT
66
1
10
0
20
0
30
0
39
16.6
70
1
0
VERTEX
8
BUILDINGS_CONTEXT
10
-384.627
20
-227.012
30
0
0
VERTEX
8
BUILDINGS_CONTEXT
10
-374.796
20
-225.014
30
0
0
VERTEX
8
BUILDINGS_CONTEXT
10
-378.192
20
-208.307
30
0
0
VERTEX
8
BUILDINGS_CONTEXT
10
-388.023
20
-210.305
30
0
0
SEQEND
8
BUILDINGS_CONTEXT
0
POLYLINE
8
BUILDINGS_CONTEXT
66
1
10
0
20
0
30
0
39
23.963
70
1
0
VERTEX
8
BUILDINGS_CONTEXT
10
-445.019
20
-253.213
30
0
0
VERTEX
8
BUILDINGS_CONTEXT
10
-431.136
20
-250.569
30
0
0
VERTEX
8
BUILDINGS_CONTEXT
10
-434.138
20
-234.808
30
0
0
VERTEX
8
BUILDINGS_CONTEXT
10
-448.021
20
-237.452
30
0
0
SEQEND
8
BUILDINGS_CONTEXT
0
POLYLINE
8
BUILDINGS_CONTEXT
66
1
10
0
20
0
30
0
39
24.113
70
1
0
VERTEX
8
BUILDINGS_CONTEXT
10
-473.683
20
-258.516
30
0
0
VERTEX
8
BUILDINGS_CONTEXT
10
-449.875
20
-254.121
30
0
0
VERTEX
8
BUILDINGS_CONTEXT
10
-452.312
20
-240.915
30
0
0
VERTEX
8
BUILDINGS_CONTEXT
10
-476.121
20
-245.311
30
0
0
SEQEND
8
BUILDINGS_CONTEXT
0
POLYLINE
8
BUILDINGS_CONTEXT
66
1
10
0
20
0
30
0
39
23.4
70
1
0
VERTEX
8
BUILDINGS_CONTEXT
10
-463.908
20
-243.056
30
0
0
VERTEX
8
BUILDINGS_CONTEXT
10
-452.312
20
-240.915
30
0
0
VERTEX
8
BUILDINGS_CONTEXT
10
-456.054
20
-220.65
30
0
0
VERTEX
8
BUILDINGS_CONTEXT
10
-467.649
20
-222.791
30
0
0
SEQEND
8
BUILDINGS_CONTEXT
0
POLYLINE
8
BUILDINGS_CONTEXT
66
1
10
0
20
0
30
0
39
24.886
70
1
0
VERTEX
8
BUILDINGS_CONTEXT
10
-502.059
20
-263.755
30
0
0
VERTEX
8
BUILDINGS_CONTEXT
10
-473.683
20
-258.516
30
0
0
VERTEX
8
BUILDINGS_CONTEXT
10
-476.526
20
-243.12
30
0
0
VERTEX
8
BUILDINGS_CONTEXT
10
-504.901
20
-248.359
30
0
0
SEQEND
8
BUILDINGS_CONTEXT
0
POLYLINE
8
BUILDINGS_CONTEXT
66
1
10
0
20
0
30
0
39
24.483
70
1
0
VERTEX
8
BUILDINGS_CONTEXT
10
-539.174
20
-270.607
30
0
0
VERTEX
8
BUILDINGS_CONTEXT
10
-502.059
20
-263.755
30
0
0
VERTEX
8
BUILDINGS_CONTEXT
10
-504.823
20
-248.785
30
0
0
VERTEX
8
BUILDINGS_CONTEXT
10
-541.937
20
-255.637
30
0
0
SEQEND
8
BUILDINGS_CONTEXT
0
POLYLINE
8
BUILDINGS_CONTEXT
66
1
10
0
20
0
30
0
39
20.801
70
1
0
VERTEX
8
BUILDINGS_CONTEXT
10
-572.373
20
-276.736
30
0
0
VERTEX
8
BUILDINGS_CONTEXT
10
-539.174
20
-270.607
30
0
0
VERTEX
8
BUILDINGS_CONTEXT
10
-542.088
20
-254.819
30
0
0
VERTEX
8
BUILDINGS_CONTEXT
10
-575.288
20
-260.948
30
0
0
SEQEND
8
BUILDINGS_CONTEXT
0
POLYLINE
8
BUILDINGS_CONTEXT
66
1
10
0
20
0
30
0
39
16.6
70
1
0
VERTEX
8
BUILDINGS_CONTEXT
10
-552.268
20
-256.698
30
0
0
VERTEX
8
BUILDINGS_CONTEXT
10
-542.088
20
-254.819
30
0
0
VERTEX
8
BUILDINGS_CONTEXT
10
-545.122
20
-238.386
30
0
0
VERTEX
8
BUILDINGS_CONTEXT
10
-555.302
20
-240.266
30
0
0
SEQEND
8
BUILDINGS_CONTEXT
0
POLYLINE
8
BUILDINGS_CONTEXT
66
1
10
0
20
0
30
0
39
17.437
70
1
0
VERTEX
8
BUILDINGS_CONTEXT
10
-591.36
20
-280.241
30
0
0
VERTEX
8
BUILDINGS_CONTEXT
10
-572.373
20
-276.736
30
0
0
VERTEX
8
BUILDINGS_CONTEXT
10
-575.092
20
-262.008
30
0
0
VERTEX
8
BUILDINGS_CONTEXT
10
-594.079
20
-265.514
30
0
0
SEQEND
8
BUILDINGS_CONTEXT
0
POLYLINE
8
BUILDINGS_CONTEXT
66
1
10
0
20
0
30
0
39
21.399
70
1
0
VERTEX
8
BUILDINGS_CONTEXT
10
-616.794
20
-284.937
30
0
0
VERTEX
8
BUILDINGS_CONTEXT
10
-591.36
20
-280.241
30
0
0
VERTEX
8
BUILDINGS_CONTEXT
10
-594.061
20
-265.613
30
0
0
VERTEX
8
BUILDINGS_CONTEXT
10
-619.495
20
-270.309
30
0
0
SEQEND
8
BUILDINGS_CONTEXT
0
POLYLINE
8
BUILDINGS_CONTEXT
66
1
10
0
20
0
30
0
39
16.6
70
1
0
VERTEX
8
BUILDINGS_CONTEXT
10
-619.495
20
-270.309
30
0
0
VERTEX
8
BUILDINGS_CONTEXT
10
-608.482
20
-268.276
30
0
0
VERTEX
8
BUILDINGS_CONTEXT
10
-613.042
20
-243.572
30
0
0
VERTEX
8
BUILDINGS_CONTEXT
10
-624.055
20
-245.606
30
0
0
SEQEND
8
BUILDINGS_CONTEXT
0
POLYLINE
8
BUILDINGS_CONTEXT
66
1
10
0
20
0
30
0
39
20.912
70
1
0
VERTEX
8
BUILDINGS_CONTEXT
10
-639.958
20
-289.213
30
0
0
VERTEX
8
BUILDINGS_CONTEXT
10
-616.794
20
-284.937
30
0
0
VERTEX
8
BUILDINGS_CONTEXT
10
-619.275
20
-271.499
30
0
0
VERTEX
8
BUILDINGS_CONTEXT
10
-642.438
20
-275.776
30
0
0
SEQEND
8
BUILDINGS_CONTEXT
0
POLYLINE
8
BUILDINGS_CONTEXT
66
1
10
0
20
0
30
0
39
20
70
1
0
VERTEX
8
BUILDINGS_CONTEXT
10
-630.895
20
-273.645
30
0
0
VERTEX
8
BUILDINGS_CONTEXT
10
-619.275
20
-271.499
30
0
0
VERTEX
8
BUILDINGS_CONTEXT
10
-624.972
20
-240.64
30
0
0
VERTEX
8
BUILDINGS_CONTEXT
10
-636.592
20
-242.786
30
0
0
SEQEND
8
BUILDINGS_CONTEXT
0
POLYLINE
8
BUILDINGS_CONTEXT
66
1
10
0
20
0
30
0
39
24.758
70
1
0
VERTEX
8
BUILDINGS_CONTEXT
10
-792.374
20
1412.757
30
0
0
VERTEX
8
BUILDINGS_CONTEXT
10
-766.058
20
1426.897
30
0
0
VERTEX
8
BUILDINGS_CONTEXT
10
-773.775
20
1441.26
30
0
0
VERTEX
8
BUILDINGS_CONTEXT
10
-800.092
20
1427.12
30
0
0
SEQEND
8
BUILDINGS_CONTEXT
0
POLYLINE
8
BUILDINGS_CONTEXT
66
1
10
0
20
0
30
0
39
20
70
1
0
VERTEX
8
BUILDINGS_CONTEXT
10
-800.092
20
1427.12
30
0
0
VERTEX
8
BUILDINGS_CONTEXT
10
-790.43
20
1432.311
30
0
0
VERTEX
8
BUILDINGS_CONTEXT
10
-799.704
20
1449.572
30
0
0
VERTEX
8
BUILDINGS_CONTEXT
10
-809.366
20
1444.381
30
0
0
SEQEND
8
BUILDINGS_CONTEXT
0
POLYLINE
8
BUILDINGS_CONTEXT
66
1
10
0
20
0
30
0
39
17.914
70
1
0
VERTEX
8
BUILDINGS_CONTEXT
10
-766.058
20
1426.897
30
0
0
VERTEX
8
BUILDINGS_CONTEXT
10
-747.773
20
1436.722
30
0
0
VERTEX
8
BUILDINGS_CONTEXT
10
-754.737
20
1449.684
30
0
0
VERTEX
8
BUILDINGS_CONTEXT
10
-773.022
20
1439.859
30
0
0
SEQEND
8
BUILDINGS_CONTEXT
0
POLYLINE
8
BUILDINGS_CONTEXT
66
1
10
0
20
0
30
0
39
21.107
70
1
0
VERTEX
8
BUILDINGS_CONTEXT
10
-747.773
20
1436.722
30
0
0
VERTEX
8
BUILDINGS_CONTEXT
10
-738.852
20
1441.516
30
0
0
VERTEX
8
BUILDINGS_CONTEXT
10
-745.329
20
1453.571
30
0
0
VERTEX
8
BUILDINGS_CONTEXT
10
-754.25
20
1448.777
30
0
0
SEQEND
8
BUILDINGS_CONTEXT
0
POLYLINE
8
BUILDINGS_CONTEXT
66
1
10
0
20
0
30
0
39
20.697
70
1
0
VERTEX
8
BUILDINGS_CONTEXT
10
-640.484
20
1494.016
30
0
0
VERTEX
8
BUILDINGS_CONTEXT
10
-626.008
20
1501.543
30
0
0
VERTEX
8
BUILDINGS_CONTEXT
10
-633.358
20
1515.677
30
0
0
VERTEX
8
BUILDINGS_CONTEXT
10
-647.834
20
1508.149
30
0
0
SEQEND
8
BUILDINGS_CONTEXT
0
POLYLINE
8
BUILDINGS_CONTEXT
66
1
10
0
20
0
30
0
39
18.034
70
1
0
VERTEX
8
BUILDINGS_CONTEXT
10
-626.008
20
1501.543
30
0
0
VERTEX
8
BUILDINGS_CONTEXT
10
-610.267
20
1509.728
30
0
0
VERTEX
8
BUILDINGS_CONTEXT
10
-616.781
20
1522.255
30
0
0
VERTEX
8
BUILDINGS_CONTEXT
10
-632.522
20
1514.069
30
0
0
SEQEND
8
BUILDINGS_CONTEXT
0
POLYLINE
8
BUILDINGS_CONTEXT
66
1
10
0
20
0
30
0
39
16.6
70
1
0
VERTEX
8
BUILDINGS_CONTEXT
10
-626.69
20
1517.102
30
0
0
VERTEX
8
BUILDINGS_CONTEXT
10
-616.781
20
1522.255
30
0
0
VERTEX
8
BUILDINGS_CONTEXT
10
-625.961
20
1539.909
30
0
0
VERTEX
8
BUILDINGS_CONTEXT
10
-635.87
20
1534.756
30
0
0
SEQEND
8
BUILDINGS_CONTEXT
0
POLYLINE
8
BUILDINGS_CONTEXT
66
1
10
0
20
0
30
0
39
24.647
70
1
0
VERTEX
8
BUILDINGS_CONTEXT
10
-610.267
20
1509.728
30
0
0
VERTEX
8
BUILDINGS_CONTEXT
10
-588.209
20
1521.199
30
0
0
VERTEX
8
BUILDINGS_CONTEXT
10
-596.036
20
1536.25
30
0
0
VERTEX
8
BUILDINGS_CONTEXT
10
-618.094
20
1524.779
30
0
0
SEQEND
8
BUILDINGS_CONTEXT
0
POLYLINE
8
BUILDINGS_CONTEXT
66
1
10
0
20
0
30
0
39
23.4
70
1
0
VERTEX
8
BUILDINGS_CONTEXT
10
-605.218
20
1531.475
30
0
0
VERTEX
8
BUILDINGS_CONTEXT
10
-596.036
20
1536.25
30
0
0
VERTEX
8
BUILDINGS_CONTEXT
10
-603.714
20
1551.016
30
0
0
VERTEX
8
BUILDINGS_CONTEXT
10
-612.897
20
1546.241
30
0
0
SEQEND
8
BUILDINGS_CONTEXT
0
POLYLINE
8
BUILDINGS_CONTEXT
66
1
10
0
20
0
30
0
39
20.806
70
1
0
VERTEX
8
BUILDINGS_CONTEXT
10
-588.209
20
1521.199
30
0
0
VERTEX
8
BUILDINGS_CONTEXT
10
-575.734
20
1527.686
30
0
0
VERTEX
8
BUILDINGS_CONTEXT
10
-582.36
20
1540.429
30
0
0
VERTEX
8
BUILDINGS_CONTEXT
10
-594.835
20
1533.941
30
0
0
SEQEND
8
BUILDINGS_CONTEXT
0
POLYLINE
8
BUILDINGS_CONTEXT
66
1
10
0
20
0
30
0
39
17.475
70
1
0
VERTEX
8
BUILDINGS_CONTEXT
10
-549.117
20
1541.527
30
0
0
VERTEX
8
BUILDINGS_CONTEXT
10
-517.498
20
1557.968
30
0
0
VERTEX
8
BUILDINGS_CONTEXT
10
-523.735
20
1569.961
30
0
0
VERTEX
8
BUILDINGS_CONTEXT
10
-555.353
20
1553.52
30
0
0
SEQEND
8
BUILDINGS_CONTEXT
0
POLYLINE
8
BUILDINGS_CONTEXT
66
1
10
0
20
0
30
0
39
17.866
70
1
0
VERTEX
8
BUILDINGS_CONTEXT
10
-517.498
20
1557.968
30
0
0
VERTEX
8
BUILDINGS_CONTEXT
10
-493.983
20
1570.196
30
0
0
VERTEX
8
BUILDINGS_CONTEXT
10
-500.356
20
1582.453
30
0
0
VERTEX
8
BUILDINGS_CONTEXT
10
-523.872
20
1570.224
30
0
0
SEQEND
8
BUILDINGS_CONTEXT
0
POLYLINE
8
BUILDINGS_CONTEXT
66
1
10
0
20
0
30
0
39
13.2
70
1
0
VERTEX
8
BUILDINGS_CONTEXT
10
-523.872
20
1570.224
30
0
0
VERTEX
8
BUILDINGS_CONTEXT
10
-512.615
20
1576.078
30
0
0
VERTEX
8
BUILDINGS_CONTEXT
10
-522.774
20
1595.614
30
0
0
VERTEX
8
BUILDINGS_CONTEXT
10
-534.03
20
1589.761
30
0
0
SEQEND
8
BUILDINGS_CONTEXT
0
POLYLINE
8
BUILDINGS_CONTEXT
66
1
10
0
20
0
30
0
39
21.498
70
1
0
VERTEX
8
BUILDINGS_CONTEXT
10
-493.983
20
1570.196
30
0
0
VERTEX
8
BUILDINGS_CONTEXT
10
-472.492
20
1581.372
30
0
0
VERTEX
8
BUILDINGS_CONTEXT
10
-478.861
20
1593.619
30
0
0
VERTEX
8
BUILDINGS_CONTEXT
10
-500.351
20
1582.444
30
0
0
SEQEND
8
BUILDINGS_CONTEXT
0
POLYLINE
8
BUILDINGS_CONTEXT
66
1
10
0
20
0
30
0
39
20
70
1
0
VERTEX
8
BUILDINGS_CONTEXT
10
-487.853
20
1588.943
30
0
0
VERTEX
8
BUILDINGS_CONTEXT
10
-478.861
20
1593.619
30
0
0
VERTEX
8
BUILDINGS_CONTEXT
10
-493.273
20
1621.336
30
0
0
VERTEX
8
BUILDINGS_CONTEXT
10
-502.266
20
1616.66
30
0
0
SEQEND
8
BUILDINGS_CONTEXT
0
POLYLINE
8
BUILDINGS_CONTEXT
66
1
10
0
20
0
30
0
39
24.321
70
1
0
VERTEX
8
BUILDINGS_CONTEXT
10
-472.492
20
1581.372
30
0
0
VERTEX
8
BUILDINGS_CONTEXT
10
-462.665
20
1586.482
30
0
0
VERTEX
8
BUILDINGS_CONTEXT
10
-469.377
20
1599.39
30
0
0
VERTEX
8
BUILDINGS_CONTEXT
10
-479.204
20
1594.28
30
0
0
SEQEND
8
BUILDINGS_CONTEXT
0
POLYLINE
8
BUILDINGS_CONTEXT
66
1
10
0
20
0
30
0
39
17.932
70
1
0
VERTEX
8
BUILDINGS_CONTEXT
10
-458.057
20
1588.823
30
0
0
VERTEX
8
BUILDINGS_CONTEXT
10
-438.776
20
1598.463
30
0
0
VERTEX
8
BUILDINGS_CONTEXT
10
-445.815
20
1612.54
30
0
0
VERTEX
8
BUILDINGS_CONTEXT
10
-465.096
20
1602.9
30
0
0
SEQEND
8
BUILDINGS_CONTEXT
0
POLYLINE
8
BUILDINGS_CONTEXT
66
1
10
0
20
0
30
0
39
24.006
70
1
0
VERTEX
8
BUILDINGS_CONTEXT
10
-407.471
20
1614.115
30
0
0
VERTEX
8
BUILDINGS_CONTEXT
10
-382.715
20
1626.494
30
0
0
VERTEX
8
BUILDINGS_CONTEXT
10
-389.184
20
1639.432
30
0
0
VERTEX
8
BUILDINGS_CONTEXT
10
-413.94
20
1627.054
30
0
0
SEQEND
8
BUILDINGS_CONTEXT
0
POLYLINE
8
BUILDINGS_CONTEXT
66
1
10
0
20
0
30
0
39
20.772
70
1
0
VERTEX
8
BUILDINGS_CONTEXT
10
-382.715
20
1626.494
30
0
0
VERTEX
8
BUILDINGS_CONTEXT
10
-353.987
20
1640.858
30
0
0
VERTEX
8
BUILDINGS_CONTEXT
10
-359.992
20
1652.868
30
0
0
VERTEX
8
BUILDINGS_CONTEXT
10
-388.72
20
1638.504
30
0
0
SEQEND
8
BUILDINGS_CONTEXT
0
POLYLINE
8
BUILDINGS_CONTEXT
66
1
10
0
20
0
30
0
39
17.385
70
1
0
VERTEX
8
BUILDINGS_CONTEXT
10
-353.987
20
1640.858
30
0
0
VERTEX
8
BUILDINGS_CONTEXT
10
-320.913
20
1657.395
30
0
0
VERTEX
8
BUILDINGS_CONTEXT
10
-326.941
20
1669.45
30
0
0
VERTEX
8
BUILDINGS_CONTEXT
10
-360.014
20
1652.913
30
0
0
SEQEND
8
BUILDINGS_CONTEXT
0
POLYLINE
8
BUILDINGS_CONTEXT
66
1
10
0
20
0
30
0
39
16.6
70
1
0
VERTEX
8
BUILDINGS_CONTEXT
10
-360.014
20
1652.913
30
0
0
VERTEX
8
BUILDINGS_CONTEXT
10
-350.943
20
1657.449
30
0
0
VERTEX
8
BUILDINGS_CONTEXT
10
-365.62
20
1686.803
30
0
0
VERTEX
8
BUILDINGS_CONTEXT
10
-374.691
20
1682.267
30
0
0
SEQEND
8
BUILDINGS_CONTEXT
0
POLYLINE
8
BUILDINGS_CONTEXT
66
1
10
0
20
0
30
0
39
24.06
70
1
0
VERTEX
8
BUILDINGS_CONTEXT
10
-320.913
20
1657.395
30
0
0
VERTEX
8
BUILDINGS_CONTEXT
10
-295.238
20
1670.232
30
0
0
VERTEX
8
BUILDINGS_CONTEXT
10
-302.637
20
1685.031
30
0
0
VERTEX
8
BUILDINGS_CONTEXT
10
-328.312
20
1672.193
30
0
0
SEQEND
8
BUILDINGS_CONTEXT
0
POLYLINE
8
BUILDINGS_CONTEXT
66
1
10
0
20
0
30
0
39
20
70
1
0
VERTEX
8
BUILDINGS_CONTEXT
10
-328.312
20
1672.193
30
0
0
VERTEX
8
BUILDINGS_CONTEXT
10
-318.48
20
1677.109
30
0
0
VERTEX
8
BUILDINGS_CONTEXT
10
-329.05
20
1698.249
30
0
0
VERTEX
8
BUILDINGS_CONTEXT
10
-338.882
20
1693.333
30
0
0
SEQEND
8
BUILDINGS_CONTEXT
0
POLYLINE
8
BUILDINGS_CONTEXT
66
1
10
0
20
0
30
0
39
24.707
70
1
0
VERTEX
8
BUILDINGS_CONTEXT
10
-258.271
20
1688.78
30
0
0
VERTEX
8
BUILDINGS_CONTEXT
10
-243.791
20
1696.382
30
0
0
VERTEX
8
BUILDINGS_CONTEXT
10
-249.878
20
1707.976
30
0
0
VERTEX
8
BUILDINGS_CONTEXT
10
-264.358
20
1700.374
30
0
0
SEQEND
8
BUILDINGS_CONTEXT
0
POLYLINE
8
BUILDINGS_CONTEXT
66
1
10
0
20
0
30
0
39
23.4
70
1
0
VERTEX
8
BUILDINGS_CONTEXT
10
-258.853
20
1703.265
30
0
0
VERTEX
8
BUILDINGS_CONTEXT
10
-249.878
20
1707.976
30
0
0
VERTEX
8
BUILDINGS_CONTEXT
10
-265.653
20
1738.024
30
0
0
VERTEX
8
BUILDINGS_CONTEXT
10
-274.627
20
1733.312
30
0
0
SEQEND
8
BUILDINGS_CONTEXT
0
POLYLINE
8
BUILDINGS_CONTEXT
66
1
10
0
20
0
30
0
39
17.321
70
1
0
VERTEX
8
BUILDINGS_CONTEXT
10
-243.791
20
1696.382
30
0
0
VERTEX
8
BUILDINGS_CONTEXT
10
-212.003
20
1713.07
30
0
0
VERTEX
8
BUILDINGS_CONTEXT
10
-219.489
20
1727.33
30
0
0
VERTEX
8
BUILDINGS_CONTEXT
10
-251.277
20
1710.641
30
0
0
SEQEND
8
BUILDINGS_CONTEXT
0
POLYLINE
8
BUILDINGS_CONTEXT
66
1
10
0
20
0
30
0
39
21.227
70
1
0
VERTEX
8
BUILDINGS_CONTEXT
10
-212.003
20
1713.07
30
0
0
VERTEX
8
BUILDINGS_CONTEXT
10
-182.195
20
1728.72
30
0
0
VERTEX
8
BUILDINGS_CONTEXT
10
-189.076
20
1741.828
30
0
0
VERTEX
8
BUILDINGS_CONTEXT
10
-218.885
20
1726.178
30
0
0
SEQEND
8
BUILDINGS_CONTEXT
0
POLYLINE
8
BUILDINGS_CONTEXT
66
1
10
0
20
0
30
0
39
16.6
70
1
0
VERTEX
8
BUILDINGS_CONTEXT
10
-199.23
20
1736.497
30
0
0
VERTEX
8
BUILDINGS_CONTEXT
10
-189.076
20
1741.828
30
0
0
VERTEX
8
BUILDINGS_CONTEXT
10
-200.083
20
1762.793
30
0
0
VERTEX
8
BUILDINGS_CONTEXT
10
-210.236
20
1757.462
30
0
0
SEQEND
8
BUILDINGS_CONTEXT
0
POLYLINE
8
BUILDINGS_CONTEXT
66
1
10
0
20
0
30
0
39
21.565
70
1
0
VERTEX
8
BUILDINGS_CONTEXT
10
-182.195
20
1728.72
30
0
0
VERTEX
8
BUILDINGS_CONTEXT
10
-156.895
20
1742.002
30
0
0
VERTEX
8
BUILDINGS_CONTEXT
10
-163.402
20
1754.397
30
0
0
VERTEX
8
BUILDINGS_CONTEXT
10
-188.702
20
1741.114
30
0
0
SEQEND
8
BUILDINGS_CONTEXT
0
POLYLINE
8
BUILDINGS_CONTEXT
66
1
10
0
20
0
30
0
39
17.52
70
1
0
VERTEX
8
BUILDINGS_CONTEXT
10
-125.906
20
1758.272
30
0
0
VERTEX
8
BUILDINGS_CONTEXT
10
-102.228
20
1770.702
30
0
0
VERTEX
8
BUILDINGS_CONTEXT
10
-109.336
20
1784.24
30
0
0
VERTEX
8
BUILDINGS_CONTEXT
10
-133.013
20
1771.81
30
0
0
SEQEND
8
BUILDINGS_CONTEXT
0
POLYLINE
8
BUILDINGS_CONTEXT
66
1
10
0
20
0
30
0
39
24.265
70
1
0
VERTEX
8
BUILDINGS_CONTEXT
10
-102.228
20
1770.702
30
0
0
VERTEX
8
BUILDINGS_CONTEXT
10
-85.667
20
1779.397
30
0
0
VERTEX
8
BUILDINGS_CONTEXT
10
-92.54
20
1792.488
30
0
0
VERTEX
8
BUILDINGS_CONTEXT
10
-109.101
20
1783.793
30
0
0
SEQEND
8
BUILDINGS_CONTEXT
0
POLYLINE
8
BUILDINGS_CONTEXT
66
1
10
0
20
0
30
0
39
17.781
70
1
0
VERTEX
8
BUILDINGS_CONTEXT
10
-85.667
20
1779.397
30
0
0
VERTEX
8
BUILDINGS_CONTEXT
10
-66.804
20
1789.3
30
0
0
VERTEX
8
BUILDINGS_CONTEXT
10
-73.288
20
1801.651
30
0
0
VERTEX
8
BUILDINGS_CONTEXT
10
-92.151
20
1791.747
30
0
0
SEQEND
8
BUILDINGS_CONTEXT
0
POLYLINE
8
BUILDINGS_CONTEXT
66
1
10
0
20
0
30
0
39
17.051
70
1
0
VERTEX
8
BUILDINGS_CONTEXT
10
-58.351
20
1793.763
30
0
0
VERTEX
8
BUILDINGS_CONTEXT
10
-48.049
20
1799.268
30
0
0
VERTEX
8
BUILDINGS_CONTEXT
10
-55.814
20
1813.795
30
0
0
VERTEX
8
BUILDINGS_CONTEXT
10
-66.115
20
1808.289
30
0
0
SEQEND
8
BUILDINGS_CONTEXT
0
POLYLINE
8
BUILDINGS_CONTEXT
66
1
10
0
20
0
30
0
39
17.176
70
1
0
VERTEX
8
BUILDINGS_CONTEXT
10
-571.324
20
1542.424
30
0
0
VERTEX
8
BUILDINGS_CONTEXT
10
-574.535
20
1562.591
30
0
0
VERTEX
8
BUILDINGS_CONTEXT
10
-590.639
20
1560.026
30
0
0
VERTEX
8
BUILDINGS_CONTEXT
10
-587.428
20
1539.859
30
0
0
SEQEND
8
BUILDINGS_CONTEXT
0
POLYLINE
8
BUILDINGS_CONTEXT
66
1
10
0
20
0
30
0
39
20.978
70
1
0
VERTEX
8
BUILDINGS_CONTEXT
10
-574.535
20
1562.591
30
0
0
VERTEX
8
BUILDINGS_CONTEXT
10
-577.209
20
1579.381
30
0
0
VERTEX
8
BUILDINGS_CONTEXT
10
-590.642
20
1577.242
30
0
0
VERTEX
8
BUILDINGS_CONTEXT
10
-587.968
20
1560.452
30
0
0
SEQEND
8
BUILDINGS_CONTEXT
0
POLYLINE
8
BUILDINGS_CONTEXT
66
1
10
0
20
0
30
0
39
20
70
1
0
VERTEX
8
BUILDINGS_CONTEXT
10
-587.968
20
1560.452
30
0
0
VERTEX
8
BUILDINGS_CONTEXT
10
-589.604
20
1570.724
30
0
0
VERTEX
8
BUILDINGS_CONTEXT
10
-617.063
20
1566.352
30
0
0
VERTEX
8
BUILDINGS_CONTEXT
10
-615.427
20
1556.079
30
0
0
SEQEND
8
BUILDINGS_CONTEXT
0
POLYLINE
8
BUILDINGS_CONTEXT
66
1
10
0
20
0
30
0
39
24.056
70
1
0
VERTEX
8
BUILDINGS_CONTEXT
10
-577.209
20
1579.381
30
0
0
VERTEX
8
BUILDINGS_CONTEXT
10
-582.21
20
1610.788
30
0
0
VERTEX
8
BUILDINGS_CONTEXT
10
-597.02
20
1608.43
30
0
0
VERTEX
8
BUILDINGS_CONTEXT
10
-592.019
20
1577.023
30
0
0
SEQEND
8
BUILDINGS_CONTEXT
0
POLYLINE
8
BUILDINGS_CONTEXT
66
1
10
0
20
0
30
0
39
18.003
70
1
0
VERTEX
8
BUILDINGS_CONTEXT
10
-582.21
20
1610.788
30
0
0
VERTEX
8
BUILDINGS_CONTEXT
10
-586.639
20
1638.602
30
0
0
VERTEX
8
BUILDINGS_CONTEXT
10
-602.747
20
1636.037
30
0
0
VERTEX
8
BUILDINGS_CONTEXT
10
-598.318
20
1608.223
30
0
0
SEQEND
8
BUILDINGS_CONTEXT
0
POLYLINE
8
BUILDINGS_CONTEXT
66
1
10
0
20
0
30
0
39
13.2
70
1
0
VERTEX
8
BUILDINGS_CONTEXT
10
-598.318
20
1608.223
30
0
0
VERTEX
8
BUILDINGS_CONTEXT
10
-600.057
20
1619.144
30
0
0
VERTEX
8
BUILDINGS_CONTEXT
10
-620.537
20
1615.883
30
0
0
VERTEX
8
BUILDINGS_CONTEXT
10
-618.798
20
1604.962
30
0
0
SEQEND
8
BUILDINGS_CONTEXT
0
POLYLINE
8
BUILDINGS_CONTEXT
66
1
10
0
20
0
30
0
39
17.58
70
1
0
VERTEX
8
BUILDINGS_CONTEXT
10
-586.639
20
1638.602
30
0
0
VERTEX
8
BUILDINGS_CONTEXT
10
-589.736
20
1658.056
30
0
0
VERTEX
8
BUILDINGS_CONTEXT
10
-602.583
20
1656.01
30
0
0
VERTEX
8
BUILDINGS_CONTEXT
10
-599.485
20
1636.556
30
0
0
SEQEND
8
BUILDINGS_CONTEXT
0
POLYLINE
8
BUILDINGS_CONTEXT
66
1
10
0
20
0
30
0
39
13.2
70
1
0
VERTEX
8
BUILDINGS_CONTEXT
10
-600.74
20
1644.435
30
0
0
VERTEX
8
BUILDINGS_CONTEXT
10
-602.583
20
1656.01
30
0
0
VERTEX
8
BUILDINGS_CONTEXT
10
-622.849
20
1652.783
30
0
0
VERTEX
8
BUILDINGS_CONTEXT
10
-621.006
20
1641.208
30
0
0
SEQEND
8
BUILDINGS_CONTEXT
0
POLYLINE
8
BUILDINGS_CONTEXT
66
1
10
0
20
0
30
0
39
23.967
70
1
0
VERTEX
8
BUILDINGS_CONTEXT
10
-589.736
20
1658.056
30
0
0
VERTEX
8
BUILDINGS_CONTEXT
10
-592.281
20
1674.034
30
0
0
VERTEX
8
BUILDINGS_CONTEXT
10
-607.04
20
1671.684
30
0
0
VERTEX
8
BUILDINGS_CONTEXT
10
-604.496
20
1655.706
30
0
0
SEQEND
8
BUILDINGS_CONTEXT
0
POLYLINE
8
BUILDINGS_CONTEXT
66
1
10
0
20
0
30
0
39
24.688
70
1
0
VERTEX
8
BUILDINGS_CONTEXT
10
-592.281
20
1674.034
30
0
0
VERTEX
8
BUILDINGS_CONTEXT
10
-596.557
20
1700.887
30
0
0
VERTEX
8
BUILDINGS_CONTEXT
10
-611.856
20
1698.451
30
0
0
VERTEX
8
BUILDINGS_CONTEXT
10
-607.58
20
1671.598
30
0
0
SEQEND
8
BUILDINGS_CONTEXT
0
POLYLINE
8
BUILDINGS_CONTEXT
66
1
10
0
20
0
30
0
39
17.018
70
1
0
VERTEX
8
BUILDINGS_CONTEXT
10
-596.557
20
1700.887
30
0
0
VERTEX
8
BUILDINGS_CONTEXT
10
-601.679
20
1733.054
30
0
0
VERTEX
8
BUILDINGS_CONTEXT
10
-615.698
20
1730.821
30
0
0
VERTEX
8
BUILDINGS_CONTEXT
10
-610.576
20
1698.655
30
0
0
SEQEND
8
BUILDINGS_CONTEXT
0
POLYLINE
8
BUILDINGS_CONTEXT
66
1
10
0
20
0
30
0
39
16.6
70
1
0
VERTEX
8
BUILDINGS_CONTEXT
10
-610.576
20
1698.655
30
0
0
VERTEX
8
BUILDINGS_CONTEXT
10
-612.24
20
1709.102
30
0
0
VERTEX
8
BUILDINGS_CONTEXT
10
-639.334
20
1704.788
30
0
0
VERTEX
8
BUILDINGS_CONTEXT
10
-637.67
20
1694.341
30
0
0
SEQEND
8
BUILDINGS_CONTEXT
0
POLYLINE
8
BUILDINGS_CONTEXT
66
1
10
0
20
0
30
0
39
21.599
70
1
0
VERTEX
8
BUILDINGS_CONTEXT
10
-601.679
20
1733.054
30
0
0
VERTEX
8
BUILDINGS_CONTEXT
10
-606.492
20
1763.28
30
0
0
VERTEX
8
BUILDINGS_CONTEXT
10
-619.603
20
1761.192
30
0
0
VERTEX
8
BUILDINGS_CONTEXT
10
-614.79
20
1730.966
30
0
0
SEQEND
8
BUILDINGS_CONTEXT
0
POLYLINE
8
BUILDINGS_CONTEXT
66
1
10
0
20
0
30
0
39
16.6
70
1
0
VERTEX
8
BUILDINGS_CONTEXT
10
-614.79
20
1730.966
30
0
0
VERTEX
8
BUILDINGS_CONTEXT
10
-616.782
20
1743.472
30
0
0
VERTEX
8
BUILDINGS_CONTEXT
10
-643.743
20
1739.179
30
0
0
VERTEX
8
BUILDINGS_CONTEXT
10
-641.752
20
1726.673
30
0
0
SEQEND
8
BUILDINGS_CONTEXT
0
POLYLINE
8
BUILDINGS_CONTEXT
66
1
10
0
20
0
30
0
39
20.791
70
1
0
VERTEX
8
BUILDINGS_CONTEXT
10
-606.492
20
1763.28
30
0
0
VERTEX
8
BUILDINGS_CONTEXT
10
-611.471
20
1794.551
30
0
0
VERTEX
8
BUILDINGS_CONTEXT
10
-626.55
20
1792.15
30
0
0
VERTEX
8
BUILDINGS_CONTEXT
10
-621.571
20
1760.879
30
0
0
SEQEND
8
BUILDINGS_CONTEXT
0
POLYLINE
8
BUILDINGS_CONTEXT
66
1
10
0
20
0
30
0
39
20
70
1
0
VERTEX
8
BUILDINGS_CONTEXT
10
-624.53
20
1779.466
30
0
0
VERTEX
8
BUILDINGS_CONTEXT
10
-626.55
20
1792.15
30
0
0
VERTEX
8
BUILDINGS_CONTEXT
10
-644.278
20
1789.327
30
0
0
VERTEX
8
BUILDINGS_CONTEXT
10
-642.258
20
1776.643
30
0
0
SEQEND
8
BUILDINGS_CONTEXT
0
POLYLINE
8
BUILDINGS_CONTEXT
66
1
10
0
20
0
30
0
39
17.49
70
1
0
VERTEX
8
BUILDINGS_CONTEXT
10
-611.471
20
1794.551
30
0
0
VERTEX
8
BUILDINGS_CONTEXT
10
-614.696
20
1814.8
30
0
0
VERTEX
8
BUILDINGS_CONTEXT
10
-628.923
20
1812.535
30
0
0
VERTEX
8
BUILDINGS_CONTEXT
10
-625.699
20
1792.285
30
0
0
SEQEND
8
BUILDINGS_CONTEXT
0
POLYLINE
8
BUILDINGS_CONTEXT
66
1
10
0
20
0
30
0
39
24.579
70
1
0
VERTEX
8
BUILDINGS_CONTEXT
10
-559.866
20
1579.845
30
0
0
VERTEX
8
BUILDINGS_CONTEXT
10
-556.696
20
1559.942
30
0
0
VERTEX
8
BUILDINGS_CONTEXT
10
-542.428
20
1562.214
30
0
0
VERTEX
8
BUILDINGS_CONTEXT
10
-545.597
20
1582.117
30
0
0
SEQEND
8
BUILDINGS_CONTEXT
0
POLYLINE
8
BUILDINGS_CONTEXT
66
1
10
0
20
0
30
0
39
18.093
70
1
0
VERTEX
8
BUILDINGS_CONTEXT
10
-564.584
20
1609.473
30
0
0
VERTEX
8
BUILDINGS_CONTEXT
10
-559.866
20
1579.845
30
0
0
VERTEX
8
BUILDINGS_CONTEXT
10
-544.759
20
1582.25
30
0
0
VERTEX
8
BUILDINGS_CONTEXT
10
-549.477
20
1611.879
30
0
0
SEQEND
8
BUILDINGS_CONTEXT
0
POLYLINE
8
BUILDINGS_CONTEXT
66
1
10
0
20
0
30
0
39
13.2
70
1
0
VERTEX
8
BUILDINGS_CONTEXT
10
-549.477
20
1611.879
30
0
0
VERTEX
8
BUILDINGS_CONTEXT
10
-547.731
20
1600.914
30
0
0
VERTEX
8
BUILDINGS_CONTEXT
10
-519.516
20
1605.407
30
0
0
VERTEX
8
BUILDINGS_CONTEXT
10
-521.262
20
1616.371
30
0
0
SEQEND
8
BUILDINGS_CONTEXT
0
POLYLINE
8
BUILDINGS_CONTEXT
66
1
10
0
20
0
30
0
39
21.572
70
1
0
VERTEX
8
BUILDINGS_CONTEXT
10
-568.455
20
1633.783
30
0
0
VERTEX
8
BUILDINGS_CONTEXT
10
-564.584
20
1609.473
30
0
0
VERTEX
8
BUILDINGS_CONTEXT
10
-548.751
20
1611.994
30
0
0
VERTEX
8
BUILDINGS_CONTEXT
10
-552.622
20
1636.304
30
0
0
SEQEND
8
BUILDINGS_CONTEXT
0
POLYLINE
8
BUILDINGS_CONTEXT
66
1
10
0
20
0
30
0
39
20
70
1
0
VERTEX
8
BUILDINGS_CONTEXT
10
-550.76
20
1624.615
30
0
0
VERTEX
8
BUILDINGS_CONTEXT
10
-548.751
20
1611.994
30
0
0
VERTEX
8
BUILDINGS_CONTEXT
10
-524.822
20
1615.804
30
0
0
VERTEX
8
BUILDINGS_CONTEXT
10
-526.832
20
1628.425
30
0
0
SEQEND
8
BUILDINGS_CONTEXT
0
POLYLINE
8
BUILDINGS_CONTEXT
66
1
10
0
20
0
30
0
39
23.869
70
1
0
VERTEX
8
BUILDINGS_CONTEXT
10
-572.698
20
1660.431
30
0
0
VERTEX
8
BUILDINGS_CONTEXT
10
-568.455
20
1633.783
30
0
0
VERTEX
8
BUILDINGS_CONTEXT
10
-552.535
20
1636.318
30
0
0
VERTEX
8
BUILDINGS_CONTEXT
10
-556.779
20
1662.966
30
0
0
SEQEND
8
BUILDINGS_CONTEXT
0
POLYLINE
8
BUILDINGS_CONTEXT
66
1
10
0
20
0
30
0
39
23.4
70
1
0
VERTEX
8
BUILDINGS_CONTEXT
10
-554.15
20
1646.459
30
0
0
VERTEX
8
BUILDINGS_CONTEXT
10
-552.535
20
1636.318
30
0
0
VERTEX
8
BUILDINGS_CONTEXT
10
-532.084
20
1639.575
30
0
0
VERTEX
8
BUILDINGS_CONTEXT
10
-533.699
20
1649.715
30
0
0
SEQEND
8
BUILDINGS_CONTEXT
0
POLYLINE
8
BUILDINGS_CONTEXT
66
1
10
0
20
0
30
0
39
17.427
70
1
0
VERTEX
8
BUILDINGS_CONTEXT
10
-577.09
20
1688.016
30
0
0
VERTEX
8
BUILDINGS_CONTEXT
10
-572.698
20
1660.431
30
0
0
VERTEX
8
BUILDINGS_CONTEXT
10
-559.533
20
1662.527
30
0
0
VERTEX
8
BUILDINGS_CONTEXT
10
-563.925
20
1690.112
30
0
0
SEQEND
8
BUILDINGS_CONTEXT
0
POLYLINE
8
BUILDINGS_CONTEXT
66
1
10
0
20
0
30
0
39
20.71
70
1
0
VERTEX
8
BUILDINGS_CONTEXT
10
-582.595
20
1722.583
30
0
0
VERTEX
8
BUILDINGS_CONTEXT
10
-577.09
20
1688.016
30
0
0
VERTEX
8
BUILDINGS_CONTEXT
10
-560.423
20
1690.67
30
0
0
VERTEX
8
BUILDINGS_CONTEXT
10
-565.927
20
1725.237
30
0
0
SEQEND
8
BUILDINGS_CONTEXT
0
POLYLINE
8
BUILDINGS_CONTEXT
66
1
10
0
20
0
30
0
39
23.976
70
1
0
VERTEX
8
BUILDINGS_CONTEXT
10
-586.666
20
1748.153
30
0
0
VERTEX
8
BUILDINGS_CONTEXT
10
-582.595
20
1722.583
30
0
0
VERTEX
8
BUILDINGS_CONTEXT
10
-568.798
20
1724.78
30
0
0
VERTEX
8
BUILDINGS_CONTEXT
10
-572.87
20
1750.35
30
0
0
SEQEND
8
BUILDINGS_CONTEXT
0
POLYLINE
8
BUILDINGS_CONTEXT
66
1
10
0
20
0
30
0
39
23.4
70
1
0
VERTEX
8
BUILDINGS_CONTEXT
10
-572.87
20
1750.35
30
0
0
VERTEX
8
BUILDINGS_CONTEXT
10
-571.138
20
1739.477
30
0
0
VERTEX
8
BUILDINGS_CONTEXT
10
-541.669
20
1744.169
30
0
0
VERTEX
8
BUILDINGS_CONTEXT
10
-543.4
20
1755.043
30
0
0
SEQEND
8
BUILDINGS_CONTEXT
0
POLYLINE
8
BUILDINGS_CONTEXT
66
1
10
0
20
0
30
0
39
17.069
70
1
0
VERTEX
8
BUILDINGS_CONTEXT
10
-590.462
20
1771.989
30
0
0
VERTEX
8
BUILDINGS_CONTEXT
10
-586.666
20
1748.153
30
0
0
VERTEX
8
BUILDINGS_CONTEXT
10
-570.705
20
1750.695
30
0
0
VERTEX
8
BUILDINGS_CONTEXT
10
-574.5
20
1774.53
30
0
0
SEQEND
8
BUILDINGS_CONTEXT
0
POLYLINE
8
BUILDINGS_CONTEXT
66
1
10
0
20
0
30
0
39
13.2
70
1
0
VERTEX
8
BUILDINGS_CONTEXT
10
-572.614
20
1762.684
30
0
0
VERTEX
8
BUILDINGS_CONTEXT
10
-570.705
20
1750.695
30
0
0
VERTEX
8
BUILDINGS_CONTEXT
10
-553.363
20
1753.456
30
0
0
VERTEX
8
BUILDINGS_CONTEXT
10
-555.272
20
1765.445
30
0
0
SEQEND
8
BUILDINGS_CONTEXT
0
POLYLINE
8
BUILDINGS_CONTEXT
66
1
10
0
20
0
30
0
39
17.816
70
1
0
VERTEX
8
BUILDINGS_CONTEXT
10
-593.218
20
1789.297
30
0
0
VERTEX
8
BUILDINGS_CONTEXT
10
-590.462
20
1771.989
30
0
0
VERTEX
8
BUILDINGS_CONTEXT
10
-574.317
20
1774.559
30
0
0
VERTEX
8
BUILDINGS_CONTEXT
10
-577.073
20
1791.868
30
0
0
SEQEND
8
BUILDINGS_CONTEXT
0
POLYLINE
8
BUILDINGS_CONTEXT
66
1
10
0
20
0
30
0
39
16.6
70
1
0
VERTEX
8
BUILDINGS_CONTEXT
10
-577.073
20
1791.868
30
0
0
VERTEX
8
BUILDINGS_CONTEXT
10
-575.207
20
1780.148
30
0
0
VERTEX
8
BUILDINGS_CONTEXT
10
-557.907
20
1782.903
30
0
0
VERTEX
8
BUILDINGS_CONTEXT
10
-559.773
20
1794.622
30
0
0
SEQEND
8
BUILDINGS_CONTEXT
0
POLYLINE
8
BUILDINGS_CONTEXT
66
1
10
0
20
0
30
0
39
23.881
70
1
0
VERTEX
8
BUILDINGS_CONTEXT
10
-595.757
20
1805.24
30
0
0
VERTEX
8
BUILDINGS_CONTEXT
10
-593.218
20
1789.297
30
0
0
VERTEX
8
BUILDINGS_CONTEXT
10
-576.964
20
1791.885
30
0
0
VERTEX
8
BUILDINGS_CONTEXT
10
-579.503
20
1807.828
30
0
0
SEQEND
8
BUILDINGS_CONTEXT
0
POLYLINE
8
BUILDINGS_CONTEXT
66
1
10
0
20
0
30
0
39
18.065
70
1
0
VERTEX
8
BUILDINGS_CONTEXT
10
-432.894
20
1617.897
30
0
0
VERTEX
8
BUILDINGS_CONTEXT
10
-438.949
20
1648.552
30
0
0
VERTEX
8
BUILDINGS_CONTEXT
10
-452.553
20
1645.865
30
0
0
VERTEX
8
BUILDINGS_CONTEXT
10
-446.498
20
1615.21
30
0
0
SEQEND
8
BUILDINGS_CONTEXT
0
POLYLINE
8
BUILDINGS_CONTEXT
66
1
10
0
20
0
30
0
39
16.6
70
1
0
VERTEX
8
BUILDINGS_CONTEXT
10
-446.498
20
1615.21
30
0
0
VERTEX
8
BUILDINGS_CONTEXT
10
-448.911
20
1627.428
30
0
0
VERTEX
8
BUILDINGS_CONTEXT
10
-471.912
20
1622.885
30
0
0
VERTEX
8
BUILDINGS_CONTEXT
10
-469.499
20
1610.667
30
0
0
SEQEND
8
BUILDINGS_CONTEXT
0
POLYLINE
8
BUILDINGS_CONTEXT
66
1
10
0
20
0
30
0
39
20.723
70
1
0
VERTEX
8
BUILDINGS_CONTEXT
10
-438.949
20
1648.552
30
0
0
VERTEX
8
BUILDINGS_CONTEXT
10
-445.61
20
1682.272
30
0
0
VERTEX
8
BUILDINGS_CONTEXT
10
-458.708
20
1679.684
30
0
0
VERTEX
8
BUILDINGS_CONTEXT
10
-452.048
20
1645.965
30
0
0
SEQEND
8
BUILDINGS_CONTEXT
0
POLYLINE
8
BUILDINGS_CONTEXT
66
1
10
0
20
0
30
0
39
20
70
1
0
VERTEX
8
BUILDINGS_CONTEXT
10
-452.048
20
1645.965
30
0
0
VERTEX
8
BUILDINGS_CONTEXT
10
-454.05
20
1656.103
30
0
0
VERTEX
8
BUILDINGS_CONTEXT
10
-469.809
20
1652.991
30
0
0
VERTEX
8
BUILDINGS_CONTEXT
10
-467.806
20
1642.852
30
0
0
SEQEND
8
BUILDINGS_CONTEXT
0
POLYLINE
8
BUILDINGS_CONTEXT
66
1
10
0
20
0
30
0
39
24.908
70
1
0
VERTEX
8
BUILDINGS_CONTEXT
10
-445.61
20
1682.272
30
0
0
VERTEX
8
BUILDINGS_CONTEXT
10
-452.09
20
1715.075
30
0
0
VERTEX
8
BUILDINGS_CONTEXT
10
-468.091
20
1711.915
30
0
0
VERTEX
8
BUILDINGS_CONTEXT
10
-461.611
20
1679.111
30
0
0
SEQEND
8
BUILDINGS_CONTEXT
0
POLYLINE
8
BUILDINGS_CONTEXT
66
1
10
0
20
0
30
0
39
20
70
1
0
VERTEX
8
BUILDINGS_CONTEXT
10
-466.052
20
1701.597
30
0
0
VERTEX
8
BUILDINGS_CONTEXT
10
-468.091
20
1711.915
30
0
0
VERTEX
8
BUILDINGS_CONTEXT
10
-486.953
20
1708.189
30
0
0
VERTEX
8
BUILDINGS_CONTEXT
10
-484.915
20
1697.871
30
0
0
SEQEND
8
BUILDINGS_CONTEXT
0
POLYLINE
8
BUILDINGS_CONTEXT
66
1
10
0
20
0
30
0
39
24.255
70
1
0
VERTEX
8
BUILDINGS_CONTEXT
10
-452.09
20
1715.075
30
0
0
VERTEX
8
BUILDINGS_CONTEXT
10
-456.788
20
1738.862
30
0
0
VERTEX
8
BUILDINGS_CONTEXT
10
-471.118
20
1736.031
30
0
0
VERTEX
8
BUILDINGS_CONTEXT
10
-466.419
20
1712.245
30
0
0
SEQEND
8
BUILDINGS_CONTEXT
0
POLYLINE
8
BUILDINGS_CONTEXT
66
1
10
0
20
0
30
0
39
20.834
70
1
0
VERTEX
8
BUILDINGS_CONTEXT
10
-456.788
20
1738.862
30
0
0
VERTEX
8
BUILDINGS_CONTEXT
10
-460.419
20
1757.242
30
0
0
VERTEX
8
BUILDINGS_CONTEXT
10
-475.584
20
1754.246
30
0
0
VERTEX
8
BUILDINGS_CONTEXT
10
-471.954
20
1735.866
30
0
0
SEQEND
8
BUILDINGS_CONTEXT
0
POLYLINE
8
BUILDINGS_CONTEXT
66
1
10
0
20
0
30
0
39
16.6
70
1
0
VERTEX
8
BUILDINGS_CONTEXT
10
-473.517
20
1743.78
30
0
0
VERTEX
8
BUILDINGS_CONTEXT
10
-475.584
20
1754.246
30
0
0
VERTEX
8
BUILDINGS_CONTEXT
10
-505.222
20
1748.392
30
0
0
VERTEX
8
BUILDINGS_CONTEXT
10
-503.154
20
1737.925
30
0
0
SEQEND
8
BUILDINGS_CONTEXT
0
POLYLINE
8
BUILDINGS_CONTEXT
66
1
10
0
20
0
30
0
39
24.198
70
1
0
VERTEX
8
BUILDINGS_CONTEXT
10
-460.419
20
1757.242
30
0
0
VERTEX
8
BUILDINGS_CONTEXT
10
-467.267
20
1791.912
30
0
0
VERTEX
8
BUILDINGS_CONTEXT
10
-480.811
20
1789.236
30
0
0
VERTEX
8
BUILDINGS_CONTEXT
10
-473.962
20
1754.566
30
0
0
SEQEND
8
BUILDINGS_CONTEXT
0
POLYLINE
8
BUILDINGS_CONTEXT
66
1
10
0
20
0
30
0
39
17.167
70
1
0
VERTEX
8
BUILDINGS_CONTEXT
10
-467.267
20
1791.912
30
0
0
VERTEX
8
BUILDINGS_CONTEXT
10
-471.135
20
1811.49
30
0
0
VERTEX
8
BUILDINGS_CONTEXT
10
-485.092
20
1808.733
30
0
0
VERTEX
8
BUILDINGS_CONTEXT
10
-481.224
20
1789.155
30
0
0
SEQEND
8
BUILDINGS_CONTEXT
0
POLYLINE
8
BUILDINGS_CONTEXT
66
1
10
0
20
0
30
0
39
13.2
70
1
0
VERTEX
8
BUILDINGS_CONTEXT
10
-481.224
20
1789.155
30
0
0
VERTEX
8
BUILDINGS_CONTEXT
10
-483.557
20
1800.966
30
0
0
VERTEX
8
BUILDINGS_CONTEXT
10
-512.227
20
1795.303
30
0
0
VERTEX
8
BUILDINGS_CONTEXT
10
-509.894
20
1783.492
30
0
0
SEQEND
8
BUILDINGS_CONTEXT
0
POLYLINE
8
BUILDINGS_CONTEXT
66
1
10
0
20
0
30
0
39
17.92
70
1
0
VERTEX
8
BUILDINGS_CONTEXT
10
-423.547
20
1659.336
30
0
0
VERTEX
8
BUILDINGS_CONTEXT
10
-417.958
20
1631.041
30
0
0
VERTEX
8
BUILDINGS_CONTEXT
10
-404.812
20
1633.638
30
0
0
VERTEX
8
BUILDINGS_CONTEXT
10
-410.401
20
1661.932
30
0
0
SEQEND
8
BUILDINGS_CONTEXT
0
POLYLINE
8
BUILDINGS_CONTEXT
66
1
10
0
20
0
30
0
39
24.97
70
1
0
VERTEX
8
BUILDINGS_CONTEXT
10
-427.356
20
1678.617
30
0
0
VERTEX
8
BUILDINGS_CONTEXT
10
-423.547
20
1659.336
30
0
0
VERTEX
8
BUILDINGS_CONTEXT
10
-408.698
20
1662.269
30
0
0
VERTEX
8
BUILDINGS_CONTEXT
10
-412.506
20
1681.55
30
0
0
SEQEND
8
BUILDINGS_CONTEXT
0
POLYLINE
8
BUILDINGS_CONTEXT
66
1
10
0
20
0
30
0
39
23.4
70
1
0
VERTEX
8
BUILDINGS_CONTEXT
10
-412.506
20
1681.55
30
0
0
VERTEX
8
BUILDINGS_CONTEXT
10
-410.545
20
1671.622
30
0
0
VERTEX
8
BUILDINGS_CONTEXT
10
-387.59
20
1676.156
30
0
0
VERTEX
8
BUILDINGS_CONTEXT
10
-389.551
20
1686.084
30
0
0
SEQEND
8
BUILDINGS_CONTEXT
0
POLYLINE
8
BUILDINGS_CONTEXT
66
1
10
0
20
0
30
0
39
24.086
70
1
0
VERTEX
8
BUILDINGS_CONTEXT
10
-434.54
20
1714.987
30
0
0
VERTEX
8
BUILDINGS_CONTEXT
10
-427.356
20
1678.617
30
0
0
VERTEX
8
BUILDINGS_CONTEXT
10
-412.026
20
1681.645
30
0
0
VERTEX
8
BUILDINGS_CONTEXT
10
-419.21
20
1718.015
30
0
0
SEQEND
8
BUILDINGS_CONTEXT
0
POLYLINE
8
BUILDINGS_CONTEXT
66
1
10
0
20
0
30
0
39
23.4
70
1
0
VERTEX
8
BUILDINGS_CONTEXT
10
-419.21
20
1718.015
30
0
0
VERTEX
8
BUILDINGS_CONTEXT
10
-417.091
20
1707.283
30
0
0
VERTEX
8
BUILDINGS_CONTEXT
10
-385.702
20
1713.484
30
0
0
VERTEX
8
BUILDINGS_CONTEXT
10
-387.822
20
1724.215
30
0
0
SEQEND
8
BUILDINGS_CONTEXT
0
POLYLINE
8
BUILDINGS_CONTEXT
66
1
10
0
20
0
30
0
39
23.924
70
1
0
VERTEX
8
BUILDINGS_CONTEXT
10
-441.176
20
1748.582
30
0
0
VERTEX
8
BUILDINGS_CONTEXT
10
-434.54
20
1714.987
30
0
0
VERTEX
8
BUILDINGS_CONTEXT
10
-419.619
20
1717.934
30
0
0
VERTEX
8
BUILDINGS_CONTEXT
10
-426.255
20
1751.529
30
0
0
SEQEND
8
BUILDINGS_CONTEXT
0
POLYLINE
8
BUILDINGS_CONTEXT
66
1
10
0
20
0
30
0
39
20.77
70
1
0
VERTEX
8
BUILDINGS_CONTEXT
10
-444.505
20
1765.435
30
0
0
VERTEX
8
BUILDINGS_CONTEXT
10
-441.176
20
1748.582
30
0
0
VERTEX
8
BUILDINGS_CONTEXT
10
-428.263
20
1751.132
30
0
0
VERTEX
8
BUILDINGS_CONTEXT
10
-431.592
20
1767.986
30
0
0
SEQEND
8
BUILDINGS_CONTEXT
0
POLYLINE
8
BUILDINGS_CONTEXT
66
1
10
0
20
0
30
0
39
16.6
70
1
0
VERTEX
8
BUILDINGS_CONTEXT
10
-430.442
20
1762.163
30
0
0
VERTEX
8
BUILDINGS_CONTEXT
10
-428.263
20
1751.132
30
0
0
VERTEX
8
BUILDINGS_CONTEXT
10
-404.644
20
1755.798
30
0
0
VERTEX
8
BUILDINGS_CONTEXT
10
-406.823
20
1766.829
30
0
0
SEQEND
8
BUILDINGS_CONTEXT
0
POLYLINE
8
BUILDINGS_CONTEXT
66
1
10
0
20
0
30
0
39
24.08
70
1
0
VERTEX
8
BUILDINGS_CONTEXT
10
-450.861
20
1797.615
30
0
0
VERTEX
8
BUILDINGS_CONTEXT
10
-444.505
20
1765.435
30
0
0
VERTEX
8
BUILDINGS_CONTEXT
10
-428.018
20
1768.692
30
0
0
VERTEX
8
BUILDINGS_CONTEXT
10
-434.374
20
1800.871
30
0
0
SEQEND
8
BUILDINGS_CONTEXT
0
POLYLINE
8
BUILDINGS_CONTEXT
66
1
10
0
20
0
30
0
39
24.126
70
1
0
VERTEX
8
BUILDINGS_CONTEXT
10
-453.465
20
1810.795
30
0
0
VERTEX
8
BUILDINGS_CONTEXT
10
-450.861
20
1797.615
30
0
0
VERTEX
8
BUILDINGS_CONTEXT
10
-436.885
20
1800.376
30
0
0
VERTEX
8
BUILDINGS_CONTEXT
10
-439.488
20
1813.556
30
0
0
SEQEND
8
BUILDINGS_CONTEXT
0
POLYLINE
8
BUILDINGS_CONTEXT
66
1
10
0
20
0
30
0
39
18.042
70
1
0
VERTEX
8
BUILDINGS_CONTEXT
10
-292.618
20
1687.065
30
0
0
VERTEX
8
BUILDINGS_CONTEXT
10
-297.311
20
1712.582
30
0
0
VERTEX
8
BUILDINGS_CONTEXT
10
-311.471
20
1709.978
30
0
0
VERTEX
8
BUILDINGS_CONTEXT
10
-306.778
20
1684.461
30
0
0
SEQEND
8
BUILDINGS_CONTEXT
0
POLYLINE
8
BUILDINGS_CONTEXT
66
1
10
0
20
0
30
0
39
21.343
70
1
0
VERTEX
8
BUILDINGS_CONTEXT
10
-297.311
20
1712.582
30
0
0
VERTEX
8
BUILDINGS_CONTEXT
10
-301.013
20
1732.709
30
0
0
VERTEX
8
BUILDINGS_CONTEXT
10
-316.258
20
1729.905
30
0
0
VERTEX
8
BUILDINGS_CONTEXT
10
-312.556
20
1709.779
30
0
0
SEQEND
8
BUILDINGS_CONTEXT
0
POLYLINE
8
BUILDINGS_CONTEXT
66
1
10
0
20
0
30
0
39
20
70
1
0
VERTEX
8
BUILDINGS_CONTEXT
10
-314.17
20
1718.552
30
0
0
VERTEX
8
BUILDINGS_CONTEXT
10
-316.258
20
1729.905
30
0
0
VERTEX
8
BUILDINGS_CONTEXT
10
-348.031
20
1724.062
30
0
0
VERTEX
8
BUILDINGS_CONTEXT
10
-345.943
20
1712.709
30
0
0
SEQEND
8
BUILDINGS_CONTEXT
0
POLYLINE
8
BUILDINGS_CONTEXT
66
1
10
0
20
0
30
0
39
23.822
70
1
0
VERTEX
8
BUILDINGS_CONTEXT
10
-301.013
20
1732.709
30
0
0
VERTEX
8
BUILDINGS_CONTEXT
10
-307.057
20
1765.573
30
0
0
VERTEX
8
BUILDINGS_CONTEXT
10
-320.54
20
1763.094
30
0
0
VERTEX
8
BUILDINGS_CONTEXT
10
-314.496
20
1730.229
30
0
0
SEQEND
8
BUILDINGS_CONTEXT
0
POLYLINE
8
BUILDINGS_CONTEXT
66
1
10
0
20
0
30
0
39
20.754
70
1
0
VERTEX
8
BUILDINGS_CONTEXT
10
-307.057
20
1765.573
30
0
0
VERTEX
8
BUILDINGS_CONTEXT
10
-312.481
20
1795.069
30
0
0
VERTEX
8
BUILDINGS_CONTEXT
10
-328.563
20
1792.111
30
0
0
VERTEX
8
BUILDINGS_CONTEXT
10
-323.138
20
1762.616
30
0
0
SEQEND
8
BUILDINGS_CONTEXT
0
POLYLINE
8
BUILDINGS_CONTEXT
66
1
10
0
20
0
30
0
39
20
70
1
0
VERTEX
8
BUILDINGS_CONTEXT
10
-323.138
20
1762.616
30
0
0
VERTEX
8
BUILDINGS_CONTEXT
10
-325.35
20
1774.642
30
0
0
VERTEX
8
BUILDINGS_CONTEXT
10
-348.032
20
1770.47
30
0
0
VERTEX
8
BUILDINGS_CONTEXT
10
-345.82
20
1758.444
30
0
0
SEQEND
8
BUILDINGS_CONTEXT
0
POLYLINE
8
BUILDINGS_CONTEXT
66
1
10
0
20
0
30
0
39
24.867
70
1
0
VERTEX
8
BUILDINGS_CONTEXT
10
-312.481
20
1795.069
30
0
0
VERTEX
8
BUILDINGS_CONTEXT
10
-315.107
20
1809.35
30
0
0
VERTEX
8
BUILDINGS_CONTEXT
10
-330.409
20
1806.536
30
0
0
VERTEX
8
BUILDINGS_CONTEXT
10
-327.782
20
1792.255
30
0
0
SEQEND
8
BUILDINGS_CONTEXT
0
POLYLINE
8
BUILDINGS_CONTEXT
66
1
10
0
20
0
30
0
39
21.546
70
1
0
VERTEX
8
BUILDINGS_CONTEXT
10
-278.955
20
1707.866
30
0
0
VERTEX
8
BUILDINGS_CONTEXT
10
-275.702
20
1690.176
30
0
0
VERTEX
8
BUILDINGS_CONTEXT
10
-262.841
20
1692.541
30
0
0
VERTEX
8
BUILDINGS_CONTEXT
10
-266.094
20
1710.231
30
0
0
SEQEND
8
BUILDINGS_CONTEXT
0
POLYLINE
8
BUILDINGS_CONTEXT
66
1
10
0
20
0
30
0
39
17.256
70
1
0
VERTEX
8
BUILDINGS_CONTEXT
10
-289.668
20
1766.116
30
0
0
VERTEX
8
BUILDINGS_CONTEXT
10
-284.382
20
1737.371
30
0
0
VERTEX
8
BUILDINGS_CONTEXT
10
-268.942
20
1740.211
30
0
0
VERTEX
8
BUILDINGS_CONTEXT
10
-274.228
20
1768.955
30
0
0
SEQEND
8
BUILDINGS_CONTEXT
0
POLYLINE
8
BUILDINGS_CONTEXT
66
1
10
0
20
0
30
0
39
18.07
70
1
0
VERTEX
8
BUILDINGS_CONTEXT
10
-295.852
20
1799.744
30
0
0
VERTEX
8
BUILDINGS_CONTEXT
10
-289.668
20
1766.116
30
0
0
VERTEX
8
BUILDINGS_CONTEXT
10
-275.183
20
1768.779
30
0
0
VERTEX
8
BUILDINGS_CONTEXT
10
-281.367
20
1802.408
30
0
0
SEQEND
8
BUILDINGS_CONTEXT
0
POLYLINE
8
BUILDINGS_CONTEXT
66
1
10
0
20
0
30
0
39
13.2
70
1
0
VERTEX
8
BUILDINGS_CONTEXT
10
-281.367
20
1802.408
30
0
0
VERTEX
8
BUILDINGS_CONTEXT
10
-279.167
20
1790.442
30
0
0
VERTEX
8
BUILDINGS_CONTEXT
10
-258.637
20
1794.218
30
0
0
VERTEX
8
BUILDINGS_CONTEXT
10
-260.837
20
1806.183
30
0
0
SEQEND
8
BUILDINGS_CONTEXT
0
POLYLINE
8
BUILDINGS_CONTEXT
66
1
10
0
20
0
30
0
39
21.569
70
1
0
VERTEX
8
BUILDINGS_CONTEXT
10
-297.541
20
1808.923
30
0
0
VERTEX
8
BUILDINGS_CONTEXT
10
-295.852
20
1799.744
30
0
0
VERTEX
8
BUILDINGS_CONTEXT
10
-280.054
20
1802.649
30
0
0
VERTEX
8
BUILDINGS_CONTEXT
10
-281.742
20
1811.829
30
0
0
SEQEND
8
BUILDINGS_CONTEXT
0
POLYLINE
8
BUILDINGS_CONTEXT
66
1
10
0
20
0
30
0
39
18.04
70
1
0
VERTEX
8
BUILDINGS_CONTEXT
10
-151.855
20
1759.504
30
0
0
VERTEX
8
BUILDINGS_CONTEXT
10
-154.878
20
1780.06
30
0
0
VERTEX
8
BUILDINGS_CONTEXT
10
-167.924
20
1778.142
30
0
0
VERTEX
8
BUILDINGS_CONTEXT
10
-164.901
20
1757.586
30
0
0
SEQEND
8
BUILDINGS_CONTEXT
0
POLYLINE
8
BUILDINGS_CONTEXT
66
1
10
0
20
0
30
0
39
24.71
70
1
0
VERTEX
8
BUILDINGS_CONTEXT
10
-154.878
20
1780.06
30
0
0
VERTEX
8
BUILDINGS_CONTEXT
10
-158.239
20
1802.916
30
0
0
VERTEX
8
BUILDINGS_CONTEXT
10
-171.973
20
1800.896
30
0
0
VERTEX
8
BUILDINGS_CONTEXT
10
-168.612
20
1778.041
30
0
0
SEQEND
8
BUILDINGS_CONTEXT
0
POLYLINE
8
BUILDINGS_CONTEXT
66
1
10
0
20
0
30
0
39
24.485
70
1
0
VERTEX
8
BUILDINGS_CONTEXT
10
-158.239
20
1802.916
30
0
0
VERTEX
8
BUILDINGS_CONTEXT
10
-160.153
20
1815.929
30
0
0
VERTEX
8
BUILDINGS_CONTEXT
10
-175.887
20
1813.615
30
0
0
VERTEX
8
BUILDINGS_CONTEXT
10
-173.974
20
1800.602
30
0
0
SEQEND
8
BUILDINGS_CONTEXT
0
POLYLINE
8
BUILDINGS_CONTEXT
66
1
10
0
20
0
30
0
39
24.094
70
1
0
VERTEX
8
BUILDINGS_CONTEXT
10
-141.786
20
1809.257
30
0
0
VERTEX
8
BUILDINGS_CONTEXT
10
-137.02
20
1776.847
30
0
0
VERTEX
8
BUILDINGS_CONTEXT
10
-120.219
20
1779.318
30
0
0
VERTEX
8
BUILDINGS_CONTEXT
10
-124.985
20
1811.728
30
0
0
SEQEND
8
BUILDINGS_CONTEXT
0
POLYLINE
8
BUILDINGS_CONTEXT
66
1
10
0
20
0
30
0
39
23.856
70
1
0
VERTEX
8
BUILDINGS_CONTEXT
10
37.835
20
499.684
30
0
0
VERTEX
8
BUILDINGS_CONTEXT
10
61.465
20
506.454
30
0
0
VERTEX
8
BUILDINGS_CONTEXT
10
57.453
20
520.457
30
0
0
VERTEX
8
BUILDINGS_CONTEXT
10
33.823
20
513.688
30
0
0
SEQEND
8
BUILDINGS_CONTEXT
0
POLYLINE
8
BUILDINGS_CONTEXT
66
1
10
0
20
0
30
0
39
17.223
70
1
0
VERTEX
8
BUILDINGS_CONTEXT
10
61.465
20
506.454
30
0
0
VERTEX
8
BUILDINGS_CONTEXT
10
85.647
20
513.382
30
0
0
VERTEX
8
BUILDINGS_CONTEXT
10
81.355
20
528.365
30
0
0
VERTEX
8
BUILDINGS_CONTEXT
10
57.172
20
521.437
30
0
0
SEQEND
8
BUILDINGS_CONTEXT
0
POLYLINE
8
BUILDINGS_CONTEXT
66
1
10
0
20
0
30
0
39
17.087
70
1
0
VERTEX
8
BUILDINGS_CONTEXT
10
85.647
20
513.382
30
0
0
VERTEX
8
BUILDINGS_CONTEXT
10
107.786
20
519.724
30
0
0
VERTEX
8
BUILDINGS_CONTEXT
10
103.136
20
535.954
30
0
0
VERTEX
8
BUILDINGS_CONTEXT
10
80.998
20
529.612
30
0
0
SEQEND
8
BUILDINGS_CONTEXT
0
POLYLINE
8
BUILDINGS_CONTEXT
66
1
10
0
20
0
30
0
39
13.2
70
1
0
VERTEX
8
BUILDINGS_CONTEXT
10
80.998
20
529.612
30
0
0
VERTEX
8
BUILDINGS_CONTEXT
10
92.808
20
532.995
30
0
0
VERTEX
8
BUILDINGS_CONTEXT
10
86.789
20
554.005
30
0
0
VERTEX
8
BUILDINGS_CONTEXT
10
74.979
20
550.621
30
0
0
SEQEND
8
BUILDINGS_CONTEXT
0
POLYLINE
8
BUILDINGS_CONTEXT
66
1
10
0
20
0
30
0
39
17.255
70
1
0
VERTEX
8
BUILDINGS_CONTEXT
10
107.786
20
519.724
30
0
0
VERTEX
8
BUILDINGS_CONTEXT
10
129.099
20
525.83
30
0
0
VERTEX
8
BUILDINGS_CONTEXT
10
125.005
20
540.12
30
0
0
VERTEX
8
BUILDINGS_CONTEXT
10
103.692
20
534.014
30
0
0
SEQEND
8
BUILDINGS_CONTEXT
0
POLYLINE
8
BUILDINGS_CONTEXT
66
1
10
0
20
0
30
0
39
16.6
70
1
0
VERTEX
8
BUILDINGS_CONTEXT
10
115.3
20
537.339
30
0
0
VERTEX
8
BUILDINGS_CONTEXT
10
125.005
20
540.12
30
0
0
VERTEX
8
BUILDINGS_CONTEXT
10
118.034
20
564.452
30
0
0
VERTEX
8
BUILDINGS_CONTEXT
10
108.33
20
561.671
30
0
0
SEQEND
8
BUILDINGS_CONTEXT
0
POLYLINE
8
BUILDINGS_CONTEXT
66
1
10
0
20
0
30
0
39
17.431
70
1
0
VERTEX
8
BUILDINGS_CONTEXT
10
129.099
20
525.83
30
0
0
VERTEX
8
BUILDINGS_CONTEXT
10
160.004
20
534.684
30
0
0
VERTEX
8
BUILDINGS_CONTEXT
10
155.885
20
549.06
30
0
0
VERTEX
8
BUILDINGS_CONTEXT
10
124.98
20
540.206
30
0
0
SEQEND
8
BUILDINGS_CONTEXT
0
POLYLINE
8
BUILDINGS_CONTEXT
66
1
10
0
20
0
30
0
39
23.818
70
1
0
VERTEX
8
BUILDINGS_CONTEXT
10
232.103
20
555.339
30
0
0
VERTEX
8
BUILDINGS_CONTEXT
10
249.458
20
560.311
30
0
0
VERTEX
8
BUILDINGS_CONTEXT
10
245.503
20
574.117
30
0
0
VERTEX
8
BUILDINGS_CONTEXT
10
228.148
20
569.145
30
0
0
SEQEND
8
BUILDINGS_CONTEXT
0
POLYLINE
8
BUILDINGS_CONTEXT
66
1
10
0
20
0
30
0
39
23.4
70
1
0
VERTEX
8
BUILDINGS_CONTEXT
10
228.148
20
569.145
30
0
0
VERTEX
8
BUILDINGS_CONTEXT
10
240.08
20
572.563
30
0
0
VERTEX
8
BUILDINGS_CONTEXT
10
234.219
20
593.019
30
0
0
VERTEX
8
BUILDINGS_CONTEXT
10
222.288
20
589.601
30
0
0
SEQEND
8
BUILDINGS_CONTEXT
0
POLYLINE
8
BUILDINGS_CONTEXT
66
1
10
0
20
0
30
0
39
21.132
70
1
0
VERTEX
8
BUILDINGS_CONTEXT
10
249.458
20
560.311
30
0
0
VERTEX
8
BUILDINGS_CONTEXT
10
284.893
20
570.463
30
0
0
VERTEX
8
BUILDINGS_CONTEXT
10
280.358
20
586.293
30
0
0
VERTEX
8
BUILDINGS_CONTEXT
10
244.923
20
576.141
30
0
0
SEQEND
8
BUILDINGS_CONTEXT
0
POLYLINE
8
BUILDINGS_CONTEXT
66
1
10
0
20
0
30
0
39
20
70
1
0
VERTEX
8
BUILDINGS_CONTEXT
10
244.923
20
576.141
30
0
0
VERTEX
8
BUILDINGS_CONTEXT
10
256.631
20
579.496
30
0
0
VERTEX
8
BUILDINGS_CONTEXT
10
249.944
20
602.838
30
0
0
VERTEX
8
BUILDINGS_CONTEXT
10
238.236
20
599.484
30
0
0
SEQEND
8
BUILDINGS_CONTEXT
0
POLYLINE
8
BUILDINGS_CONTEXT
66
1
10
0
20
0
30
0
39
17.492
70
1
0
VERTEX
8
BUILDINGS_CONTEXT
10
308.926
20
577.348
30
0
0
VERTEX
8
BUILDINGS_CONTEXT
10
324.324
20
581.759
30
0
0
VERTEX
8
BUILDINGS_CONTEXT
10
319.993
20
596.876
30
0
0
VERTEX
8
BUILDINGS_CONTEXT
10
304.595
20
592.465
30
0
0
SEQEND
8
BUILDINGS_CONTEXT
0
POLYLINE
8
BUILDINGS_CONTEXT
66
1
10
0
20
0
30
0
39
20.626
70
1
0
VERTEX
8
BUILDINGS_CONTEXT
10
324.324
20
581.759
30
0
0
VERTEX
8
BUILDINGS_CONTEXT
10
357.64
20
591.304
30
0
0
VERTEX
8
BUILDINGS_CONTEXT
10
353.876
20
604.443
30
0
0
VERTEX
8
BUILDINGS_CONTEXT
10
320.56
20
594.898
30
0
0
SEQEND
8
BUILDINGS_CONTEXT
0
POLYLINE
8
BUILDINGS_CONTEXT
66
1
10
0
20
0
30
0
39
16.6
70
1
0
VERTEX
8
BUILDINGS_CONTEXT
10
341.379
20
600.863
30
0
0
VERTEX
8
BUILDINGS_CONTEXT
10
353.876
20
604.443
30
0
0
VERTEX
8
BUILDINGS_CONTEXT
10
348.745
20
622.351
30
0
0
VERTEX
8
BUILDINGS_CONTEXT
10
336.249
20
618.771
30
0
0
SEQEND
8
BUILDINGS_CONTEXT
0
POLYLINE
8
BUILDINGS_CONTEXT
66
1
10
0
20
0
30
0
39
21.21
70
1
0
VERTEX
8
BUILDINGS_CONTEXT
10
357.64
20
591.304
30
0
0
VERTEX
8
BUILDINGS_CONTEXT
10
386.961
20
599.704
30
0
0
VERTEX
8
BUILDINGS_CONTEXT
10
382.704
20
614.563
30
0
0
VERTEX
8
BUILDINGS_CONTEXT
10
353.383
20
606.163
30
0
0
SEQEND
8
BUILDINGS_CONTEXT
0
POLYLINE
8
BUILDINGS_CONTEXT
66
1
10
0
20
0
30
0
39
23.853
70
1
0
VERTEX
8
BUILDINGS_CONTEXT
10
386.961
20
599.704
30
0
0
VERTEX
8
BUILDINGS_CONTEXT
10
418.249
20
608.668
30
0
0
VERTEX
8
BUILDINGS_CONTEXT
10
413.684
20
624.604
30
0
0
VERTEX
8
BUILDINGS_CONTEXT
10
382.396
20
615.64
30
0
0
SEQEND
8
BUILDINGS_CONTEXT
0
POLYLINE
8
BUILDINGS_CONTEXT
66
1
10
0
20
0
30
0
39
20.825
70
1
0
VERTEX
8
BUILDINGS_CONTEXT
10
418.249
20
608.668
30
0
0
VERTEX
8
BUILDINGS_CONTEXT
10
435.661
20
613.656
30
0
0
VERTEX
8
BUILDINGS_CONTEXT
10
431.603
20
627.82
30
0
0
VERTEX
8
BUILDINGS_CONTEXT
10
414.192
20
622.832
30
0
0
SEQEND
8
BUILDINGS_CONTEXT
0
POLYLINE
8
BUILDINGS_CONTEXT
66
1
10
0
20
0
30
0
39
16.6
70
1
0
VERTEX
8
BUILDINGS_CONTEXT
10
414.192
20
622.832
30
0
0
VERTEX
8
BUILDINGS_CONTEXT
10
425.823
20
626.164
30
0
0
VERTEX
8
BUILDINGS_CONTEXT
10
420.781
20
643.765
30
0
0
VERTEX
8
BUILDINGS_CONTEXT
10
409.149
20
640.433
30
0
0
SEQEND
8
BUILDINGS_CONTEXT
0
POLYLINE
8
BUILDINGS_CONTEXT
66
1
10
0
20
0
30
0
39
21.55
70
1
0
VERTEX
8
BUILDINGS_CONTEXT
10
435.661
20
613.656
30
0
0
VERTEX
8
BUILDINGS_CONTEXT
10
464.504
20
621.919
30
0
0
VERTEX
8
BUILDINGS_CONTEXT
10
460.059
20
637.433
30
0
0
VERTEX
8
BUILDINGS_CONTEXT
10
431.216
20
629.17
30
0
0
SEQEND
8
BUILDINGS_CONTEXT
0
POLYLINE
8
BUILDINGS_CONTEXT
66
1
10
0
20
0
30
0
39
16.6
70
1
0
VERTEX
8
BUILDINGS_CONTEXT
10
449.967
20
634.542
30
0
0
VERTEX
8
BUILDINGS_CONTEXT
10
460.059
20
637.433
30
0
0
VERTEX
8
BUILDINGS_CONTEXT
10
453.839
20
659.144
30
0
0
VERTEX
8
BUILDINGS_CONTEXT
10
443.747
20
656.253
30
0
0
SEQEND
8
BUILDINGS_CONTEXT
0
POLYLINE
8
BUILDINGS_CONTEXT
66
1
10
0
20
0
30
0
39
17.794
70
1
0
VERTEX
8
BUILDINGS_CONTEXT
10
464.504
20
621.919
30
0
0
VERTEX
8
BUILDINGS_CONTEXT
10
483.793
20
627.445
30
0
0
VERTEX
8
BUILDINGS_CONTEXT
10
479.524
20
642.346
30
0
0
VERTEX
8
BUILDINGS_CONTEXT
10
460.235
20
636.82
30
0
0
SEQEND
8
BUILDINGS_CONTEXT
0
POLYLINE
8
BUILDINGS_CONTEXT
66
1
10
0
20
0
30
0
39
17.355
70
1
0
VERTEX
8
BUILDINGS_CONTEXT
10
551.086
20
646.724
30
0
0
VERTEX
8
BUILDINGS_CONTEXT
10
579.236
20
654.788
30
0
0
VERTEX
8
BUILDINGS_CONTEXT
10
575.167
20
668.991
30
0
0
VERTEX
8
BUILDINGS_CONTEXT
10
547.017
20
660.927
30
0
0
SEQEND
8
BUILDINGS_CONTEXT
0
POLYLINE
8
BUILDINGS_CONTEXT
66
1
10
0
20
0
30
0
39
16.6
70
1
0
VERTEX
8
BUILDINGS_CONTEXT
10
562.712
20
665.423
30
0
0
VERTEX
8
BUILDINGS_CONTEXT
10
575.167
20
668.991
30
0
0
VERTEX
8
BUILDINGS_CONTEXT
10
569.844
20
687.57
30
0
0
VERTEX
8
BUILDINGS_CONTEXT
10
557.39
20
684.002
30
0
0
SEQEND
8
BUILDINGS_CONTEXT
0
POLYLINE
8
BUILDINGS_CONTEXT
66
1
10
0
20
0
30
0
39
20.804
70
1
0
VERTEX
8
BUILDINGS_CONTEXT
10
579.236
20
654.788
30
0
0
VERTEX
8
BUILDINGS_CONTEXT
10
601.741
20
661.236
30
0
0
VERTEX
8
BUILDINGS_CONTEXT
10
597.722
20
675.265
30
0
0
VERTEX
8
BUILDINGS_CONTEXT
10
575.217
20
668.818
30
0
0
SEQEND
8
BUILDINGS_CONTEXT
0
POLYLINE
8
BUILDINGS_CONTEXT
66
1
10
0
20
0
30
0
39
24.915
70
1
0
VERTEX
8
BUILDINGS_CONTEXT
10
601.741
20
661.236
30
0
0
VERTEX
8
BUILDINGS_CONTEXT
10
625.568
20
668.062
30
0
0
VERTEX
8
BUILDINGS_CONTEXT
10
621.735
20
681.44
30
0
0
VERTEX
8
BUILDINGS_CONTEXT
10
597.908
20
674.614
30
0
0
SEQEND
8
BUILDINGS_CONTEXT
0
POLYLINE
8
BUILDINGS_CONTEXT
66
1
10
0
20
0
30
0
39
23.4
70
1
0
VERTEX
8
BUILDINGS_CONTEXT
10
597.908
20
674.614
30
0
0
VERTEX
8
BUILDINGS_CONTEXT
10
607.855
20
677.464
30
0
0
VERTEX
8
BUILDINGS_CONTEXT
10
599.294
20
707.348
30
0
0
VERTEX
8
BUILDINGS_CONTEXT
10
589.347
20
704.498
30
0
0
SEQEND
8
BUILDINGS_CONTEXT
0
POLYLINE
8
BUILDINGS_CONTEXT
66
1
10
0
20
0
30
0
39
20.531
70
1
0
VERTEX
8
BUILDINGS_CONTEXT
10
77.454
20
496.263
30
0
0
VERTEX
8
BUILDINGS_CONTEXT
10
41.746
20
486.033
30
0
0
VERTEX
8
BUILDINGS_CONTEXT
10
46.408
20
469.758
30
0
0
VERTEX
8
BUILDINGS_CONTEXT
10
82.117
20
479.988
30
0
0
SEQEND
8
BUILDINGS_CONTEXT
0
POLYLINE
8
BUILDINGS_CONTEXT
66
1
10
0
20
0
30
0
39
20.552
70
1
0
VERTEX
8
BUILDINGS_CONTEXT
10
100.983
20
503.004
30
0
0
VERTEX
8
BUILDINGS_CONTEXT
10
77.454
20
496.263
30
0
0
VERTEX
8
BUILDINGS_CONTEXT
10
81.379
20
482.565
30
0
0
VERTEX
8
BUILDINGS_CONTEXT
10
104.908
20
489.306
30
0
0
SEQEND
8
BUILDINGS_CONTEXT
0
POLYLINE
8
BUILDINGS_CONTEXT
66
1
10
0
20
0
30
0
39
17.574
70
1
0
VERTEX
8
BUILDINGS_CONTEXT
10
121.631
20
508.92
30
0
0
VERTEX
8
BUILDINGS_CONTEXT
10
100.983
20
503.004
30
0
0
VERTEX
8
BUILDINGS_CONTEXT
10
105.55
20
487.065
30
0
0
VERTEX
8
BUILDINGS_CONTEXT
10
126.197
20
492.981
30
0
0
SEQEND
8
BUILDINGS_CONTEXT
0
POLYLINE
8
BUILDINGS_CONTEXT
66
1
10
0
20
0
30
0
39
18.138
70
1
0
VERTEX
8
BUILDINGS_CONTEXT
10
155.092
20
518.505
30
0
0
VERTEX
8
BUILDINGS_CONTEXT
10
121.631
20
508.92
30
0
0
VERTEX
8
BUILDINGS_CONTEXT
10
125.299
20
496.117
30
0
0
VERTEX
8
BUILDINGS_CONTEXT
10
158.759
20
505.703
30
0
0
SEQEND
8
BUILDINGS_CONTEXT
0
POLYLINE
8
BUILDINGS_CONTEXT
66
1
10
0
20
0
30
0
39
21.467
70
1
0
VERTEX
8
BUILDINGS_CONTEXT
10
269.051
20
551.153
30
0
0
VERTEX
8
BUILDINGS_CONTEXT
10
241.611
20
543.292
30
0
0
VERTEX
8
BUILDINGS_CONTEXT
10
245.828
20
528.572
30
0
0
VERTEX
8
BUILDINGS_CONTEXT
10
273.268
20
536.434
30
0
0
SEQEND
8
BUILDINGS_CONTEXT
0
POLYLINE
8
BUILDINGS_CONTEXT
66
1
10
0
20
0
30
0
39
20
70
1
0
VERTEX
8
BUILDINGS_CONTEXT
10
257.917
20
532.036
30
0
0
VERTEX
8
BUILDINGS_CONTEXT
10
245.828
20
528.572
30
0
0
VERTEX
8
BUILDINGS_CONTEXT
10
252.439
20
505.498
30
0
0
VERTEX
8
BUILDINGS_CONTEXT
10
264.527
20
508.961
30
0
0
SEQEND
8
BUILDINGS_CONTEXT
0
POLYLINE
8
BUILDINGS_CONTEXT
66
1
10
0
20
0
30
0
39
24.4
70
1
0
VERTEX
8
BUILDINGS_CONTEXT
10
284.653
20
555.623
30
0
0
VERTEX
8
BUILDINGS_CONTEXT
10
269.051
20
551.153
30
0
0
VERTEX
8
BUILDINGS_CONTEXT
10
272.72
20
538.347
30
0
0
VERTEX
8
BUILDINGS_CONTEXT
10
288.322
20
542.816
30
0
0
SEQEND
8
BUILDINGS_CONTEXT
0
POLYLINE
8
BUILDINGS_CONTEXT
66
1
10
0
20
0
30
0
39
20
70
1
0
VERTEX
8
BUILDINGS_CONTEXT
10
283.436
20
541.417
30
0
0
VERTEX
8
BUILDINGS_CONTEXT
10
272.72
20
538.347
30
0
0
VERTEX
8
BUILDINGS_CONTEXT
10
277.983
20
519.976
30
0
0
VERTEX
8
BUILDINGS_CONTEXT
10
288.699
20
523.046
30
0
0
SEQEND
8
BUILDINGS_CONTEXT
0
POLYLINE
8
BUILDINGS_CONTEXT
66
1
10
0
20
0
30
0
39
20.658
70
1
0
VERTEX
8
BUILDINGS_CONTEXT
10
293.868
20
558.263
30
0
0
VERTEX
8
BUILDINGS_CONTEXT
10
284.653
20
555.623
30
0
0
VERTEX
8
BUILDINGS_CONTEXT
10
288.548
20
542.025
30
0
0
VERTEX
8
BUILDINGS_CONTEXT
10
297.764
20
544.665
30
0
0
SEQEND
8
BUILDINGS_CONTEXT
0
POLYLINE
8
BUILDINGS_CONTEXT
66
1
10
0
20
0
30
0
39
21.263
70
1
0
VERTEX
8
BUILDINGS_CONTEXT
10
344.749
20
572.84
30
0
0
VERTEX
8
BUILDINGS_CONTEXT
10
313.094
20
563.771
30
0
0
VERTEX
8
BUILDINGS_CONTEXT
10
316.675
20
551.273
30
0
0
VERTEX
8
BUILDINGS_CONTEXT
10
348.33
20
560.341
30
0
0
SEQEND
8
BUILDINGS_CONTEXT
0
POLYLINE
8
BUILDINGS_CONTEXT
66
1
10
0
20
0
30
0
39
21.103
70
1
0
VERTEX
8
BUILDINGS_CONTEXT
10
379.384
20
582.762
30
0
0
VERTEX
8
BUILDINGS_CONTEXT
10
344.749
20
572.84
30
0
0
VERTEX
8
BUILDINGS_CONTEXT
10
348.332
20
560.333
30
0
0
VERTEX
8
BUILDINGS_CONTEXT
10
382.967
20
570.256
30
0
0
SEQEND
8
BUILDINGS_CONTEXT
0
POLYLINE
8
BUILDINGS_CONTEXT
66
1
10
0
20
0
30
0
39
20
70
1
0
VERTEX
8
BUILDINGS_CONTEXT
10
382.967
20
570.256
30
0
0
VERTEX
8
BUILDINGS_CONTEXT
10
371.957
20
567.101
30
0
0
VERTEX
8
BUILDINGS_CONTEXT
10
377.282
20
548.516
30
0
0
VERTEX
8
BUILDINGS_CONTEXT
10
388.292
20
551.67
30
0
0
SEQEND
8
BUILDINGS_CONTEXT
0
POLYLINE
8
BUILDINGS_CONTEXT
66
1
10
0
20
0
30
0
39
23.901
70
1
0
VERTEX
8
BUILDINGS_CONTEXT
10
400.853
20
588.913
30
0
0
VERTEX
8
BUILDINGS_CONTEXT
10
379.384
20
582.762
30
0
0
VERTEX
8
BUILDINGS_CONTEXT
10
383.836
20
567.225
30
0
0
VERTEX
8
BUILDINGS_CONTEXT
10
405.304
20
573.375
30
0
0
SEQEND
8
BUILDINGS_CONTEXT
0
POLYLINE
8
BUILDINGS_CONTEXT
66
1
10
0
20
0
30
0
39
20
70
1
0
VERTEX
8
BUILDINGS_CONTEXT
10
405.304
20
573.375
30
0
0
VERTEX
8
BUILDINGS_CONTEXT
10
393.967
20
570.127
30
0
0
VERTEX
8
BUILDINGS_CONTEXT
10
401.359
20
544.324
30
0
0
VERTEX
8
BUILDINGS_CONTEXT
10
412.696
20
547.572
30
0
0
SEQEND
8
BUILDINGS_CONTEXT
0
POLYLINE
8
BUILDINGS_CONTEXT
66
1
10
0
20
0
30
0
39
17.414
70
1
0
VERTEX
8
BUILDINGS_CONTEXT
10
423.329
20
595.352
30
0
0
VERTEX
8
BUILDINGS_CONTEXT
10
400.853
20
588.913
30
0
0
VERTEX
8
BUILDINGS_CONTEXT
10
404.968
20
574.55
30
0
0
VERTEX
8
BUILDINGS_CONTEXT
10
427.444
20
580.989
30
0
0
SEQEND
8
BUILDINGS_CONTEXT
0
POLYLINE
8
BUILDINGS_CONTEXT
66
1
10
0
20
0
30
0
39
17.255
70
1
0
VERTEX
8
BUILDINGS_CONTEXT
10
452.831
20
603.804
30
0
0
VERTEX
8
BUILDINGS_CONTEXT
10
423.329
20
595.352
30
0
0
VERTEX
8
BUILDINGS_CONTEXT
10
427.154
20
582.002
30
0
0
VERTEX
8
BUILDINGS_CONTEXT
10
456.655
20
590.454
30
0
0
SEQEND
8
BUILDINGS_CONTEXT
0
POLYLINE
8
BUILDINGS_CONTEXT
66
1
10
0
20
0
30
0
39
16.6
70
1
0
VERTEX
8
BUILDINGS_CONTEXT
10
456.655
20
590.454
30
0
0
VERTEX
8
BUILDINGS_CONTEXT
10
444.476
20
586.964
30
0
0
VERTEX
8
BUILDINGS_CONTEXT
10
449.095
20
570.844
30
0
0
VERTEX
8
BUILDINGS_CONTEXT
10
461.274
20
574.333
30
0
0
SEQEND
8
BUILDINGS_CONTEXT
0
POLYLINE
8
BUILDINGS_CONTEXT
66
1
10
0
20
0
30
0
39
17.117
70
1
0
VERTEX
8
BUILDINGS_CONTEXT
10
474.059
20
609.885
30
0
0
VERTEX
8
BUILDINGS_CONTEXT
10
452.831
20
603.804
30
0
0
VERTEX
8
BUILDINGS_CONTEXT
10
457.056
20
589.054
30
0
0
VERTEX
8
BUILDINGS_CONTEXT
10
478.285
20
595.136
30
0
0
SEQEND
8
BUILDINGS_CONTEXT
0
POLYLINE
8
BUILDINGS_CONTEXT
66
1
10
0
20
0
30
0
39
16.6
70
1
0
VERTEX
8
BUILDINGS_CONTEXT
10
469.383
20
592.585
30
0
0
VERTEX
8
BUILDINGS_CONTEXT
10
457.056
20
589.054
30
0
0
VERTEX
8
BUILDINGS_CONTEXT
10
463.057
20
568.11
30
0
0
VERTEX
8
BUILDINGS_CONTEXT
10
475.384
20
571.641
30
0
0
SEQEND
8
BUILDINGS_CONTEXT
0
POLYLINE
8
BUILDINGS_CONTEXT
66
1
10
0
20
0
30
0
39
24.91
70
1
0
VERTEX
8
BUILDINGS_CONTEXT
10
484.899
20
612.991
30
0
0
VERTEX
8
BUILDINGS_CONTEXT
10
474.059
20
609.885
30
0
0
VERTEX
8
BUILDINGS_CONTEXT
10
478.385
20
594.787
30
0
0
VERTEX
8
BUILDINGS_CONTEXT
10
489.225
20
597.892
30
0
0
SEQEND
8
BUILDINGS_CONTEXT
0
POLYLINE
8
BUILDINGS_CONTEXT
66
1
10
0
20
0
30
0
39
24.879
70
1
0
VERTEX
8
BUILDINGS_CONTEXT
10
581.731
20
640.732
30
0
0
VERTEX
8
BUILDINGS_CONTEXT
10
561.806
20
635.024
30
0
0
VERTEX
8
BUILDINGS_CONTEXT
10
565.709
20
621.397
30
0
0
VERTEX
8
BUILDINGS_CONTEXT
10
585.635
20
627.106
30
0
0
SEQEND
8
BUILDINGS_CONTEXT
0
POLYLINE
8
BUILDINGS_CONTEXT
66
1
10
0
20
0
30
0
39
24.571
70
1
0
VERTEX
8
BUILDINGS_CONTEXT
10
612.603
20
649.576
30
0
0
VERTEX
8
BUILDINGS_CONTEXT
10
581.731
20
640.732
30
0
0
VERTEX
8
BUILDINGS_CONTEXT
10
586.084
20
625.54
30
0
0
VERTEX
8
BUILDINGS_CONTEXT
10
616.955
20
634.385
30
0
0
SEQEND
8
BUILDINGS_CONTEXT
0
POLYLINE
8
BUILDINGS_CONTEXT
66
1
10
0
20
0
30
0
39
24.763
70
1
0
VERTEX
8
BUILDINGS_CONTEXT
10
627.46
20
653.833
30
0
0
VERTEX
8
BUILDINGS_CONTEXT
10
612.603
20
649.576
30
0
0
VERTEX
8
BUILDINGS_CONTEXT
10
617.069
20
633.986
30
0
0
VERTEX
8
BUILDINGS_CONTEXT
10
631.927
20
638.243
30
0
0
SEQEND
8
BUILDINGS_CONTEXT
0
POLYLINE
8
BUILDINGS_CONTEXT
66
1
10
0
20
0
30
0
39
18.176
70
1
0
VERTEX
8
BUILDINGS_CONTEXT
10
343.241
20
368.14
30
0
0
VERTEX
8
BUILDINGS_CONTEXT
10
337.841
20
390.844
30
0
0
VERTEX
8
BUILDINGS_CONTEXT
10
322.966
20
387.306
30
0
0
VERTEX
8
BUILDINGS_CONTEXT
10
328.367
20
364.602
30
0
0
SEQEND
8
BUILDINGS_CONTEXT
0
POLYLINE
8
BUILDINGS_CONTEXT
66
1
10
0
20
0
30
0
39
21.482
70
1
0
VERTEX
8
BUILDINGS_CONTEXT
10
337.841
20
390.844
30
0
0
VERTEX
8
BUILDINGS_CONTEXT
10
329.316
20
426.684
30
0
0
VERTEX
8
BUILDINGS_CONTEXT
10
313.357
20
422.888
30
0
0
VERTEX
8
BUILDINGS_CONTEXT
10
321.881
20
387.048
30
0
0
SEQEND
8
BUILDINGS_CONTEXT
0
POLYLINE
8
BUILDINGS_CONTEXT
66
1
10
0
20
0
30
0
39
20
70
1
0
VERTEX
8
BUILDINGS_CONTEXT
10
315.955
20
411.964
30
0
0
VERTEX
8
BUILDINGS_CONTEXT
10
313.357
20
422.888
30
0
0
VERTEX
8
BUILDINGS_CONTEXT
10
291.746
20
417.747
30
0
0
VERTEX
8
BUILDINGS_CONTEXT
10
294.344
20
406.824
30
0
0
SEQEND
8
BUILDINGS_CONTEXT
0
POLYLINE
8
BUILDINGS_CONTEXT
66
1
10
0
20
0
30
0
39
17.706
70
1
0
VERTEX
8
BUILDINGS_CONTEXT
10
329.316
20
426.684
30
0
0
VERTEX
8
BUILDINGS_CONTEXT
10
323.612
20
450.663
30
0
0
VERTEX
8
BUILDINGS_CONTEXT
10
308.421
20
447.05
30
0
0
VERTEX
8
BUILDINGS_CONTEXT
10
314.125
20
423.07
30
0
0
SEQEND
8
BUILDINGS_CONTEXT
0
POLYLINE
8
BUILDINGS_CONTEXT
66
1
10
0
20
0
30
0
39
21.194
70
1
0
VERTEX
8
BUILDINGS_CONTEXT
10
323.612
20
450.663
30
0
0
VERTEX
8
BUILDINGS_CONTEXT
10
316.322
20
481.312
30
0
0
VERTEX
8
BUILDINGS_CONTEXT
10
301.377
20
477.757
30
0
0
VERTEX
8
BUILDINGS_CONTEXT
10
308.668
20
447.108
30
0
0
SEQEND
8
BUILDINGS_CONTEXT
0
POLYLINE
8
BUILDINGS_CONTEXT
66
1
10
0
20
0
30
0
39
17.059
70
1
0
VERTEX
8
BUILDINGS_CONTEXT
10
316.322
20
481.312
30
0
0
VERTEX
8
BUILDINGS_CONTEXT
10
311.926
20
499.791
30
0
0
VERTEX
8
BUILDINGS_CONTEXT
10
298.378
20
496.569
30
0
0
VERTEX
8
BUILDINGS_CONTEXT
10
302.774
20
478.089
30
0
0
SEQEND
8
BUILDINGS_CONTEXT
0
POLYLINE
8
BUILDINGS_CONTEXT
66
1
10
0
20
0
30
0
39
13.2
70
1
0
VERTEX
8
BUILDINGS_CONTEXT
10
300.813
20
486.333
30
0
0
VERTEX
8
BUILDINGS_CONTEXT
10
298.378
20
496.569
30
0
0
VERTEX
8
BUILDINGS_CONTEXT
10
270.754
20
489.998
30
0
0
VERTEX
8
BUILDINGS_CONTEXT
10
273.189
20
479.762
30
0
0
SEQEND
8
BUILDINGS_CONTEXT
0
POLYLINE
8
BUILDINGS_CONTEXT
66
1
10
0
20
0
30
0
39
20.765
70
1
0
VERTEX
8
BUILDINGS_CONTEXT
10
311.926
20
499.791
30
0
0
VERTEX
8
BUILDINGS_CONTEXT
10
304.899
20
529.335
30
0
0
VERTEX
8
BUILDINGS_CONTEXT
10
289.867
20
525.76
30
0
0
VERTEX
8
BUILDINGS_CONTEXT
10
296.895
20
496.216
30
0
0
SEQEND
8
BUILDINGS_CONTEXT
0
POLYLINE
8
BUILDINGS_CONTEXT
66
1
10
0
20
0
30
0
39
16.6
70
1
0
VERTEX
8
BUILDINGS_CONTEXT
10
296.895
20
496.216
30
0
0
VERTEX
8
BUILDINGS_CONTEXT
10
294.234
20
507.401
30
0
0
VERTEX
8
BUILDINGS_CONTEXT
10
270.636
20
501.788
30
0
0
VERTEX
8
BUILDINGS_CONTEXT
10
273.296
20
490.602
30
0
0
SEQEND
8
BUILDINGS_CONTEXT
0
POLYLINE
8
BUILDINGS_CONTEXT
66
1
10
0
20
0
30
0
39
17.802
70
1
0
VERTEX
8
BUILDINGS_CONTEXT
10
304.899
20
529.335
30
0
0
VERTEX
8
BUILDINGS_CONTEXT
10
302.132
20
540.966
30
0
0
VERTEX
8
BUILDINGS_CONTEXT
10
285.708
20
537.06
30
0
0
VERTEX
8
BUILDINGS_CONTEXT
10
288.475
20
525.429
30
0
0
SEQEND
8
BUILDINGS_CONTEXT
0
POLYLINE
8
BUILDINGS_CONTEXT
66
1
10
0
20
0
30
0
39
21.41
70
1
0
VERTEX
8
BUILDINGS_CONTEXT
10
290.562
20
589.609
30
0
0
VERTEX
8
BUILDINGS_CONTEXT
10
283.483
20
619.371
30
0
0
VERTEX
8
BUILDINGS_CONTEXT
10
269.951
20
616.152
30
0
0
VERTEX
8
BUILDINGS_CONTEXT
10
277.031
20
586.391
30
0
0
SEQEND
8
BUILDINGS_CONTEXT
0
POLYLINE
8
BUILDINGS_CONTEXT
66
1
10
0
20
0
30
0
39
17.21
70
1
0
VERTEX
8
BUILDINGS_CONTEXT
10
283.483
20
619.371
30
0
0
VERTEX
8
BUILDINGS_CONTEXT
10
277.615
20
644.037
30
0
0
VERTEX
8
BUILDINGS_CONTEXT
10
262.327
20
640.401
30
0
0
VERTEX
8
BUILDINGS_CONTEXT
10
268.194
20
615.734
30
0
0
SEQEND
8
BUILDINGS_CONTEXT
0
POLYLINE
8
BUILDINGS_CONTEXT
66
1
10
0
20
0
30
0
39
18.12
70
1
0
VERTEX
8
BUILDINGS_CONTEXT
10
277.615
20
644.037
30
0
0
VERTEX
8
BUILDINGS_CONTEXT
10
273.625
20
660.812
30
0
0
VERTEX
8
BUILDINGS_CONTEXT
10
257.85
20
657.06
30
0
0
VERTEX
8
BUILDINGS_CONTEXT
10
261.84
20
640.285
30
0
0
SEQEND
8
BUILDINGS_CONTEXT
0
POLYLINE
8
BUILDINGS_CONTEXT
66
1
10
0
20
0
30
0
39
16.6
70
1
0
VERTEX
8
BUILDINGS_CONTEXT
10
261.84
20
640.285
30
0
0
VERTEX
8
BUILDINGS_CONTEXT
10
259.14
20
651.635
30
0
0
VERTEX
8
BUILDINGS_CONTEXT
10
234.186
20
645.7
30
0
0
VERTEX
8
BUILDINGS_CONTEXT
10
236.886
20
634.349
30
0
0
SEQEND
8
BUILDINGS_CONTEXT
0
POLYLINE
8
BUILDINGS_CONTEXT
66
1
10
0
20
0
30
0
39
17.977
70
1
0
VERTEX
8
BUILDINGS_CONTEXT
10
273.625
20
660.812
30
0
0
VERTEX
8
BUILDINGS_CONTEXT
10
265.392
20
695.427
30
0
0
VERTEX
8
BUILDINGS_CONTEXT
10
252.388
20
692.334
30
0
0
VERTEX
8
BUILDINGS_CONTEXT
10
260.622
20
657.719
30
0
0
SEQEND
8
BUILDINGS_CONTEXT
0
POLYLINE
8
BUILDINGS_CONTEXT
66
1
10
0
20
0
30
0
39
16.6
70
1
0
VERTEX
8
BUILDINGS_CONTEXT
10
255.21
20
680.469
30
0
0
VERTEX
8
BUILDINGS_CONTEXT
10
252.388
20
692.334
30
0
0
VERTEX
8
BUILDINGS_CONTEXT
10
232.744
20
687.661
30
0
0
VERTEX
8
BUILDINGS_CONTEXT
10
235.566
20
675.796
30
0
0
SEQEND
8
BUILDINGS_CONTEXT
0
POLYLINE
8
BUILDINGS_CONTEXT
66
1
10
0
20
0
30
0
39
20.405
70
1
0
VERTEX
8
BUILDINGS_CONTEXT
10
265.392
20
695.427
30
0
0
VERTEX
8
BUILDINGS_CONTEXT
10
258.301
20
725.238
30
0
0
VERTEX
8
BUILDINGS_CONTEXT
10
242.45
20
721.467
30
0
0
VERTEX
8
BUILDINGS_CONTEXT
10
249.541
20
691.656
30
0
0
SEQEND
8
BUILDINGS_CONTEXT
0
POLYLINE
8
BUILDINGS_CONTEXT
66
1
10
0
20
0
30
0
39
20
70
1
0
VERTEX
8
BUILDINGS_CONTEXT
10
249.541
20
691.656
30
0
0
VERTEX
8
BUILDINGS_CONTEXT
10
246.881
20
702.838
30
0
0
VERTEX
8
BUILDINGS_CONTEXT
10
214.845
20
695.217
30
0
0
VERTEX
8
BUILDINGS_CONTEXT
10
217.505
20
684.036
30
0
0
SEQEND
8
BUILDINGS_CONTEXT
0
POLYLINE
8
BUILDINGS_CONTEXT
66
1
10
0
20
0
30
0
39
24.681
70
1
0
VERTEX
8
BUILDINGS_CONTEXT
10
258.301
20
725.238
30
0
0
VERTEX
8
BUILDINGS_CONTEXT
10
255.819
20
735.673
30
0
0
VERTEX
8
BUILDINGS_CONTEXT
10
241.877
20
732.357
30
0
0
VERTEX
8
BUILDINGS_CONTEXT
10
244.36
20
721.921
30
0
0
SEQEND
8
BUILDINGS_CONTEXT
0
POLYLINE
8
BUILDINGS_CONTEXT
66
1
10
0
20
0
30
0
39
17.38
70
1
0
VERTEX
8
BUILDINGS_CONTEXT
10
241.934
20
794.044
30
0
0
VERTEX
8
BUILDINGS_CONTEXT
10
233.524
20
829.401
30
0
0
VERTEX
8
BUILDINGS_CONTEXT
10
218.483
20
825.823
30
0
0
VERTEX
8
BUILDINGS_CONTEXT
10
226.893
20
790.467
30
0
0
SEQEND
8
BUILDINGS_CONTEXT
0
POLYLINE
8
BUILDINGS_CONTEXT
66
1
10
0
20
0
30
0
39
24.888
70
1
0
VERTEX
8
BUILDINGS_CONTEXT
10
233.524
20
829.401
30
0
0
VERTEX
8
BUILDINGS_CONTEXT
10
229.361
20
846.903
30
0
0
VERTEX
8
BUILDINGS_CONTEXT
10
215.671
20
843.647
30
0
0
VERTEX
8
BUILDINGS_CONTEXT
10
219.835
20
826.145
30
0
0
SEQEND
8
BUILDINGS_CONTEXT
0
POLYLINE
8
BUILDINGS_CONTEXT
66
1
10
0
20
0
30
0
39
20
70
1
0
VERTEX
8
BUILDINGS_CONTEXT
10
218.207
20
832.989
30
0
0
VERTEX
8
BUILDINGS_CONTEXT
10
215.671
20
843.647
30
0
0
VERTEX
8
BUILDINGS_CONTEXT
10
187.602
20
836.97
30
0
0
VERTEX
8
BUILDINGS_CONTEXT
10
190.137
20
826.313
30
0
0
SEQEND
8
BUILDINGS_CONTEXT
0
POLYLINE
8
BUILDINGS_CONTEXT
66
1
10
0
20
0
30
0
39
18.133
70
1
0
VERTEX
8
BUILDINGS_CONTEXT
10
229.361
20
846.903
30
0
0
VERTEX
8
BUILDINGS_CONTEXT
10
220.891
20
882.512
30
0
0
VERTEX
8
BUILDINGS_CONTEXT
10
206.858
20
879.175
30
0
0
VERTEX
8
BUILDINGS_CONTEXT
10
215.328
20
843.565
30
0
0
SEQEND
8
BUILDINGS_CONTEXT
0
POLYLINE
8
BUILDINGS_CONTEXT
66
1
10
0
20
0
30
0
39
13.2
70
1
0
VERTEX
8
BUILDINGS_CONTEXT
10
209.595
20
867.669
30
0
0
VERTEX
8
BUILDINGS_CONTEXT
10
206.858
20
879.175
30
0
0
VERTEX
8
BUILDINGS_CONTEXT
10
190.126
20
875.195
30
0
0
VERTEX
8
BUILDINGS_CONTEXT
10
192.863
20
863.689
30
0
0
SEQEND
8
BUILDINGS_CONTEXT
0
POLYLINE
8
BUILDINGS_CONTEXT
66
1
10
0
20
0
30
0
39
21.291
70
1
0
VERTEX
8
BUILDINGS_CONTEXT
10
220.891
20
882.512
30
0
0
VERTEX
8
BUILDINGS_CONTEXT
10
214.555
20
909.148
30
0
0
VERTEX
8
BUILDINGS_CONTEXT
10
199.436
20
905.552
30
0
0
VERTEX
8
BUILDINGS_CONTEXT
10
205.772
20
878.916
30
0
0
SEQEND
8
BUILDINGS_CONTEXT
0
POLYLINE
8
BUILDINGS_CONTEXT
66
1
10
0
20
0
30
0
39
17.11
70
1
0
VERTEX
8
BUILDINGS_CONTEXT
10
214.555
20
909.148
30
0
0
VERTEX
8
BUILDINGS_CONTEXT
10
206.655
20
942.36
30
0
0
VERTEX
8
BUILDINGS_CONTEXT
10
190.931
20
938.619
30
0
0
VERTEX
8
BUILDINGS_CONTEXT
10
198.831
20
905.408
30
0
0
SEQEND
8
BUILDINGS_CONTEXT
0
POLYLINE
8
BUILDINGS_CONTEXT
66
1
10
0
20
0
30
0
39
24.298
70
1
0
VERTEX
8
BUILDINGS_CONTEXT
10
200.87
20
966.681
30
0
0
VERTEX
8
BUILDINGS_CONTEXT
10
198.556
20
976.411
30
0
0
VERTEX
8
BUILDINGS_CONTEXT
10
184.444
20
973.055
30
0
0
VERTEX
8
BUILDINGS_CONTEXT
10
186.759
20
963.325
30
0
0
SEQEND
8
BUILDINGS_CONTEXT
0
POLYLINE
8
BUILDINGS_CONTEXT
66
1
10
0
20
0
30
0
39
24.506
70
1
0
VERTEX
8
BUILDINGS_CONTEXT
10
197.727
20
982.551
30
0
0
VERTEX
8
BUILDINGS_CONTEXT
10
196.208
20
1006.845
30
0
0
VERTEX
8
BUILDINGS_CONTEXT
10
182.684
20
1006
30
0
0
VERTEX
8
BUILDINGS_CONTEXT
10
184.202
20
981.706
30
0
0
SEQEND
8
BUILDINGS_CONTEXT
0
POLYLINE
8
BUILDINGS_CONTEXT
66
1
10
0
20
0
30
0
39
21.151
70
1
0
VERTEX
8
BUILDINGS_CONTEXT
10
196.208
20
1006.845
30
0
0
VERTEX
8
BUILDINGS_CONTEXT
10
195.02
20
1025.863
30
0
0
VERTEX
8
BUILDINGS_CONTEXT
10
178.191
20
1024.812
30
0
0
VERTEX
8
BUILDINGS_CONTEXT
10
179.38
20
1005.793
30
0
0
SEQEND
8
BUILDINGS_CONTEXT
0
POLYLINE
8
BUILDINGS_CONTEXT
66
1
10
0
20
0
30
0
39
24.422
70
1
0
VERTEX
8
BUILDINGS_CONTEXT
10
195.02
20
1025.863
30
0
0
VERTEX
8
BUILDINGS_CONTEXT
10
192.701
20
1062.958
30
0
0
VERTEX
8
BUILDINGS_CONTEXT
10
177.285
20
1061.994
30
0
0
VERTEX
8
BUILDINGS_CONTEXT
10
179.603
20
1024.9
30
0
0
SEQEND
8
BUILDINGS_CONTEXT
0
POLYLINE
8
BUILDINGS_CONTEXT
66
1
10
0
20
0
30
0
39
18.175
70
1
0
VERTEX
8
BUILDINGS_CONTEXT
10
192.701
20
1062.958
30
0
0
VERTEX
8
BUILDINGS_CONTEXT
10
191.26
20
1086.024
30
0
0
VERTEX
8
BUILDINGS_CONTEXT
10
177.46
20
1085.162
30
0
0
VERTEX
8
BUILDINGS_CONTEXT
10
178.901
20
1062.095
30
0
0
SEQEND
8
BUILDINGS_CONTEXT
0
POLYLINE
8
BUILDINGS_CONTEXT
66
1
10
0
20
0
30
0
39
21.124
70
1
0
VERTEX
8
BUILDINGS_CONTEXT
10
191.26
20
1086.024
30
0
0
VERTEX
8
BUILDINGS_CONTEXT
10
190.158
20
1103.649
30
0
0
VERTEX
8
BUILDINGS_CONTEXT
10
176.844
20
1102.816
30
0
0
VERTEX
8
BUILDINGS_CONTEXT
10
177.945
20
1085.192
30
0
0
SEQEND
8
BUILDINGS_CONTEXT
0
POLYLINE
8
BUILDINGS_CONTEXT
66
1
10
0
20
0
30
0
39
23.929
70
1
0
VERTEX
8
BUILDINGS_CONTEXT
10
190.158
20
1103.649
30
0
0
VERTEX
8
BUILDINGS_CONTEXT
10
189.124
20
1120.193
30
0
0
VERTEX
8
BUILDINGS_CONTEXT
10
172.687
20
1119.165
30
0
0
VERTEX
8
BUILDINGS_CONTEXT
10
173.721
20
1102.621
30
0
0
SEQEND
8
BUILDINGS_CONTEXT
0
POLYLINE
8
BUILDINGS_CONTEXT
66
1
10
0
20
0
30
0
39
20
70
1
0
VERTEX
8
BUILDINGS_CONTEXT
10
173.432
20
1107.242
30
0
0
VERTEX
8
BUILDINGS_CONTEXT
10
172.687
20
1119.165
30
0
0
VERTEX
8
BUILDINGS_CONTEXT
10
141.653
20
1117.226
30
0
0
VERTEX
8
BUILDINGS_CONTEXT
10
142.398
20
1105.303
30
0
0
SEQEND
8
BUILDINGS_CONTEXT
0
POLYLINE
8
BUILDINGS_CONTEXT
66
1
10
0
20
0
30
0
39
17.091
70
1
0
VERTEX
8
BUILDINGS_CONTEXT
10
189.124
20
1120.193
30
0
0
VERTEX
8
BUILDINGS_CONTEXT
10
187.946
20
1139.037
30
0
0
VERTEX
8
BUILDINGS_CONTEXT
10
174.931
20
1138.223
30
0
0
VERTEX
8
BUILDINGS_CONTEXT
10
176.108
20
1119.379
30
0
0
SEQEND
8
BUILDINGS_CONTEXT
0
POLYLINE
8
BUILDINGS_CONTEXT
66
1
10
0
20
0
30
0
39
24.408
70
1
0
VERTEX
8
BUILDINGS_CONTEXT
10
187.946
20
1139.037
30
0
0
VERTEX
8
BUILDINGS_CONTEXT
10
186.375
20
1164.172
30
0
0
VERTEX
8
BUILDINGS_CONTEXT
10
169.876
20
1163.141
30
0
0
VERTEX
8
BUILDINGS_CONTEXT
10
171.447
20
1138.005
30
0
0
SEQEND
8
BUILDINGS_CONTEXT
0
POLYLINE
8
BUILDINGS_CONTEXT
66
1
10
0
20
0
30
0
39
24.894
70
1
0
VERTEX
8
BUILDINGS_CONTEXT
10
186.375
20
1164.172
30
0
0
VERTEX
8
BUILDINGS_CONTEXT
10
185.526
20
1177.764
30
0
0
VERTEX
8
BUILDINGS_CONTEXT
10
169.196
20
1176.743
30
0
0
VERTEX
8
BUILDINGS_CONTEXT
10
170.045
20
1163.152
30
0
0
SEQEND
8
BUILDINGS_CONTEXT
0
POLYLINE
8
BUILDINGS_CONTEXT
66
1
10
0
20
0
30
0
39
24.658
70
1
0
VERTEX
8
BUILDINGS_CONTEXT
10
350.177
20
400.348
30
0
0
VERTEX
8
BUILDINGS_CONTEXT
10
357.056
20
371.426
30
0
0
VERTEX
8
BUILDINGS_CONTEXT
10
370.725
20
374.677
30
0
0
VERTEX
8
BUILDINGS_CONTEXT
10
363.846
20
403.599
30
0
0
SEQEND
8
BUILDINGS_CONTEXT
0
POLYLINE
8
BUILDINGS_CONTEXT
66
1
10
0
20
0
30
0
39
23.4
70
1
0
VERTEX
8
BUILDINGS_CONTEXT
10
363.846
20
403.599
30
0
0
VERTEX
8
BUILDINGS_CONTEXT
10
366.814
20
391.121
30
0
0
VERTEX
8
BUILDINGS_CONTEXT
10
394.877
20
397.797
30
0
0
VERTEX
8
BUILDINGS_CONTEXT
10
391.909
20
410.274
30
0
0
SEQEND
8
BUILDINGS_CONTEXT
0
POLYLINE
8
BUILDINGS_CONTEXT
66
1
10
0
20
0
30
0
39
17.379
70
1
0
VERTEX
8
BUILDINGS_CONTEXT
10
345.243
20
421.09
30
0
0
VERTEX
8
BUILDINGS_CONTEXT
10
350.177
20
400.348
30
0
0
VERTEX
8
BUILDINGS_CONTEXT
10
364.143
20
403.67
30
0
0
VERTEX
8
BUILDINGS_CONTEXT
10
359.209
20
424.412
30
0
0
SEQEND
8
BUILDINGS_CONTEXT
0
POLYLINE
8
BUILDINGS_CONTEXT
66
1
10
0
20
0
30
0
39
17.991
70
1
0
VERTEX
8
BUILDINGS_CONTEXT
10
339.793
20
444.003
30
0
0
VERTEX
8
BUILDINGS_CONTEXT
10
345.243
20
421.09
30
0
0
VERTEX
8
BUILDINGS_CONTEXT
10
361.486
20
424.953
30
0
0
VERTEX
8
BUILDINGS_CONTEXT
10
356.036
20
447.867
30
0
0
SEQEND
8
BUILDINGS_CONTEXT
0
POLYLINE
8
BUILDINGS_CONTEXT
66
1
10
0
20
0
30
0
39
16.6
70
1
0
VERTEX
8
BUILDINGS_CONTEXT
10
358.576
20
437.186
30
0
0
VERTEX
8
BUILDINGS_CONTEXT
10
361.486
20
424.953
30
0
0
VERTEX
8
BUILDINGS_CONTEXT
10
379.285
20
429.187
30
0
0
VERTEX
8
BUILDINGS_CONTEXT
10
376.375
20
441.419
30
0
0
SEQEND
8
BUILDINGS_CONTEXT
0
POLYLINE
8
BUILDINGS_CONTEXT
66
1
10
0
20
0
30
0
39
21.015
70
1
0
VERTEX
8
BUILDINGS_CONTEXT
10
333.805
20
469.176
30
0
0
VERTEX
8
BUILDINGS_CONTEXT
10
339.793
20
444.003
30
0
0
VERTEX
8
BUILDINGS_CONTEXT
10
353.627
20
447.293
30
0
0
VERTEX
8
BUILDINGS_CONTEXT
10
347.639
20
472.467
30
0
0
SEQEND
8
BUILDINGS_CONTEXT
0
POLYLINE
8
BUILDINGS_CONTEXT
66
1
10
0
20
0
30
0
39
24.15
70
1
0
VERTEX
8
BUILDINGS_CONTEXT
10
327.666
20
494.986
30
0
0
VERTEX
8
BUILDINGS_CONTEXT
10
333.805
20
469.176
30
0
0
VERTEX
8
BUILDINGS_CONTEXT
10
348.463
20
472.663
30
0
0
VERTEX
8
BUILDINGS_CONTEXT
10
342.324
20
498.472
30
0
0
SEQEND
8
BUILDINGS_CONTEXT
0
POLYLINE
8
BUILDINGS_CONTEXT
66
1
10
0
20
0
30
0
39
17.798
70
1
0
VERTEX
8
BUILDINGS_CONTEXT
10
318.979
20
531.503
30
0
0
VERTEX
8
BUILDINGS_CONTEXT
10
327.666
20
494.986
30
0
0
VERTEX
8
BUILDINGS_CONTEXT
10
344.008
20
498.873
30
0
0
VERTEX
8
BUILDINGS_CONTEXT
10
335.322
20
535.39
30
0
0
SEQEND
8
BUILDINGS_CONTEXT
0
POLYLINE
8
BUILDINGS_CONTEXT
66
1
10
0
20
0
30
0
39
24.299
70
1
0
VERTEX
8
BUILDINGS_CONTEXT
10
315.226
20
547.281
30
0
0
VERTEX
8
BUILDINGS_CONTEXT
10
318.979
20
531.503
30
0
0
VERTEX
8
BUILDINGS_CONTEXT
10
332.84
20
534.8
30
0
0
VERTEX
8
BUILDINGS_CONTEXT
10
329.087
20
550.578
30
0
0
SEQEND
8
BUILDINGS_CONTEXT
0
POLYLINE
8
BUILDINGS_CONTEXT
66
1
10
0
20
0
30
0
39
17.782
70
1
0
VERTEX
8
BUILDINGS_CONTEXT
10
298.821
20
616.252
30
0
0
VERTEX
8
BUILDINGS_CONTEXT
10
303.656
20
595.924
30
0
0
VERTEX
8
BUILDINGS_CONTEXT
10
318.907
20
599.552
30
0
0
VERTEX
8
BUILDINGS_CONTEXT
10
314.072
20
619.88
30
0
0
SEQEND
8
BUILDINGS_CONTEXT
0
POLYLINE
8
BUILDINGS_CONTEXT
66
1
10
0
20
0
30
0
39
20.832
70
1
0
VERTEX
8
BUILDINGS_CONTEXT
10
292.013
20
644.874
30
0
0
VERTEX
8
BUILDINGS_CONTEXT
10
298.821
20
616.252
30
0
0
VERTEX
8
BUILDINGS_CONTEXT
10
314.134
20
619.895
30
0
0
VERTEX
8
BUILDINGS_CONTEXT
10
307.326
20
648.516
30
0
0
SEQEND
8
BUILDINGS_CONTEXT
0
POLYLINE
8
BUILDINGS_CONTEXT
66
1
10
0
20
0
30
0
39
20
70
1
0
VERTEX
8
BUILDINGS_CONTEXT
10
307.326
20
648.516
30
0
0
VERTEX
8
BUILDINGS_CONTEXT
10
310.057
20
637.036
30
0
0
VERTEX
8
BUILDINGS_CONTEXT
10
338.485
20
643.798
30
0
0
VERTEX
8
BUILDINGS_CONTEXT
10
335.754
20
655.278
30
0
0
SEQEND
8
BUILDINGS_CONTEXT
0
POLYLINE
8
BUILDINGS_CONTEXT
66
1
10
0
20
0
30
0
39
18.128
70
1
0
VERTEX
8
BUILDINGS_CONTEXT
10
284.56
20
676.203
30
0
0
VERTEX
8
BUILDINGS_CONTEXT
10
292.013
20
644.874
30
0
0
VERTEX
8
BUILDINGS_CONTEXT
10
307.101
20
648.463
30
0
0
VERTEX
8
BUILDINGS_CONTEXT
10
299.649
20
679.792
30
0
0
SEQEND
8
BUILDINGS_CONTEXT
0
POLYLINE
8
BUILDINGS_CONTEXT
66
1
10
0
20
0
30
0
39
13.2
70
1
0
VERTEX
8
BUILDINGS_CONTEXT
10
299.649
20
679.792
30
0
0
VERTEX
8
BUILDINGS_CONTEXT
10
302.231
20
668.937
30
0
0
VERTEX
8
BUILDINGS_CONTEXT
10
320.614
20
673.309
30
0
0
VERTEX
8
BUILDINGS_CONTEXT
10
318.031
20
684.165
30
0
0
SEQEND
8
BUILDINGS_CONTEXT
0
POLYLINE
8
BUILDINGS_CONTEXT
66
1
10
0
20
0
30
0
39
24.542
70
1
0
VERTEX
8
BUILDINGS_CONTEXT
10
279.854
20
695.991
30
0
0
VERTEX
8
BUILDINGS_CONTEXT
10
284.56
20
676.203
30
0
0
VERTEX
8
BUILDINGS_CONTEXT
10
299.747
20
679.816
30
0
0
VERTEX
8
BUILDINGS_CONTEXT
10
295.04
20
699.604
30
0
0
SEQEND
8
BUILDINGS_CONTEXT
0
POLYLINE
8
BUILDINGS_CONTEXT
66
1
10
0
20
0
30
0
39
23.857
70
1
0
VERTEX
8
BUILDINGS_CONTEXT
10
275.317
20
715.063
30
0
0
VERTEX
8
BUILDINGS_CONTEXT
10
279.854
20
695.991
30
0
0
VERTEX
8
BUILDINGS_CONTEXT
10
295.424
20
699.695
30
0
0
VERTEX
8
BUILDINGS_CONTEXT
10
290.887
20
718.767
30
0
0
SEQEND
8
BUILDINGS_CONTEXT
0
POLYLINE
8
BUILDINGS_CONTEXT
66
1
10
0
20
0
30
0
39
23.4
70
1
0
VERTEX
8
BUILDINGS_CONTEXT
10
290.887
20
718.767
30
0
0
VERTEX
8
BUILDINGS_CONTEXT
10
293.222
20
708.952
30
0
0
VERTEX
8
BUILDINGS_CONTEXT
10
326.077
20
716.767
30
0
0
VERTEX
8
BUILDINGS_CONTEXT
10
323.743
20
726.582
30
0
0
SEQEND
8
BUILDINGS_CONTEXT
0
POLYLINE
8
BUILDINGS_CONTEXT
66
1
10
0
20
0
30
0
39
20.684
70
1
0
VERTEX
8
BUILDINGS_CONTEXT
10
268.127
20
745.292
30
0
0
VERTEX
8
BUILDINGS_CONTEXT
10
275.317
20
715.063
30
0
0
VERTEX
8
BUILDINGS_CONTEXT
10
288.539
20
718.208
30
0
0
VERTEX
8
BUILDINGS_CONTEXT
10
281.349
20
748.437
30
0
0
SEQEND
8
BUILDINGS_CONTEXT
0
POLYLINE
8
BUILDINGS_CONTEXT
66
1
10
0
20
0
30
0
39
16.6
70
1
0
VERTEX
8
BUILDINGS_CONTEXT
10
281.349
20
748.437
30
0
0
VERTEX
8
BUILDINGS_CONTEXT
10
284.032
20
737.154
30
0
0
VERTEX
8
BUILDINGS_CONTEXT
10
300.082
20
740.971
30
0
0
VERTEX
8
BUILDINGS_CONTEXT
10
297.398
20
752.254
30
0
0
SEQEND
8
BUILDINGS_CONTEXT
0
POLYLINE
8
BUILDINGS_CONTEXT
66
1
10
0
20
0
30
0
39
17.704
70
1
0
VERTEX
8
BUILDINGS_CONTEXT
10
247.484
20
832.074
30
0
0
VERTEX
8
BUILDINGS_CONTEXT
10
255.399
20
798.799
30
0
0
VERTEX
8
BUILDINGS_CONTEXT
10
268.646
20
801.95
30
0
0
VERTEX
8
BUILDINGS_CONTEXT
10
260.731
20
835.225
30
0
0
SEQEND
8
BUILDINGS_CONTEXT
0
POLYLINE
8
BUILDINGS_CONTEXT
66
1
10
0
20
0
30
0
39
16.6
70
1
0
VERTEX
8
BUILDINGS_CONTEXT
10
260.731
20
835.225
30
0
0
VERTEX
8
BUILDINGS_CONTEXT
10
263.462
20
823.741
30
0
0
VERTEX
8
BUILDINGS_CONTEXT
10
290.555
20
830.186
30
0
0
VERTEX
8
BUILDINGS_CONTEXT
10
287.823
20
841.669
30
0
0
SEQEND
8
BUILDINGS_CONTEXT
0
POLYLINE
8
BUILDINGS_CONTEXT
66
1
10
0
20
0
30
0
39
23.989
70
1
0
VERTEX
8
BUILDINGS_CONTEXT
10
242.368
20
853.585
30
0
0
VERTEX
8
BUILDINGS_CONTEXT
10
247.484
20
832.074
30
0
0
VERTEX
8
BUILDINGS_CONTEXT
10
261.869
20
835.496
30
0
0
VERTEX
8
BUILDINGS_CONTEXT
10
256.753
20
857.007
30
0
0
SEQEND
8
BUILDINGS_CONTEXT
0
POLYLINE
8
BUILDINGS_CONTEXT
66
1
10
0
20
0
30
0
39
17.342
70
1
0
VERTEX
8
BUILDINGS_CONTEXT
10
235.5
20
882.459
30
0
0
VERTEX
8
BUILDINGS_CONTEXT
10
242.368
20
853.585
30
0
0
VERTEX
8
BUILDINGS_CONTEXT
10
257.572
20
857.201
30
0
0
VERTEX
8
BUILDINGS_CONTEXT
10
250.703
20
886.076
30
0
0
SEQEND
8
BUILDINGS_CONTEXT
0
POLYLINE
8
BUILDINGS_CONTEXT
66
1
10
0
20
0
30
0
39
20.647
70
1
0
VERTEX
8
BUILDINGS_CONTEXT
10
231.13
20
900.828
30
0
0
VERTEX
8
BUILDINGS_CONTEXT
10
235.5
20
882.459
30
0
0
VERTEX
8
BUILDINGS_CONTEXT
10
249.567
20
885.806
30
0
0
VERTEX
8
BUILDINGS_CONTEXT
10
245.198
20
904.174
30
0
0
SEQEND
8
BUILDINGS_CONTEXT
0
POLYLINE
8
BUILDINGS_CONTEXT
66
1
10
0
20
0
30
0
39
16.6
70
1
0
VERTEX
8
BUILDINGS_CONTEXT
10
245.198
20
904.174
30
0
0
VERTEX
8
BUILDINGS_CONTEXT
10
247.619
20
893.996
30
0
0
VERTEX
8
BUILDINGS_CONTEXT
10
277.642
20
901.137
30
0
0
VERTEX
8
BUILDINGS_CONTEXT
10
275.221
20
911.315
30
0
0
SEQEND
8
BUILDINGS_CONTEXT
0
POLYLINE
8
BUILDINGS_CONTEXT
66
1
10
0
20
0
30
0
39
21.035
70
1
0
VERTEX
8
BUILDINGS_CONTEXT
10
225.633
20
923.939
30
0
0
VERTEX
8
BUILDINGS_CONTEXT
10
231.13
20
900.828
30
0
0
VERTEX
8
BUILDINGS_CONTEXT
10
244.776
20
904.073
30
0
0
VERTEX
8
BUILDINGS_CONTEXT
10
239.278
20
927.185
30
0
0
SEQEND
8
BUILDINGS_CONTEXT
0
POLYLINE
8
BUILDINGS_CONTEXT
66
1
10
0
20
0
30
0
39
16.6
70
1
0
VERTEX
8
BUILDINGS_CONTEXT
10
241.928
20
916.045
30
0
0
VERTEX
8
BUILDINGS_CONTEXT
10
244.776
20
904.073
30
0
0
VERTEX
8
BUILDINGS_CONTEXT
10
266.85
20
909.324
30
0
0
VERTEX
8
BUILDINGS_CONTEXT
10
264.002
20
921.296
30
0
0
SEQEND
8
BUILDINGS_CONTEXT
0
POLYLINE
8
BUILDINGS_CONTEXT
66
1
10
0
20
0
30
0
39
24.806
70
1
0
VERTEX
8
BUILDINGS_CONTEXT
10
221.512
20
941.265
30
0
0
VERTEX
8
BUILDINGS_CONTEXT
10
225.633
20
923.939
30
0
0
VERTEX
8
BUILDINGS_CONTEXT
10
241.965
20
927.824
30
0
0
VERTEX
8
BUILDINGS_CONTEXT
10
237.844
20
945.15
30
0
0
SEQEND
8
BUILDINGS_CONTEXT
0
POLYLINE
8
BUILDINGS_CONTEXT
66
1
10
0
20
0
30
0
39
24.084
70
1
0
VERTEX
8
BUILDINGS_CONTEXT
10
218.236
20
955.039
30
0
0
VERTEX
8
BUILDINGS_CONTEXT
10
221.512
20
941.265
30
0
0
VERTEX
8
BUILDINGS_CONTEXT
10
235.384
20
944.565
30
0
0
VERTEX
8
BUILDINGS_CONTEXT
10
232.107
20
958.338
30
0
0
SEQEND
8
BUILDINGS_CONTEXT
0
POLYLINE
8
BUILDINGS_CONTEXT
66
1
10
0
20
0
30
0
39
24.31
70
1
0
VERTEX
8
BUILDINGS_CONTEXT
10
209.853
20
1016.179
30
0
0
VERTEX
8
BUILDINGS_CONTEXT
10
211.899
20
983.437
30
0
0
VERTEX
8
BUILDINGS_CONTEXT
10
228.246
20
984.459
30
0
0
VERTEX
8
BUILDINGS_CONTEXT
10
226.199
20
1017.201
30
0
0
SEQEND
8
BUILDINGS_CONTEXT
0
POLYLINE
8
BUILDINGS_CONTEXT
66
1
10
0
20
0
30
0
39
23.4
70
1
0
VERTEX
8
BUILDINGS_CONTEXT
10
226.199
20
1017.201
30
0
0
VERTEX
8
BUILDINGS_CONTEXT
10
226.963
20
1004.987
30
0
0
VERTEX
8
BUILDINGS_CONTEXT
10
258.224
20
1006.941
30
0
0
VERTEX
8
BUILDINGS_CONTEXT
10
257.461
20
1019.155
30
0
0
SEQEND
8
BUILDINGS_CONTEXT
0
POLYLINE
8
BUILDINGS_CONTEXT
66
1
10
0
20
0
30
0
39
17.564
70
1
0
VERTEX
8
BUILDINGS_CONTEXT
10
208.825
20
1032.626
30
0
0
VERTEX
8
BUILDINGS_CONTEXT
10
209.853
20
1016.179
30
0
0
VERTEX
8
BUILDINGS_CONTEXT
10
222.995
20
1017.001
30
0
0
VERTEX
8
BUILDINGS_CONTEXT
10
221.967
20
1033.447
30
0
0
SEQEND
8
BUILDINGS_CONTEXT
0
POLYLINE
8
BUILDINGS_CONTEXT
66
1
10
0
20
0
30
0
39
16.6
70
1
0
VERTEX
8
BUILDINGS_CONTEXT
10
221.967
20
1033.447
30
0
0
VERTEX
8
BUILDINGS_CONTEXT
10
222.703
20
1021.673
30
0
0
VERTEX
8
BUILDINGS_CONTEXT
10
253.654
20
1023.607
30
0
0
VERTEX
8
BUILDINGS_CONTEXT
10
252.919
20
1035.382
30
0
0
SEQEND
8
BUILDINGS_CONTEXT
0
POLYLINE
8
BUILDINGS_CONTEXT
66
1
10
0
20
0
30
0
39
20.553
70
1
0
VERTEX
8
BUILDINGS_CONTEXT
10
207.317
20
1056.747
30
0
0
VERTEX
8
BUILDINGS_CONTEXT
10
208.825
20
1032.626
30
0
0
VERTEX
8
BUILDINGS_CONTEXT
10
224.857
20
1033.628
30
0
0
VERTEX
8
BUILDINGS_CONTEXT
10
223.35
20
1057.749
30
0
0
SEQEND
8
BUILDINGS_CONTEXT
0
POLYLINE
8
BUILDINGS_CONTEXT
66
1
10
0
20
0
30
0
39
17.617
70
1
0
VERTEX
8
BUILDINGS_CONTEXT
10
206.048
20
1077.057
30
0
0
VERTEX
8
BUILDINGS_CONTEXT
10
207.317
20
1056.747
30
0
0
VERTEX
8
BUILDINGS_CONTEXT
10
220.936
20
1057.598
30
0
0
VERTEX
8
BUILDINGS_CONTEXT
10
219.667
20
1077.908
30
0
0
SEQEND
8
BUILDINGS_CONTEXT
0
POLYLINE
8
BUILDINGS_CONTEXT
66
1
10
0
20
0
30
0
39
24.229
70
1
0
VERTEX
8
BUILDINGS_CONTEXT
10
205.026
20
1093.399
30
0
0
VERTEX
8
BUILDINGS_CONTEXT
10
206.048
20
1077.057
30
0
0
VERTEX
8
BUILDINGS_CONTEXT
10
222.845
20
1078.107
30
0
0
VERTEX
8
BUILDINGS_CONTEXT
10
221.824
20
1094.448
30
0
0
SEQEND
8
BUILDINGS_CONTEXT
0
POLYLINE
8
BUILDINGS_CONTEXT
66
1
10
0
20
0
30
0
39
20.568
70
1
0
VERTEX
8
BUILDINGS_CONTEXT
10
203.15
20
1123.427
30
0
0
VERTEX
8
BUILDINGS_CONTEXT
10
205.026
20
1093.399
30
0
0
VERTEX
8
BUILDINGS_CONTEXT
10
219.812
20
1094.323
30
0
0
VERTEX
8
BUILDINGS_CONTEXT
10
217.936
20
1124.351
30
0
0
SEQEND
8
BUILDINGS_CONTEXT
0
POLYLINE
8
BUILDINGS_CONTEXT
66
1
10
0
20
0
30
0
39
20
70
1
0
VERTEX
8
BUILDINGS_CONTEXT
10
219.178
20
1104.469
30
0
0
VERTEX
8
BUILDINGS_CONTEXT
10
219.812
20
1094.323
30
0
0
VERTEX
8
BUILDINGS_CONTEXT
10
252.234
20
1096.349
30
0
0
VERTEX
8
BUILDINGS_CONTEXT
10
251.6
20
1106.496
30
0
0
SEQEND
8
BUILDINGS_CONTEXT
0
POLYLINE
8
BUILDINGS_CONTEXT
66
1
10
0
20
0
30
0
39
20.449
70
1
0
VERTEX
8
BUILDINGS_CONTEXT
10
201.798
20
1145.052
30
0
0
VERTEX
8
BUILDINGS_CONTEXT
10
203.15
20
1123.427
30
0
0
VERTEX
8
BUILDINGS_CONTEXT
10
216.797
20
1124.28
30
0
0
VERTEX
8
BUILDINGS_CONTEXT
10
215.446
20
1145.905
30
0
0
SEQEND
8
BUILDINGS_CONTEXT
0
POLYLINE
8
BUILDINGS_CONTEXT
66
1
10
0
20
0
30
0
39
20
70
1
0
VERTEX
8
BUILDINGS_CONTEXT
10
215.446
20
1145.905
30
0
0
VERTEX
8
BUILDINGS_CONTEXT
10
216.204
20
1133.773
30
0
0
VERTEX
8
BUILDINGS_CONTEXT
10
241.749
20
1135.369
30
0
0
VERTEX
8
BUILDINGS_CONTEXT
10
240.991
20
1147.502
30
0
0
SEQEND
8
BUILDINGS_CONTEXT
0
POLYLINE
8
BUILDINGS_CONTEXT
66
1
10
0
20
0
30
0
39
17.656
70
1
0
VERTEX
8
BUILDINGS_CONTEXT
10
200.704
20
1162.551
30
0
0
VERTEX
8
BUILDINGS_CONTEXT
10
201.798
20
1145.052
30
0
0
VERTEX
8
BUILDINGS_CONTEXT
10
215.88
20
1145.932
30
0
0
VERTEX
8
BUILDINGS_CONTEXT
10
214.786
20
1163.431
30
0
0
SEQEND
8
BUILDINGS_CONTEXT
0
POLYLINE
8
BUILDINGS_CONTEXT
66
1
10
0
20
0
30
0
39
13.2
70
1
0
VERTEX
8
BUILDINGS_CONTEXT
10
215.119
20
1158.11
30
0
0
VERTEX
8
BUILDINGS_CONTEXT
10
215.88
20
1145.932
30
0
0
VERTEX
8
BUILDINGS_CONTEXT
10
234.603
20
1147.103
30
0
0
VERTEX
8
BUILDINGS_CONTEXT
10
233.842
20
1159.281
30
0
0
SEQEND
8
BUILDINGS_CONTEXT
0
POLYLINE
8
BUILDINGS_CONTEXT
66
1
10
0
20
0
30
0
39
17.987
70
1
0
VERTEX
8
BUILDINGS_CONTEXT
10
198.644
20
1195.521
30
0
0
VERTEX
8
BUILDINGS_CONTEXT
10
200.704
20
1162.551
30
0
0
VERTEX
8
BUILDINGS_CONTEXT
10
217.099
20
1163.576
30
0
0
VERTEX
8
BUILDINGS_CONTEXT
10
215.038
20
1196.546
30
0
0
SEQEND
8
BUILDINGS_CONTEXT
0
POLYLINE
8
BUILDINGS_CONTEXT
66
1
10
0
20
0
30
0
39
16.6
70
1
0
VERTEX
8
BUILDINGS_CONTEXT
10
215.038
20
1196.546
30
0
0
VERTEX
8
BUILDINGS_CONTEXT
10
215.741
20
1185.298
30
0
0
VERTEX
8
BUILDINGS_CONTEXT
10
239.369
20
1186.775
30
0
0
VERTEX
8
BUILDINGS_CONTEXT
10
238.666
20
1198.023
30
0
0
SEQEND
8
BUILDINGS_CONTEXT
0
POLYLINE
8
BUILDINGS_CONTEXT
66
1
10
0
20
0
30
0
39
17.078
70
1
0
VERTEX
8
BUILDINGS_CONTEXT
10
139.411
20
130.358
30
0
0
VERTEX
8
BUILDINGS_CONTEXT
10
133.287
20
150.401
30
0
0
VERTEX
8
BUILDINGS_CONTEXT
10
119.669
20
146.24
30
0
0
VERTEX
8
BUILDINGS_CONTEXT
10
125.793
20
126.197
30
0
0
SEQEND
8
BUILDINGS_CONTEXT
0
POLYLINE
8
BUILDINGS_CONTEXT
66
1
10
0
20
0
30
0
39
13.2
70
1
0
VERTEX
8
BUILDINGS_CONTEXT
10
125.793
20
126.197
30
0
0
VERTEX
8
BUILDINGS_CONTEXT
10
122.224
20
137.878
30
0
0
VERTEX
8
BUILDINGS_CONTEXT
10
91.93
20
128.622
30
0
0
VERTEX
8
BUILDINGS_CONTEXT
10
95.5
20
116.94
30
0
0
SEQEND
8
BUILDINGS_CONTEXT
0
POLYLINE
8
BUILDINGS_CONTEXT
66
1
10
0
20
0
30
0
39
21.36
70
1
0
VERTEX
8
BUILDINGS_CONTEXT
10
133.287
20
150.401
30
0
0
VERTEX
8
BUILDINGS_CONTEXT
10
123.634
20
181.993
30
0
0
VERTEX
8
BUILDINGS_CONTEXT
10
109.546
20
177.689
30
0
0
VERTEX
8
BUILDINGS_CONTEXT
10
119.199
20
146.096
30
0
0
SEQEND
8
BUILDINGS_CONTEXT
0
POLYLINE
8
BUILDINGS_CONTEXT
66
1
10
0
20
0
30
0
39
24.374
70
1
0
VERTEX
8
BUILDINGS_CONTEXT
10
123.634
20
181.993
30
0
0
VERTEX
8
BUILDINGS_CONTEXT
10
116.897
20
204.041
30
0
0
VERTEX
8
BUILDINGS_CONTEXT
10
101.877
20
199.451
30
0
0
VERTEX
8
BUILDINGS_CONTEXT
10
108.614
20
177.404
30
0
0
SEQEND
8
BUILDINGS_CONTEXT
0
POLYLINE
8
BUILDINGS_CONTEXT
66
1
10
0
20
0
30
0
39
23.4
70
1
0
VERTEX
8
BUILDINGS_CONTEXT
10
108.614
20
177.404
30
0
0
VERTEX
8
BUILDINGS_CONTEXT
10
105.432
20
187.819
30
0
0
VERTEX
8
BUILDINGS_CONTEXT
10
76.841
20
179.083
30
0
0
VERTEX
8
BUILDINGS_CONTEXT
10
80.024
20
168.668
30
0
0
SEQEND
8
BUILDINGS_CONTEXT
0
POLYLINE
8
BUILDINGS_CONTEXT
66
1
10
0
20
0
30
0
39
24.623
70
1
0
VERTEX
8
BUILDINGS_CONTEXT
10
116.897
20
204.041
30
0
0
VERTEX
8
BUILDINGS_CONTEXT
10
110.553
20
224.802
30
0
0
VERTEX
8
BUILDINGS_CONTEXT
10
97.461
20
220.801
30
0
0
VERTEX
8
BUILDINGS_CONTEXT
10
103.804
20
200.04
30
0
0
SEQEND
8
BUILDINGS_CONTEXT
0
POLYLINE
8
BUILDINGS_CONTEXT
66
1
10
0
20
0
30
0
39
20
70
1
0
VERTEX
8
BUILDINGS_CONTEXT
10
100.663
20
210.322
30
0
0
VERTEX
8
BUILDINGS_CONTEXT
10
97.461
20
220.801
30
0
0
VERTEX
8
BUILDINGS_CONTEXT
10
68.103
20
211.831
30
0
0
VERTEX
8
BUILDINGS_CONTEXT
10
71.305
20
201.352
30
0
0
SEQEND
8
BUILDINGS_CONTEXT
0
POLYLINE
8
BUILDINGS_CONTEXT
66
1
10
0
20
0
30
0
39
24.406
70
1
0
VERTEX
8
BUILDINGS_CONTEXT
10
109.092
20
229.583
30
0
0
VERTEX
8
BUILDINGS_CONTEXT
10
104.197
20
245.605
30
0
0
VERTEX
8
BUILDINGS_CONTEXT
10
91.412
20
241.699
30
0
0
VERTEX
8
BUILDINGS_CONTEXT
10
96.307
20
225.677
30
0
0
SEQEND
8
BUILDINGS_CONTEXT
0
POLYLINE
8
BUILDINGS_CONTEXT
66
1
10
0
20
0
30
0
39
20.812
70
1
0
VERTEX
8
BUILDINGS_CONTEXT
10
145.25
20
159.842
30
0
0
VERTEX
8
BUILDINGS_CONTEXT
10
155.913
20
124.944
30
0
0
VERTEX
8
BUILDINGS_CONTEXT
10
168.402
20
128.76
30
0
0
VERTEX
8
BUILDINGS_CONTEXT
10
157.739
20
163.657
30
0
0
SEQEND
8
BUILDINGS_CONTEXT
0
POLYLINE
8
BUILDINGS_CONTEXT
66
1
10
0
20
0
30
0
39
17.941
70
1
0
VERTEX
8
BUILDINGS_CONTEXT
10
140.017
20
176.968
30
0
0
VERTEX
8
BUILDINGS_CONTEXT
10
145.25
20
159.842
30
0
0
VERTEX
8
BUILDINGS_CONTEXT
10
160.084
20
164.374
30
0
0
VERTEX
8
BUILDINGS_CONTEXT
10
154.851
20
181.5
30
0
0
SEQEND
8
BUILDINGS_CONTEXT
0
POLYLINE
8
BUILDINGS_CONTEXT
66
1
10
0
20
0
30
0
39
16.6
70
1
0
VERTEX
8
BUILDINGS_CONTEXT
10
154.851
20
181.5
30
0
0
VERTEX
8
BUILDINGS_CONTEXT
10
158.093
20
170.888
30
0
0
VERTEX
8
BUILDINGS_CONTEXT
10
189.937
20
180.619
30
0
0
VERTEX
8
BUILDINGS_CONTEXT
10
186.695
20
191.23
30
0
0
SEQEND
8
BUILDINGS_CONTEXT
0
POLYLINE
8
BUILDINGS_CONTEXT
66
1
10
0
20
0
30
0
39
24.891
70
1
0
VERTEX
8
BUILDINGS_CONTEXT
10
132.17
20
202.651
30
0
0
VERTEX
8
BUILDINGS_CONTEXT
10
140.017
20
176.968
30
0
0
VERTEX
8
BUILDINGS_CONTEXT
10
155.589
20
181.726
30
0
0
VERTEX
8
BUILDINGS_CONTEXT
10
147.742
20
207.409
30
0
0
SEQEND
8
BUILDINGS_CONTEXT
0
POLYLINE
8
BUILDINGS_CONTEXT
66
1
10
0
20
0
30
0
39
23.4
70
1
0
VERTEX
8
BUILDINGS_CONTEXT
10
152.345
20
192.343
30
0
0
VERTEX
8
BUILDINGS_CONTEXT
10
155.589
20
181.726
30
0
0
VERTEX
8
BUILDINGS_CONTEXT
10
180.741
20
189.411
30
0
0
VERTEX
8
BUILDINGS_CONTEXT
10
177.497
20
200.028
30
0
0
SEQEND
8
BUILDINGS_CONTEXT
0
POLYLINE
8
BUILDINGS_CONTEXT
66
1
10
0
20
0
30
0
39
17.33
70
1
0
VERTEX
8
BUILDINGS_CONTEXT
10
126.75
20
220.388
30
0
0
VERTEX
8
BUILDINGS_CONTEXT
10
132.17
20
202.651
30
0
0
VERTEX
8
BUILDINGS_CONTEXT
10
148.158
20
207.536
30
0
0
VERTEX
8
BUILDINGS_CONTEXT
10
142.738
20
225.273
30
0
0
SEQEND
8
BUILDINGS_CONTEXT
0
POLYLINE
8
BUILDINGS_CONTEXT
66
1
10
0
20
0
30
0
39
23.968
70
1
0
VERTEX
8
BUILDINGS_CONTEXT
10
152.417
20
953.368
30
0
0
VERTEX
8
BUILDINGS_CONTEXT
10
186.061
20
962.83
30
0
0
VERTEX
8
BUILDINGS_CONTEXT
10
181.506
20
979.025
30
0
0
VERTEX
8
BUILDINGS_CONTEXT
10
147.863
20
969.563
30
0
0
SEQEND
8
BUILDINGS_CONTEXT
0
POLYLINE
8
BUILDINGS_CONTEXT
66
1
10
0
20
0
30
0
39
17.074
70
1
0
VERTEX
8
BUILDINGS_CONTEXT
10
234.194
20
976.367
30
0
0
VERTEX
8
BUILDINGS_CONTEXT
10
255.736
20
982.426
30
0
0
VERTEX
8
BUILDINGS_CONTEXT
10
251.702
20
996.771
30
0
0
VERTEX
8
BUILDINGS_CONTEXT
10
230.159
20
990.712
30
0
0
SEQEND
8
BUILDINGS_CONTEXT
0
POLYLINE
8
BUILDINGS_CONTEXT
66
1
10
0
20
0
30
0
39
17.648
70
1
0
VERTEX
8
BUILDINGS_CONTEXT
10
255.736
20
982.426
30
0
0
VERTEX
8
BUILDINGS_CONTEXT
10
271.637
20
986.898
30
0
0
VERTEX
8
BUILDINGS_CONTEXT
10
267.32
20
1002.248
30
0
0
VERTEX
8
BUILDINGS_CONTEXT
10
251.419
20
997.776
30
0
0
SEQEND
8
BUILDINGS_CONTEXT
0
POLYLINE
8
BUILDINGS_CONTEXT
66
1
10
0
20
0
30
0
39
17.136
70
1
0
VERTEX
8
BUILDINGS_CONTEXT
10
271.637
20
986.898
30
0
0
VERTEX
8
BUILDINGS_CONTEXT
10
305.665
20
996.469
30
0
0
VERTEX
8
BUILDINGS_CONTEXT
10
301.33
20
1011.881
30
0
0
VERTEX
8
BUILDINGS_CONTEXT
10
267.302
20
1002.311
30
0
0
SEQEND
8
BUILDINGS_CONTEXT
0
POLYLINE
8
BUILDINGS_CONTEXT
66
1
10
0
20
0
30
0
39
16.6
70
1
0
VERTEX
8
BUILDINGS_CONTEXT
10
289.63
20
1008.59
30
0
0
VERTEX
8
BUILDINGS_CONTEXT
10
301.33
20
1011.881
30
0
0
VERTEX
8
BUILDINGS_CONTEXT
10
293.223
20
1040.705
30
0
0
VERTEX
8
BUILDINGS_CONTEXT
10
281.523
20
1037.415
30
0
0
SEQEND
8
BUILDINGS_CONTEXT
0
POLYLINE
8
BUILDINGS_CONTEXT
66
1
10
0
20
0
30
0
39
21.564
70
1
0
VERTEX
8
BUILDINGS_CONTEXT
10
305.665
20
996.469
30
0
0
VERTEX
8
BUILDINGS_CONTEXT
10
330.828
20
1003.546
30
0
0
VERTEX
8
BUILDINGS_CONTEXT
10
327.157
20
1016.601
30
0
0
VERTEX
8
BUILDINGS_CONTEXT
10
301.993
20
1009.523
30
0
0
SEQEND
8
BUILDINGS_CONTEXT
0
POLYLINE
8
BUILDINGS_CONTEXT
66
1
10
0
20
0
30
0
39
16.6
70
1
0
VERTEX
8
BUILDINGS_CONTEXT
10
301.993
20
1009.523
30
0
0
VERTEX
8
BUILDINGS_CONTEXT
10
313.547
20
1012.773
30
0
0
VERTEX
8
BUILDINGS_CONTEXT
10
309.005
20
1028.921
30
0
0
VERTEX
8
BUILDINGS_CONTEXT
10
297.451
20
1025.671
30
0
0
SEQEND
8
BUILDINGS_CONTEXT
0
POLYLINE
8
BUILDINGS_CONTEXT
66
1
10
0
20
0
30
0
39
21.311
70
1
0
VERTEX
8
BUILDINGS_CONTEXT
10
330.828
20
1003.546
30
0
0
VERTEX
8
BUILDINGS_CONTEXT
10
356.686
20
1010.818
30
0
0
VERTEX
8
BUILDINGS_CONTEXT
10
353.092
20
1023.596
30
0
0
VERTEX
8
BUILDINGS_CONTEXT
10
327.235
20
1016.324
30
0
0
SEQEND
8
BUILDINGS_CONTEXT
0
POLYLINE
8
BUILDINGS_CONTEXT
66
1
10
0
20
0
30
0
39
24.542
70
1
0
VERTEX
8
BUILDINGS_CONTEXT
10
356.686
20
1010.818
30
0
0
VERTEX
8
BUILDINGS_CONTEXT
10
377.961
20
1016.802
30
0
0
VERTEX
8
BUILDINGS_CONTEXT
10
373.911
20
1031.203
30
0
0
VERTEX
8
BUILDINGS_CONTEXT
10
352.636
20
1025.219
30
0
0
SEQEND
8
BUILDINGS_CONTEXT
0
POLYLINE
8
BUILDINGS_CONTEXT
66
1
10
0
20
0
30
0
39
23.4
70
1
0
VERTEX
8
BUILDINGS_CONTEXT
10
352.636
20
1025.219
30
0
0
VERTEX
8
BUILDINGS_CONTEXT
10
363.442
20
1028.259
30
0
0
VERTEX
8
BUILDINGS_CONTEXT
10
357.873
20
1048.061
30
0
0
VERTEX
8
BUILDINGS_CONTEXT
10
347.066
20
1045.021
30
0
0
SEQEND
8
BUILDINGS_CONTEXT
0
POLYLINE
8
BUILDINGS_CONTEXT
66
1
10
0
20
0
30
0
39
17.388
70
1
0
VERTEX
8
BUILDINGS_CONTEXT
10
483.852
20
1046.584
30
0
0
VERTEX
8
BUILDINGS_CONTEXT
10
515.883
20
1055.593
30
0
0
VERTEX
8
BUILDINGS_CONTEXT
10
511.809
20
1070.08
30
0
0
VERTEX
8
BUILDINGS_CONTEXT
10
479.778
20
1061.071
30
0
0
SEQEND
8
BUILDINGS_CONTEXT
0
POLYLINE
8
BUILDINGS_CONTEXT
66
1
10
0
20
0
30
0
39
17.312
70
1
0
VERTEX
8
BUILDINGS_CONTEXT
10
515.883
20
1055.593
30
0
0
VERTEX
8
BUILDINGS_CONTEXT
10
544.527
20
1063.649
30
0
0
VERTEX
8
BUILDINGS_CONTEXT
10
540.297
20
1078.688
30
0
0
VERTEX
8
BUILDINGS_CONTEXT
10
511.654
20
1070.632
30
0
0
SEQEND
8
BUILDINGS_CONTEXT
0
POLYLINE
8
BUILDINGS_CONTEXT
66
1
10
0
20
0
30
0
39
23.872
70
1
0
VERTEX
8
BUILDINGS_CONTEXT
10
544.527
20
1063.649
30
0
0
VERTEX
8
BUILDINGS_CONTEXT
10
576.774
20
1072.718
30
0
0
VERTEX
8
BUILDINGS_CONTEXT
10
572.53
20
1087.811
30
0
0
VERTEX
8
BUILDINGS_CONTEXT
10
540.282
20
1078.741
30
0
0
SEQEND
8
BUILDINGS_CONTEXT
0
POLYLINE
8
BUILDINGS_CONTEXT
66
1
10
0
20
0
30
0
39
23.4
70
1
0
VERTEX
8
BUILDINGS_CONTEXT
10
540.282
20
1078.741
30
0
0
VERTEX
8
BUILDINGS_CONTEXT
10
551.866
20
1081.999
30
0
0
VERTEX
8
BUILDINGS_CONTEXT
10
547.314
20
1098.182
30
0
0
VERTEX
8
BUILDINGS_CONTEXT
10
535.731
20
1094.924
30
0
0
SEQEND
8
BUILDINGS_CONTEXT
0
POLYLINE
8
BUILDINGS_CONTEXT
66
1
10
0
20
0
30
0
39
20.446
70
1
0
VERTEX
8
BUILDINGS_CONTEXT
10
576.774
20
1072.718
30
0
0
VERTEX
8
BUILDINGS_CONTEXT
10
607.744
20
1081.429
30
0
0
VERTEX
8
BUILDINGS_CONTEXT
10
603.222
20
1097.508
30
0
0
VERTEX
8
BUILDINGS_CONTEXT
10
572.252
20
1088.797
30
0
0
SEQEND
8
BUILDINGS_CONTEXT
0
POLYLINE
8
BUILDINGS_CONTEXT
66
1
10
0
20
0
30
0
39
17.1
70
1
0
VERTEX
8
BUILDINGS_CONTEXT
10
607.744
20
1081.429
30
0
0
VERTEX
8
BUILDINGS_CONTEXT
10
628.782
20
1087.345
30
0
0
VERTEX
8
BUILDINGS_CONTEXT
10
624.968
20
1100.905
30
0
0
VERTEX
8
BUILDINGS_CONTEXT
10
603.931
20
1094.988
30
0
0
SEQEND
8
BUILDINGS_CONTEXT
0
POLYLINE
8
BUILDINGS_CONTEXT
66
1
10
0
20
0
30
0
39
17.734
70
1
0
VERTEX
8
BUILDINGS_CONTEXT
10
154.45
20
939.189
30
0
0
VERTEX
8
BUILDINGS_CONTEXT
10
137.009
20
934.283
30
0
0
VERTEX
8
BUILDINGS_CONTEXT
10
140.625
20
921.427
30
0
0
VERTEX
8
BUILDINGS_CONTEXT
10
158.066
20
926.333
30
0
0
SEQEND
8
BUILDINGS_CONTEXT
0
POLYLINE
8
BUILDINGS_CONTEXT
66
1
10
0
20
0
30
0
39
17.52
70
1
0
VERTEX
8
BUILDINGS_CONTEXT
10
170.762
20
943.776
30
0
0
VERTEX
8
BUILDINGS_CONTEXT
10
154.45
20
939.189
30
0
0
VERTEX
8
BUILDINGS_CONTEXT
10
158.118
20
926.147
30
0
0
VERTEX
8
BUILDINGS_CONTEXT
10
174.429
20
930.735
30
0
0
SEQEND
8
BUILDINGS_CONTEXT
0
POLYLINE
8
BUILDINGS_CONTEXT
66
1
10
0
20
0
30
0
39
21.461
70
1
0
VERTEX
8
BUILDINGS_CONTEXT
10
186.903
20
948.316
30
0
0
VERTEX
8
BUILDINGS_CONTEXT
10
170.762
20
943.776
30
0
0
VERTEX
8
BUILDINGS_CONTEXT
10
174.905
20
929.043
30
0
0
VERTEX
8
BUILDINGS_CONTEXT
10
191.046
20
933.583
30
0
0
SEQEND
8
BUILDINGS_CONTEXT
0
POLYLINE
8
BUILDINGS_CONTEXT
66
1
10
0
20
0
30
0
39
16.6
70
1
0
VERTEX
8
BUILDINGS_CONTEXT
10
191.046
20
933.583
30
0
0
VERTEX
8
BUILDINGS_CONTEXT
10
181.112
20
930.789
30
0
0
VERTEX
8
BUILDINGS_CONTEXT
10
188.26
20
905.372
30
0
0
VERTEX
8
BUILDINGS_CONTEXT
10
198.195
20
908.166
30
0
0
SEQEND
8
BUILDINGS_CONTEXT
0
POLYLINE
8
BUILDINGS_CONTEXT
66
1
10
0
20
0
30
0
39
21.445
70
1
0
VERTEX
8
BUILDINGS_CONTEXT
10
257.792
20
968.254
30
0
0
VERTEX
8
BUILDINGS_CONTEXT
10
235.035
20
961.853
30
0
0
VERTEX
8
BUILDINGS_CONTEXT
10
238.629
20
949.076
30
0
0
VERTEX
8
BUILDINGS_CONTEXT
10
261.386
20
955.476
30
0
0
SEQEND
8
BUILDINGS_CONTEXT
0
POLYLINE
8
BUILDINGS_CONTEXT
66
1
10
0
20
0
30
0
39
20
70
1
0
VERTEX
8
BUILDINGS_CONTEXT
10
261.386
20
955.476
30
0
0
VERTEX
8
BUILDINGS_CONTEXT
10
249.056
20
952.009
30
0
0
VERTEX
8
BUILDINGS_CONTEXT
10
256.432
20
925.784
30
0
0
VERTEX
8
BUILDINGS_CONTEXT
10
268.761
20
929.251
30
0
0
SEQEND
8
BUILDINGS_CONTEXT
0
POLYLINE
8
BUILDINGS_CONTEXT
66
1
10
0
20
0
30
0
39
17.52
70
1
0
VERTEX
8
BUILDINGS_CONTEXT
10
291.287
20
977.674
30
0
0
VERTEX
8
BUILDINGS_CONTEXT
10
257.792
20
968.254
30
0
0
VERTEX
8
BUILDINGS_CONTEXT
10
262.015
20
953.24
30
0
0
VERTEX
8
BUILDINGS_CONTEXT
10
295.509
20
962.66
30
0
0
SEQEND
8
BUILDINGS_CONTEXT
0
POLYLINE
8
BUILDINGS_CONTEXT
66
1
10
0
20
0
30
0
39
24.062
70
1
0
VERTEX
8
BUILDINGS_CONTEXT
10
322.694
20
986.507
30
0
0
VERTEX
8
BUILDINGS_CONTEXT
10
291.287
20
977.674
30
0
0
VERTEX
8
BUILDINGS_CONTEXT
10
295.391
20
963.082
30
0
0
VERTEX
8
BUILDINGS_CONTEXT
10
326.798
20
971.915
30
0
0
SEQEND
8
BUILDINGS_CONTEXT
0
POLYLINE
8
BUILDINGS_CONTEXT
66
1
10
0
20
0
30
0
39
21.56
70
1
0
VERTEX
8
BUILDINGS_CONTEXT
10
338.528
20
990.961
30
0
0
VERTEX
8
BUILDINGS_CONTEXT
10
322.694
20
986.507
30
0
0
VERTEX
8
BUILDINGS_CONTEXT
10
326.671
20
972.369
30
0
0
VERTEX
8
BUILDINGS_CONTEXT
10
342.505
20
976.822
30
0
0
SEQEND
8
BUILDINGS_CONTEXT
0
POLYLINE
8
BUILDINGS_CONTEXT
66
1
10
0
20
0
30
0
39
20
70
1
0
VERTEX
8
BUILDINGS_CONTEXT
10
342.505
20
976.822
30
0
0
VERTEX
8
BUILDINGS_CONTEXT
10
330.098
20
973.333
30
0
0
VERTEX
8
BUILDINGS_CONTEXT
10
337.203
20
948.071
30
0
0
VERTEX
8
BUILDINGS_CONTEXT
10
349.61
20
951.56
30
0
0
SEQEND
8
BUILDINGS_CONTEXT
0
POLYLINE
8
BUILDINGS_CONTEXT
66
1
10
0
20
0
30
0
39
17.05
70
1
0
VERTEX
8
BUILDINGS_CONTEXT
10
355.986
20
995.871
30
0
0
VERTEX
8
BUILDINGS_CONTEXT
10
338.528
20
990.961
30
0
0
VERTEX
8
BUILDINGS_CONTEXT
10
342.3
20
977.549
30
0
0
VERTEX
8
BUILDINGS_CONTEXT
10
359.758
20
982.459
30
0
0
SEQEND
8
BUILDINGS_CONTEXT
0
POLYLINE
8
BUILDINGS_CONTEXT
66
1
10
0
20
0
30
0
39
13.2
70
1
0
VERTEX
8
BUILDINGS_CONTEXT
10
359.758
20
982.459
30
0
0
VERTEX
8
BUILDINGS_CONTEXT
10
349.249
20
979.503
30
0
0
VERTEX
8
BUILDINGS_CONTEXT
10
354.942
20
959.263
30
0
0
VERTEX
8
BUILDINGS_CONTEXT
10
365.45
20
962.218
30
0
0
SEQEND
8
BUILDINGS_CONTEXT
0
POLYLINE
8
BUILDINGS_CONTEXT
66
1
10
0
20
0
30
0
39
21.188
70
1
0
VERTEX
8
BUILDINGS_CONTEXT
10
387.623
20
1004.769
30
0
0
VERTEX
8
BUILDINGS_CONTEXT
10
355.986
20
995.871
30
0
0
VERTEX
8
BUILDINGS_CONTEXT
10
360.408
20
980.146
30
0
0
VERTEX
8
BUILDINGS_CONTEXT
10
392.046
20
989.044
30
0
0
SEQEND
8
BUILDINGS_CONTEXT
0
POLYLINE
8
BUILDINGS_CONTEXT
66
1
10
0
20
0
30
0
39
24.151
70
1
0
VERTEX
8
BUILDINGS_CONTEXT
10
401.593
20
1008.698
30
0
0
VERTEX
8
BUILDINGS_CONTEXT
10
387.623
20
1004.769
30
0
0
VERTEX
8
BUILDINGS_CONTEXT
10
392.001
20
989.205
30
0
0
VERTEX
8
BUILDINGS_CONTEXT
10
405.971
20
993.134
30
0
0
SEQEND
8
BUILDINGS_CONTEXT
0
POLYLINE
8
BUILDINGS_CONTEXT
66
1
10
0
20
0
30
0
39
23.998
70
1
0
VERTEX
8
BUILDINGS_CONTEXT
10
492.238
20
1034.191
30
0
0
VERTEX
8
BUILDINGS_CONTEXT
10
468.979
20
1027.65
30
0
0
VERTEX
8
BUILDINGS_CONTEXT
10
472.961
20
1013.491
30
0
0
VERTEX
8
BUILDINGS_CONTEXT
10
496.22
20
1020.033
30
0
0
SEQEND
8
BUILDINGS_CONTEXT
0
POLYLINE
8
BUILDINGS_CONTEXT
66
1
10
0
20
0
30
0
39
24.758
70
1
0
VERTEX
8
BUILDINGS_CONTEXT
10
527.261
20
1044.042
30
0
0
VERTEX
8
BUILDINGS_CONTEXT
10
492.238
20
1034.191
30
0
0
VERTEX
8
BUILDINGS_CONTEXT
10
496.763
20
1018.103
30
0
0
VERTEX
8
BUILDINGS_CONTEXT
10
531.786
20
1027.953
30
0
0
SEQEND
8
BUILDINGS_CONTEXT
0
POLYLINE
8
BUILDINGS_CONTEXT
66
1
10
0
20
0
30
0
39
17.084
70
1
0
VERTEX
8
BUILDINGS_CONTEXT
10
548.186
20
1049.927
30
0
0
VERTEX
8
BUILDINGS_CONTEXT
10
527.261
20
1044.042
30
0
0
VERTEX
8
BUILDINGS_CONTEXT
10
531.287
20
1029.729
30
0
0
VERTEX
8
BUILDINGS_CONTEXT
10
552.211
20
1035.614
30
0
0
SEQEND
8
BUILDINGS_CONTEXT
0
POLYLINE
8
BUILDINGS_CONTEXT
66
1
10
0
20
0
30
0
39
17.444
70
1
0
VERTEX
8
BUILDINGS_CONTEXT
10
584.34
20
1060.095
30
0
0
VERTEX
8
BUILDINGS_CONTEXT
10
548.186
20
1049.927
30
0
0
VERTEX
8
BUILDINGS_CONTEXT
10
552.195
20
1035.671
30
0
0
VERTEX
8
BUILDINGS_CONTEXT
10
588.35
20
1045.84
30
0
0
SEQEND
8
BUILDINGS_CONTEXT
0
POLYLINE
8
BUILDINGS_CONTEXT
66
1
10
0
20
0
30
0
39
16.6
70
1
0
VERTEX
8
BUILDINGS_CONTEXT
10
562.759
20
1038.642
30
0
0
VERTEX
8
BUILDINGS_CONTEXT
10
552.195
20
1035.671
30
0
0
VERTEX
8
BUILDINGS_CONTEXT
10
556.661
20
1019.791
30
0
0
VERTEX
8
BUILDINGS_CONTEXT
10
567.225
20
1022.762
30
0
0
SEQEND
8
BUILDINGS_CONTEXT
0
POLYLINE
8
BUILDINGS_CONTEXT
66
1
10
0
20
0
30
0
39
24.038
70
1
0
VERTEX
8
BUILDINGS_CONTEXT
10
612.91
20
1068.131
30
0
0
VERTEX
8
BUILDINGS_CONTEXT
10
584.34
20
1060.095
30
0
0
VERTEX
8
BUILDINGS_CONTEXT
10
588.19
20
1046.406
30
0
0
VERTEX
8
BUILDINGS_CONTEXT
10
616.76
20
1054.441
30
0
0
SEQEND
8
BUILDINGS_CONTEXT
0
POLYLINE
8
BUILDINGS_CONTEXT
66
1
10
0
20
0
30
0
39
23.4
70
1
0
VERTEX
8
BUILDINGS_CONTEXT
10
598.754
20
1049.377
30
0
0
VERTEX
8
BUILDINGS_CONTEXT
10
588.19
20
1046.406
30
0
0
VERTEX
8
BUILDINGS_CONTEXT
10
596.923
20
1015.356
30
0
0
VERTEX
8
BUILDINGS_CONTEXT
10
607.487
20
1018.327
30
0
0
SEQEND
8
BUILDINGS_CONTEXT
0
POLYLINE
8
BUILDINGS_CONTEXT
66
1
10
0
20
0
30
0
39
24.997
70
1
0
VERTEX
8
BUILDINGS_CONTEXT
10
629.83
20
1072.889
30
0
0
VERTEX
8
BUILDINGS_CONTEXT
10
612.91
20
1068.131
30
0
0
VERTEX
8
BUILDINGS_CONTEXT
10
616.875
20
1054.034
30
0
0
VERTEX
8
BUILDINGS_CONTEXT
10
633.794
20
1058.793
30
0
0
SEQEND
8
BUILDINGS_CONTEXT
0
POLYLINE
8
FENCE
66
1
10
0
20
0
30
0
70
0
0
VERTEX
8
FENCE
10
-44
20
-70
30
0
0
VERTEX
8
FENCE
10
-41
20
-15
30
0
0
SEQEND
8
FENCE
0
TEXT
8
FENCE_GATES
10
-42.366
20
-40.045
30
0
40
1.5
1
\U+0410\U+0432\U+0442\U+043E\U+0442\U+0440\U+0430\U+043D\U+0441\U+043F\U+043E\U+0440\U+0442\U+043D\U+044B\U+0435 \U+0432\U+043E\U+0440\U+043E\U+0442\U+0430 \U+041A\U+041F\U+041F-1
0
POLYLINE
8
FENCE
66
1
10
0
20
0
30
0
70
0
0
VERTEX
8
FENCE
10
-41
20
19
30
0
0
VERTEX
8
FENCE
10
-41
20
44
30
0
0
VERTEX
8
FENCE
10
-58.995
20
90.649
30
0
0
SEQEND
8
FENCE
0
POLYLINE
8
FENCE
66
1
10
0
20
0
30
0
70
0
0
VERTEX
8
FENCE
10
-84.189
20
155.959
30
0
0
VERTEX
8
FENCE
10
-107.583
20
216.603
30
0
0
SEQEND
8
FENCE
0
TEXT
8
FENCE_GATES
10
-91.387
20
174.618
30
0
40
1.5
1
\U+0412\U+043E\U+0440\U+043E\U+0442\U+0430 \U+041A\U+041F\U+041F-2 (\U+041B\U+043E\U+0446\U+043C\U+0430\U+043D\U+0441\U+043A\U+0430\U+044F \U+0443\U+043B.)
0
POLYLINE
8
FENCE
66
1
10
0
20
0
30
0
70
0
0
VERTEX
8
FENCE
10
-129.177
20
272.582
30
0
0
VERTEX
8
FENCE
10
-139.974
20
300.572
30
0
0
SEQEND
8
FENCE
0
POLYLINE
8
FENCE
66
1
10
0
20
0
30
0
70
0
0
VERTEX
8
FENCE
10
-154.371
20
337.891
30
0
0
VERTEX
8
FENCE
10
-171
20
381
30
0
0
SEQEND
8
FENCE
0
POLYLINE
8
FENCE
66
1
10
0
20
0
30
0
70
0
0
VERTEX
8
FENCE
10
-44
20
-72
30
0
0
VERTEX
8
FENCE
10
-150
20
-79
30
0
0
VERTEX
8
FENCE
10
-300
20
-89
30
0
0
VERTEX
8
FENCE
10
-450
20
-106
30
0
0
VERTEX
8
FENCE
10
-520
20
-118
30
0
0
SEQEND
8
FENCE
0
POLYLINE
8
FENCE
66
1
10
0
20
0
30
0
70
0
0
VERTEX
8
FENCE
10
-220
20
393
30
0
0
VERTEX
8
FENCE
10
-220
20
722
30
0
0
VERTEX
8
FENCE
10
-22
20
722
30
0
0
SEQEND
8
FENCE
0
TEXT
8
FENCE_GATES
10
-180
20
722
30
0
40
1.5
1
\U+041F\U+0440\U+043E\U+0445\U+043E\U+0434\U+043D\U+0430\U+044F \U+041C\U+0430\U+0442\U+0438\U+0441\U+043E\U+0432\U+0430 \U+043E\U+0441\U+0442\U+0440\U+043E\U+0432\U+0430
0
POLYLINE
8
FENCE
66
1
10
0
20
0
30
0
70
0
0
VERTEX
8
FENCE
10
-25
20
722
30
0
0
VERTEX
8
FENCE
10
-25
20
1157
30
0
0
SEQEND
8
FENCE
0
POLYLINE
8
FENCE
66
1
10
0
20
0
30
0
70
0
0
VERTEX
8
FENCE
10
270
20
1300
30
0
0
VERTEX
8
FENCE
10
270
20
1645
30
0
0
SEQEND
8
FENCE
0
TEXT
8
FENCE_GATES
10
270
20
1580
30
0
40
1.5
1
\U+0421\U+0435\U+0432\U+0435\U+0440\U+043D\U+0430\U+044F \U+043F\U+0440\U+043E\U+0445\U+043E\U+0434\U+043D\U+0430\U+044F (\U+041A\U+0430\U+0440\U+0430\U+0443\U+043B\U+044C\U+043D\U+044B\U+0439 \U+0434\U+043E\U+043C)
0
POLYLINE
8
FENCE
66
1
10
0
20
0
30
0
70
0
0
VERTEX
8
FENCE
10
266
20
1296
30
0
0
VERTEX
8
FENCE
10
250
20
1294
30
0
0
VERTEX
8
FENCE
10
100
20
1234
30
0
0
VERTEX
8
FENCE
10
-12
20
1204
30
0
0
SEQEND
8
FENCE
0
POLYLINE
8
RAILS
66
1
10
0
20
0
30
0
70
1
0
VERTEX
8
RAILS
10
-234.538
20
262.643
30
0
0
VERTEX
8
RAILS
10
-477.201
20
237.138
30
0
0
VERTEX
8
RAILS
10
-476.355
20
229.082
30
0
0
VERTEX
8
RAILS
10
-233.691
20
254.587
30
0
0
SEQEND
8
RAILS
0
POLYLINE
8
RAILS
66
1
10
0
20
0
30
0
70
1
0
VERTEX
8
RAILS
10
-234.538
20
262.643
30
0
0
VERTEX
8
RAILS
10
-477.201
20
237.138
30
0
0
VERTEX
8
RAILS
10
-476.355
20
229.082
30
0
0
VERTEX
8
RAILS
10
-233.691
20
254.587
30
0
0
SEQEND
8
RAILS
0
POLYLINE
8
RAILS
66
1
10
0
20
0
30
0
70
1
0
VERTEX
8
RAILS
10
-241.202
20
326.044
30
0
0
VERTEX
8
RAILS
10
-481.876
20
300.748
30
0
0
VERTEX
8
RAILS
10
-481.029
20
292.692
30
0
0
VERTEX
8
RAILS
10
-240.355
20
317.988
30
0
0
SEQEND
8
RAILS
0
POLYLINE
8
RAILS
66
1
10
0
20
0
30
0
70
1
0
VERTEX
8
RAILS
10
-241.202
20
326.044
30
0
0
VERTEX
8
RAILS
10
-481.876
20
300.748
30
0
0
VERTEX
8
RAILS
10
-481.029
20
292.692
30
0
0
VERTEX
8
RAILS
10
-240.355
20
317.988
30
0
0
SEQEND
8
RAILS
0
POLYLINE
8
RAILS
66
1
10
0
20
0
30
0
70
1
0
VERTEX
8
RAILS
10
-255.557
20
196.339
30
0
0
VERTEX
8
RAILS
10
-501.204
20
170.521
30
0
0
VERTEX
8
RAILS
10
-500.357
20
162.465
30
0
0
VERTEX
8
RAILS
10
-254.711
20
188.284
30
0
0
SEQEND
8
RAILS
0
POLYLINE
8
RAILS
66
1
10
0
20
0
30
0
70
1
0
VERTEX
8
RAILS
10
-255.557
20
196.339
30
0
0
VERTEX
8
RAILS
10
-501.204
20
170.521
30
0
0
VERTEX
8
RAILS
10
-500.357
20
162.465
30
0
0
VERTEX
8
RAILS
10
-254.711
20
188.284
30
0
0
SEQEND
8
RAILS
0
POLYLINE
8
RAILS
66
1
10
0
20
0
30
0
70
1
0
VERTEX
8
RAILS
10
-519.866
20
136.436
30
0
0
VERTEX
8
RAILS
10
-527.479
20
109.145
30
0
0
VERTEX
8
RAILS
10
-535.092
20
81.853
30
0
0
VERTEX
8
RAILS
10
-542.705
20
54.562
30
0
0
VERTEX
8
RAILS
10
-550.317
20
27.271
30
0
0
VERTEX
8
RAILS
10
-557.93
20
-0.021
30
0
0
VERTEX
8
RAILS
10
-565.543
20
-27.312
30
0
0
VERTEX
8
RAILS
10
-555.333
20
-30.16
30
0
0
VERTEX
8
RAILS
10
-547.72
20
-2.869
30
0
0
VERTEX
8
RAILS
10
-540.107
20
24.422
30
0
0
VERTEX
8
RAILS
10
-532.494
20
51.714
30
0
0
VERTEX
8
RAILS
10
-524.882
20
79.005
30
0
0
VERTEX
8
RAILS
10
-517.269
20
106.297
30
0
0
VERTEX
8
RAILS
10
-509.656
20
133.588
30
0
0
SEQEND
8
RAILS
0
POLYLINE
8
RAILS
66
1
10
0
20
0
30
0
70
1
0
VERTEX
8
RAILS
10
-519.866
20
136.436
30
0
0
VERTEX
8
RAILS
10
-527.479
20
109.145
30
0
0
VERTEX
8
RAILS
10
-535.092
20
81.853
30
0
0
VERTEX
8
RAILS
10
-542.705
20
54.562
30
0
0
VERTEX
8
RAILS
10
-550.317
20
27.271
30
0
0
VERTEX
8
RAILS
10
-557.93
20
-0.021
30
0
0
VERTEX
8
RAILS
10
-565.543
20
-27.312
30
0
0
VERTEX
8
RAILS
10
-555.333
20
-30.16
30
0
0
VERTEX
8
RAILS
10
-547.72
20
-2.869
30
0
0
VERTEX
8
RAILS
10
-540.107
20
24.422
30
0
0
VERTEX
8
RAILS
10
-532.494
20
51.714
30
0
0
VERTEX
8
RAILS
10
-524.882
20
79.005
30
0
0
VERTEX
8
RAILS
10
-517.269
20
106.297
30
0
0
VERTEX
8
RAILS
10
-509.656
20
133.588
30
0
0
SEQEND
8
RAILS
0
POLYLINE
8
RAILS
66
1
10
0
20
0
30
0
70
1
0
VERTEX
8
RAILS
10
-396.768
20
1059.456
30
0
0
VERTEX
8
RAILS
10
-409.308
20
956.856
30
0
0
VERTEX
8
RAILS
10
-420.654
20
854.374
30
0
0
VERTEX
8
RAILS
10
-430.532
20
751.475
30
0
0
VERTEX
8
RAILS
10
-440.367
20
648.836
30
0
0
VERTEX
8
RAILS
10
-447.481
20
545.677
30
0
0
VERTEX
8
RAILS
10
-454.591
20
442.588
30
0
0
VERTEX
8
RAILS
10
-444.016
20
441.859
30
0
0
VERTEX
8
RAILS
10
-436.906
20
544.948
30
0
0
VERTEX
8
RAILS
10
-429.802
20
647.966
30
0
0
VERTEX
8
RAILS
10
-419.981
20
750.463
30
0
0
VERTEX
8
RAILS
10
-410.11
20
853.284
30
0
0
VERTEX
8
RAILS
10
-398.779
20
955.63
30
0
0
VERTEX
8
RAILS
10
-386.247
20
1058.17
30
0
0
SEQEND
8
RAILS
0
POLYLINE
8
RAILS
66
1
10
0
20
0
30
0
70
1
0
VERTEX
8
RAILS
10
-396.768
20
1059.456
30
0
0
VERTEX
8
RAILS
10
-409.308
20
956.856
30
0
0
VERTEX
8
RAILS
10
-420.654
20
854.374
30
0
0
VERTEX
8
RAILS
10
-430.532
20
751.475
30
0
0
VERTEX
8
RAILS
10
-440.367
20
648.836
30
0
0
VERTEX
8
RAILS
10
-447.481
20
545.677
30
0
0
VERTEX
8
RAILS
10
-454.591
20
442.588
30
0
0
VERTEX
8
RAILS
10
-444.016
20
441.859
30
0
0
VERTEX
8
RAILS
10
-436.906
20
544.948
30
0
0
VERTEX
8
RAILS
10
-429.802
20
647.966
30
0
0
VERTEX
8
RAILS
10
-419.981
20
750.463
30
0
0
VERTEX
8
RAILS
10
-410.11
20
853.284
30
0
0
VERTEX
8
RAILS
10
-398.779
20
955.63
30
0
0
VERTEX
8
RAILS
10
-386.247
20
1058.17
30
0
0
SEQEND
8
RAILS
0
POLYLINE
8
RAILS
66
1
10
0
20
0
30
0
70
1
0
VERTEX
8
RAILS
10
60.884
20
1538.24
30
0
0
VERTEX
8
RAILS
10
36.322
20
1524.117
30
0
0
VERTEX
8
RAILS
10
11.759
20
1509.994
30
0
0
VERTEX
8
RAILS
10
-12.803
20
1495.87
30
0
0
VERTEX
8
RAILS
10
-37.365
20
1481.747
30
0
0
VERTEX
8
RAILS
10
-61.928
20
1467.624
30
0
0
VERTEX
8
RAILS
10
-86.49
20
1453.5
30
0
0
VERTEX
8
RAILS
10
-81.206
20
1444.311
30
0
0
VERTEX
8
RAILS
10
-56.644
20
1458.434
30
0
0
VERTEX
8
RAILS
10
-32.082
20
1472.558
30
0
0
VERTEX
8
RAILS
10
-7.519
20
1486.681
30
0
0
VERTEX
8
RAILS
10
17.043
20
1500.804
30
0
0
VERTEX
8
RAILS
10
41.605
20
1514.928
30
0
0
VERTEX
8
RAILS
10
66.168
20
1529.051
30
0
0
SEQEND
8
RAILS
0
POLYLINE
8
RAILS
66
1
10
0
20
0
30
0
70
1
0
VERTEX
8
RAILS
10
60.884
20
1538.24
30
0
0
VERTEX
8
RAILS
10
36.322
20
1524.117
30
0
0
VERTEX
8
RAILS
10
11.759
20
1509.994
30
0
0
VERTEX
8
RAILS
10
-12.803
20
1495.87
30
0
0
VERTEX
8
RAILS
10
-37.365
20
1481.747
30
0
0
VERTEX
8
RAILS
10
-61.928
20
1467.624
30
0
0
VERTEX
8
RAILS
10
-86.49
20
1453.5
30
0
0
VERTEX
8
RAILS
10
-81.206
20
1444.311
30
0
0
VERTEX
8
RAILS
10
-56.644
20
1458.434
30
0
0
VERTEX
8
RAILS
10
-32.082
20
1472.558
30
0
0
VERTEX
8
RAILS
10
-7.519
20
1486.681
30
0
0
VERTEX
8
RAILS
10
17.043
20
1500.804
30
0
0
VERTEX
8
RAILS
10
41.605
20
1514.928
30
0
0
VERTEX
8
RAILS
10
66.168
20
1529.051
30
0
0
SEQEND
8
RAILS
0
POLYLINE
8
RAILS
66
1
10
0
20
0
30
0
70
1
0
VERTEX
8
RAILS
10
-60.087
20
14.805
30
0
0
VERTEX
8
RAILS
10
-300.088
20
-11.195
30
0
0
VERTEX
8
RAILS
10
-520.088
20
-35.195
30
0
0
VERTEX
8
RAILS
10
-519.912
20
-36.805
30
0
0
VERTEX
8
RAILS
10
-299.912
20
-12.805
30
0
0
VERTEX
8
RAILS
10
-59.913
20
13.195
30
0
0
SEQEND
8
RAILS
0
POLYLINE
8
RAILS
66
1
10
0
20
0
30
0
70
1
0
VERTEX
8
RAILS
10
-60.087
20
14.805
30
0
0
VERTEX
8
RAILS
10
-300.088
20
-11.195
30
0
0
VERTEX
8
RAILS
10
-520.088
20
-35.195
30
0
0
VERTEX
8
RAILS
10
-519.912
20
-36.805
30
0
0
VERTEX
8
RAILS
10
-299.912
20
-12.805
30
0
0
VERTEX
8
RAILS
10
-59.913
20
13.195
30
0
0
SEQEND
8
RAILS
0
POLYLINE
8
SLIPWAYS
66
1
10
0
20
0
30
0
70
1
0
VERTEX
8
SLIPWAYS
10
-231.829
20
313.404
30
0
0
VERTEX
8
SLIPWAYS
10
-488.416
20
286.436
30
0
0
VERTEX
8
SLIPWAYS
10
-484.757
20
251.628
30
0
0
VERTEX
8
SLIPWAYS
10
-228.171
20
278.596
30
0
0
SEQEND
8
SLIPWAYS
0
TEXT
8
LABELS
10
-230
20
296
30
0
40
4
1
\U+041E\U+0442\U+043A\U+0440\U+044B\U+0442\U+044B\U+0439 \U+043D\U+0430\U+043A\U+043B\U+043E\U+043D\U+043D\U+044B\U+0439 \U+0441\U+0442\U+0430\U+043F\U+0435\U+043B\U+044C \U+2116 1
0
POLYLINE
8
SLIPWAYS
66
1
10
0
20
0
30
0
70
1
0
VERTEX
8
SLIPWAYS
10
-251.829
20
237.404
30
0
0
VERTEX
8
SLIPWAYS
10
-511.399
20
210.122
30
0
0
VERTEX
8
SLIPWAYS
10
-507.741
20
175.314
30
0
0
VERTEX
8
SLIPWAYS
10
-248.171
20
202.596
30
0
0
SEQEND
8
SLIPWAYS
0
TEXT
8
LABELS
10
-250
20
220
30
0
40
4
1
\U+041E\U+0442\U+043A\U+0440\U+044B\U+0442\U+044B\U+0439 \U+043D\U+0430\U+043A\U+043B\U+043E\U+043D\U+043D\U+044B\U+0439 \U+0441\U+0442\U+0430\U+043F\U+0435\U+043B\U+044C \U+2116 2
0
POLYLINE
8
BRIDGES
66
1
10
0
20
0
30
0
70
1
0
VERTEX
8
BRIDGES
10
24
20
-56
30
0
0
VERTEX
8
BRIDGES
10
24
20
-126
30
0
0
VERTEX
8
BRIDGES
10
48
20
-126
30
0
0
VERTEX
8
BRIDGES
10
48
20
-56
30
0
0
SEQEND
8
BRIDGES
0
TEXT
8
LABELS
10
36
20
-56
30
0
40
2.5
1
\U+0421\U+0442\U+0430\U+0440\U+043E-\U+041A\U+0430\U+043B\U+0438\U+043D\U+043A\U+0438\U+043D \U+043C\U+043E\U+0441\U+0442
0
POLYLINE
8
BRIDGES
66
1
10
0
20
0
30
0
70
1
0
VERTEX
8
BRIDGES
10
-28
20
555.5
30
0
0
VERTEX
8
BRIDGES
10
10
20
555.5
30
0
0
VERTEX
8
BRIDGES
10
10
20
564.5
30
0
0
VERTEX
8
BRIDGES
10
-28
20
564.5
30
0
0
SEQEND
8
BRIDGES
0
TEXT
8
LABELS
10
-28
20
560
30
0
40
2.5
1
\U+041C\U+0430\U+0442\U+0438\U+0441\U+043E\U+0432 \U+043C\U+043E\U+0441\U+0442
0
POLYLINE
8
BRIDGES
66
1
10
0
20
0
30
0
70
1
0
VERTEX
8
BRIDGES
10
-146.012
20
370.315
30
0
0
VERTEX
8
BRIDGES
10
-149.012
20
408.315
30
0
0
VERTEX
8
BRIDGES
10
-156.988
20
407.685
30
0
0
VERTEX
8
BRIDGES
10
-153.988
20
369.685
30
0
0
SEQEND
8
BRIDGES
0
TEXT
8
LABELS
10
-150
20
370
30
0
40
2.5
1
\U+0411\U+0435\U+0440\U+0434\U+043E\U+0432 \U+043C\U+043E\U+0441\U+0442
0
POLYLINE
8
BRIDGES
66
1
10
0
20
0
30
0
70
1
0
VERTEX
8
BRIDGES
10
-325.002
20
348.125
30
0
0
VERTEX
8
BRIDGES
10
-326.002
20
388.125
30
0
0
VERTEX
8
BRIDGES
10
-335.998
20
387.875
30
0
0
VERTEX
8
BRIDGES
10
-334.998
20
347.875
30
0
0
SEQEND
8
BRIDGES
0
TEXT
8
LABELS
10
-330
20
348
30
0
40
2.5
1
\U+0417\U+0430\U+0432\U+043E\U+0434\U+0441\U+043A\U+043E\U+0439 \U+043C\U+043E\U+0441\U+0442 \U+0447\U+0435\U+0440\U+0435\U+0437 \U+041F\U+0440\U+044F\U+0436\U+043A\U+0443
0
POLYLINE
8
BRIDGES
66
1
10
0
20
0
30
0
70
1
0
VERTEX
8
BRIDGES
10
-195
20
1106
30
0
0
VERTEX
8
BRIDGES
10
-195
20
1164
30
0
0
VERTEX
8
BRIDGES
10
-205
20
1164
30
0
0
VERTEX
8
BRIDGES
10
-205
20
1106
30
0
0
SEQEND
8
BRIDGES
0
TEXT
8
LABELS
10
-200
20
1106
30
0
40
2.5
1
\U+0417\U+0430\U+0432\U+043E\U+0434\U+0441\U+043A\U+043E\U+0439 \U+043C\U+043E\U+0441\U+0442 \U+0447\U+0435\U+0440\U+0435\U+0437 \U+041C\U+043E\U+0439\U+043A\U+0443
0
POLYLINE
8
BRIDGES
66
1
10
0
20
0
30
0
70
1
0
VERTEX
8
BRIDGES
10
266
20
1575
30
0
0
VERTEX
8
BRIDGES
10
306
20
1575
30
0
0
VERTEX
8
BRIDGES
10
306
20
1585
30
0
0
VERTEX
8
BRIDGES
10
266
20
1585
30
0
0
SEQEND
8
BRIDGES
0
TEXT
8
LABELS
10
266
20
1580
30
0
40
2.5
1
\U+041C\U+043E\U+0441\U+0442 \U+043A \U+0421\U+0435\U+0432\U+0435\U+0440\U+043D\U+043E\U+0439 \U+043F\U+0440\U+043E\U+0445\U+043E\U+0434\U+043D\U+043E\U+0439
0
POLYLINE
8
BRIDGES
66
1
10
0
20
0
30
0
70
1
0
VERTEX
8
BRIDGES
10
-383.497
20
-244.141
30
0
0
VERTEX
8
BRIDGES
10
-446.497
20
-256.141
30
0
0
VERTEX
8
BRIDGES
10
-443.503
20
-271.859
30
0
0
VERTEX
8
BRIDGES
10
-380.503
20
-259.859
30
0
0
SEQEND
8
BRIDGES
0
TEXT
8
LABELS
10
-382
20
-252
30
0
40
2.5
1
\U+041C\U+043E\U+0441\U+0442 \U+0447\U+0435\U+0440\U+0435\U+0437 \U+0415\U+043A\U+0430\U+0442\U+0435\U+0440\U+0438\U+043D\U+0433\U+043E\U+0444\U+043A\U+0443
0
CIRCLE
8
CRANES
10
-303.731
20
251.298
30
0
40
6
0
TEXT
8
CRANES
10
-296.731
20
251.298
30
0
40
1.5
1
\U+0421\U+0442\U+0430\U+043F\U+0435\U+043B\U+044C\U+043D\U+044B\U+0439 \U+043A\U+0440\U+0430\U+043D (\U+043F\U+0443\U+0442\U+044C \U+043C\U+0435\U+0436\U+0434\U+0443 \U+0441\U+0442\U+0430\U+043F\U+0435\U+043B\U+044F\U+043C\U+0438)
0
CIRCLE
8
CRANES
10
-408.156
20
240.323
30
0
40
6
0
TEXT
8
CRANES
10
-401.156
20
240.323
30
0
40
1.5
1
\U+0421\U+0442\U+0430\U+043F\U+0435\U+043B\U+044C\U+043D\U+044B\U+0439 \U+043A\U+0440\U+0430\U+043D (\U+043F\U+0443\U+0442\U+044C \U+043C\U+0435\U+0436\U+0434\U+0443 \U+0441\U+0442\U+0430\U+043F\U+0435\U+043B\U+044F\U+043C\U+0438)
0
CIRCLE
8
CRANES
10
-365.094
20
308.95
30
0
40
6
0
TEXT
8
CRANES
10
-358.094
20
308.95
30
0
40
1.5
1
\U+0421\U+0442\U+0430\U+043F\U+0435\U+043B\U+044C\U+043D\U+044B\U+0439 \U+043A\U+0440\U+0430\U+043D \U+0441\U+0442\U+0430\U+043F\U+0435\U+043B\U+044F \U+2116 1
0
CIRCLE
8
CRANES
10
-314.805
20
186.04
30
0
40
6
0
TEXT
8
CRANES
10
-307.805
20
186.04
30
0
40
1.5
1
\U+0421\U+0442\U+0430\U+043F\U+0435\U+043B\U+044C\U+043D\U+044B\U+0439 \U+043A\U+0440\U+0430\U+043D \U+0441\U+0442\U+0430\U+043F\U+0435\U+043B\U+044F \U+2116 2
0
CIRCLE
8
CRANES
10
-524.165
20
101.299
30
0
40
6
0
TEXT
8
CRANES
10
-517.165
20
101.299
30
0
40
1.5
1
\U+041F\U+043E\U+0440\U+0442\U+0430\U+043B\U+044C\U+043D\U+044B\U+0439 \U+043A\U+0440\U+0430\U+043D \U+0434\U+043E\U+0441\U+0442\U+0440\U+043E\U+0435\U+0447\U+043D\U+043E\U+0439 \U+043D\U+0430\U+0431\U+0435\U+0440\U+0435\U+0436\U+043D\U+043E\U+0439
0
CIRCLE
8
CRANES
10
-547.004
20
19.425
30
0
40
6
0
TEXT
8
CRANES
10
-540.004
20
19.425
30
0
40
1.5
1
\U+041F\U+043E\U+0440\U+0442\U+0430\U+043B\U+044C\U+043D\U+044B\U+0439 \U+043A\U+0440\U+0430\U+043D \U+0434\U+043E\U+0441\U+0442\U+0440\U+043E\U+0435\U+0447\U+043D\U+043E\U+0439 \U+043D\U+0430\U+0431\U+0435\U+0440\U+0435\U+0436\U+043D\U+043E\U+0439
0
CIRCLE
8
CRANES
10
-405.878
20
939.678
30
0
40
6
0
TEXT
8
CRANES
10
-398.878
20
939.678
30
0
40
1.5
1
\U+041F\U+043E\U+0440\U+0442\U+0430\U+043B\U+044C\U+043D\U+044B\U+0439 \U+043A\U+0440\U+0430\U+043D (\U+041C\U+0430\U+0442\U+0438\U+0441\U+043E\U+0432 \U+043E.)
0
CIRCLE
8
CRANES
10
-420.506
20
800.448
30
0
40
6
0
TEXT
8
CRANES
10
-413.506
20
800.448
30
0
40
1.5
1
\U+041F\U+043E\U+0440\U+0442\U+0430\U+043B\U+044C\U+043D\U+044B\U+0439 \U+043A\U+0440\U+0430\U+043D (\U+041C\U+0430\U+0442\U+0438\U+0441\U+043E\U+0432 \U+043E.)
0
CIRCLE
8
CRANES
10
-439.712
20
581.304
30
0
40
6
0
TEXT
8
CRANES
10
-432.712
20
581.304
30
0
40
1.5
1
\U+041F\U+043E\U+0440\U+0442\U+0430\U+043B\U+044C\U+043D\U+044B\U+0439 \U+043A\U+0440\U+0430\U+043D (\U+041C\U+0430\U+0442\U+0438\U+0441\U+043E\U+0432 \U+043E.)
0
CIRCLE
8
CRANES
10
37.519
20
1518.692
30
0
40
6
0
TEXT
8
CRANES
10
44.519
20
1518.692
30
0
40
1.5
1
\U+041F\U+043E\U+0440\U+0442\U+0430\U+043B\U+044C\U+043D\U+044B\U+0439 \U+043A\U+0440\U+0430\U+043D (\U+041D\U+043E\U+0432\U+043E\U+0435 \U+0410\U+0434\U+043C\U+0438\U+0440\U+0430\U+043B\U+0442\U+0435\U+0439\U+0441\U+0442\U+0432\U+043E)
0
CIRCLE
8
CRANES
10
-66.51
20
1458.875
30
0
40
6
0
TEXT
8
CRANES
10
-59.51
20
1458.875
30
0
40
1.5
1
\U+041F\U+043E\U+0440\U+0442\U+0430\U+043B\U+044C\U+043D\U+044B\U+0439 \U+043A\U+0440\U+0430\U+043D (\U+041D\U+043E\U+0432\U+043E\U+0435 \U+0410\U+0434\U+043C\U+0438\U+0440\U+0430\U+043B\U+0442\U+0435\U+0439\U+0441\U+0442\U+0432\U+043E)
0
CIRCLE
8
CRANES
10
-430
20
110
30
0
40
2
0
TEXT
8
CRANES
10
-423
20
110
30
0
40
1.5
1
\U+041A\U+043E\U+0437\U+043B\U+043E\U+0432\U+043E\U+0439 \U+043A\U+0440\U+0430\U+043D \U+0441\U+043A\U+043B\U+0430\U+0434\U+0430 \U+043C\U+0435\U+0442\U+0430\U+043B\U+043B\U+0430
0
CIRCLE
8
CRANES
10
-382
20
560
30
0
40
2
0
TEXT
8
CRANES
10
-375
20
560
30
0
40
1.5
1
\U+041A\U+043E\U+0437\U+043B\U+043E\U+0432\U+043E\U+0439 \U+043A\U+0440\U+0430\U+043D \U+043F\U+043B\U+043E\U+0449\U+0430\U+0434\U+043A\U+0438 \U+0441\U+043A\U+043B\U+0430\U+0434\U+0438\U+0440\U+043E\U+0432\U+0430\U+043D\U+0438\U+044F
0
CIRCLE
8
CRANES
10
-995
20
950
30
0
40
6
0
TEXT
8
CRANES
10
-988
20
950
30
0
40
1.5
1
\U+041F\U+043E\U+0440\U+0442\U+0430\U+043B\U+044C\U+043D\U+044B\U+0439 \U+043A\U+0440\U+0430\U+043D \U+0411\U+0430\U+043B\U+0442\U+0438\U+0439\U+0441\U+043A\U+043E\U+0433\U+043E \U+0437\U+0430\U+0432\U+043E\U+0434\U+0430
0
CIRCLE
8
CRANES
10
-1047
20
560
30
0
40
6
0
TEXT
8
CRANES
10
-1040
20
560
30
0
40
1.5
1
\U+041F\U+043E\U+0440\U+0442\U+0430\U+043B\U+044C\U+043D\U+044B\U+0439 \U+043A\U+0440\U+0430\U+043D \U+0411\U+0430\U+043B\U+0442\U+0438\U+0439\U+0441\U+043A\U+043E\U+0433\U+043E \U+0437\U+0430\U+0432\U+043E\U+0434\U+0430
0
POLYLINE
8
VESSELS
66
1
10
0
20
0
30
0
70
1
0
VERTEX
8
VESSELS
10
-437.282
20
259.131
30
0
0
VERTEX
8
VESSELS
10
-273.186
20
276.378
30
0
0
VERTEX
8
VESSELS
10
-259.836
20
292.864
30
0
0
VERTEX
8
VESSELS
10
-276.321
20
306.214
30
0
0
VERTEX
8
VESSELS
10
-440.418
20
288.967
30
0
0
SEQEND
8
VESSELS
0
TEXT
8
LABELS
10
-349.343
20
283.457
30
0
40
2.5
1
\U+041A\U+043E\U+0440\U+043F\U+0443\U+0441 \U+0442\U+0430\U+043D\U+043A\U+0435\U+0440\U+0430 \U+043B\U+0435\U+0434\U+043E\U+0432\U+043E\U+0433\U+043E \U+043A\U+043B\U+0430\U+0441\U+0441\U+0430 \U+043D\U+0430 \U+0441\U+0442\U+0430\U+043F\U+0435\U+043B\U+0435 \U+2116 1
0
POLYLINE
8
VESSELS
66
1
10
0
20
0
30
0
70
1
0
VERTEX
8
VESSELS
10
-422.944
20
191.265
30
0
0
VERTEX
8
VESSELS
10
-328.961
20
201.143
30
0
0
VERTEX
8
VESSELS
10
-319.617
20
212.683
30
0
0
VERTEX
8
VESSELS
10
-331.157
20
222.028
30
0
0
VERTEX
8
VESSELS
10
-425.139
20
212.15
30
0
0
SEQEND
8
VESSELS
0
TEXT
8
LABELS
10
-371.829
20
207.195
30
0
40
2.5
1
\U+0422\U+0440\U+0430\U+0443\U+043B\U+0435\U+0440 \U+043D\U+0430 \U+0441\U+0442\U+0430\U+043F\U+0435\U+043B\U+0435 \U+2116 2
0
POLYLINE
8
VESSELS
66
1
10
0
20
0
30
0
70
1
0
VERTEX
8
VESSELS
10
-563.064
20
17.676
30
0
0
VERTEX
8
VESSELS
10
-543.181
20
88.955
30
0
0
VERTEX
8
VESSELS
10
-548.737
20
98.81
30
0
0
VERTEX
8
VESSELS
10
-558.593
20
93.254
30
0
0
VERTEX
8
VESSELS
10
-578.476
20
21.975
30
0
0
SEQEND
8
VESSELS
0
TEXT
8
LABELS
10
-559.754
20
59.318
30
0
40
2.5
1
\U+0422\U+0440\U+0430\U+0443\U+043B\U+0435\U+0440 \U+0443 \U+0434\U+043E\U+0441\U+0442\U+0440\U+043E\U+0435\U+0447\U+043D\U+043E\U+0439 \U+043D\U+0430\U+0431\U+0435\U+0440\U+0435\U+0436\U+043D\U+043E\U+0439
0
POLYLINE
8
VESSELS
66
1
10
0
20
0
30
0
70
1
0
VERTEX
8
VESSELS
10
-477.375
20
674.706
30
0
0
VERTEX
8
VESSELS
10
-484.736
20
567.96
30
0
0
VERTEX
8
VESSELS
10
-472.662
20
554.096
30
0
0
VERTEX
8
VESSELS
10
-458.798
20
566.171
30
0
0
VERTEX
8
VESSELS
10
-451.436
20
672.917
30
0
0
SEQEND
8
VESSELS
0
TEXT
8
LABELS
10
-468.533
20
613.954
30
0
40
2.5
1
\U+041B\U+0435\U+0434\U+043E\U+043A\U+043E\U+043B \U+0443 \U+0434\U+043E\U+0441\U+0442\U+0440\U+043E\U+0435\U+0447\U+043D\U+043E\U+0439 \U+043D\U+0430\U+0431\U+0435\U+0440\U+0435\U+0436\U+043D\U+043E\U+0439 \U+041C\U+0430\U+0442\U+0438\U+0441\U+043E\U+0432\U+0430 \U+043E\U+0441\U+0442\U+0440\U+043E\U+0432\U+0430
0
POLYLINE
8
VESSELS
66
1
10
0
20
0
30
0
70
1
0
VERTEX
8
VESSELS
10
-21.127
20
1508.04
30
0
0
VERTEX
8
VESSELS
10
-55.547
20
1567.9
30
0
0
VERTEX
8
VESSELS
10
-62.306
20
1569.724
30
0
0
VERTEX
8
VESSELS
10
-64.129
20
1562.966
30
0
0
VERTEX
8
VESSELS
10
-29.71
20
1503.106
30
0
0
SEQEND
8
VESSELS
0
TEXT
8
LABELS
10
-43.862
20
1537.649
30
0
40
2.5
1
\U+041F\U+043E\U+0434\U+0432\U+043E\U+0434\U+043D\U+0430\U+044F \U+043B\U+043E\U+0434\U+043A\U+0430 \U+043D\U+0430 \U+043F\U+043B\U+0430\U+0432\U+0434\U+043E\U+043A\U+0435 \U+00AB\U+041B\U+0443\U+0433\U+0430\U+00BB
0
POLYLINE
8
VESSELS
66
1
10
0
20
0
30
0
70
1
0
VERTEX
8
VESSELS
10
262.575
20
1663.986
30
0
0
VERTEX
8
VESSELS
10
200.959
20
1632.82
30
0
0
VERTEX
8
VESSELS
10
198.776
20
1626.169
30
0
0
VERTEX
8
VESSELS
10
205.427
20
1623.986
30
0
0
VERTEX
8
VESSELS
10
267.044
20
1655.152
30
0
0
SEQEND
8
VESSELS
0
TEXT
8
LABELS
10
231.793
20
1642.869
30
0
40
2.5
1
\U+041F\U+043E\U+0434\U+0432\U+043E\U+0434\U+043D\U+0430\U+044F \U+043B\U+043E\U+0434\U+043A\U+0430 \U+0443 \U+0434\U+043E\U+0441\U+0442\U+0440\U+043E\U+0435\U+0447\U+043D\U+043E\U+0439 \U+043D\U+0430\U+0431\U+0435\U+0440\U+0435\U+0436\U+043D\U+043E\U+0439
0
POLYLINE
8
VESSELS
66
1
10
0
20
0
30
0
70
1
0
VERTEX
8
VESSELS
10
-768.989
20
1367.038
30
0
0
VERTEX
8
VESSELS
10
-690.406
20
1408.821
30
0
0
VERTEX
8
VESSELS
10
-685.941
20
1423.427
30
0
0
VERTEX
8
VESSELS
10
-700.547
20
1427.892
30
0
0
VERTEX
8
VESSELS
10
-779.129
20
1386.109
30
0
0
SEQEND
8
VESSELS
0
TEXT
8
LABELS
10
-730
20
1400
30
0
40
2.5
1
\U+041B\U+0435\U+0434\U+043E\U+043A\U+043E\U+043B \U+00AB\U+041A\U+0440\U+0430\U+0441\U+0438\U+043D\U+00BB (\U+043C\U+0443\U+0437\U+0435\U+0439\U+043D\U+043E\U+0435 \U+0441\U+0443\U+0434\U+043D\U+043E)
0
POLYLINE
8
DOCKS
66
1
10
0
20
0
30
0
70
1
0
VERTEX
8
DOCKS
10
-9.229
20
1504.5
30
0
0
VERTEX
8
DOCKS
10
-55.089
20
1584.256
30
0
0
VERTEX
8
DOCKS
10
-78.495
20
1570.797
30
0
0
VERTEX
8
DOCKS
10
-32.636
20
1491.042
30
0
0
SEQEND
8
DOCKS
0
TEXT
8
LABELS
10
-43.862
20
1537.649
30
0
40
2.5
1
\U+041F\U+043B\U+0430\U+0432\U+0443\U+0447\U+0438\U+0439 \U+0434\U+043E\U+043A \U+00AB\U+041B\U+0443\U+0433\U+0430\U+00BB
0
POLYLINE
8
DOCKS
66
1
10
0
20
0
30
0
70
1
0
VERTEX
8
DOCKS
10
-440.41
20
980.165
30
0
0
VERTEX
8
DOCKS
10
-451.572
20
888.845
30
0
0
VERTEX
8
DOCKS
10
-429.734
20
886.176
30
0
0
VERTEX
8
DOCKS
10
-418.573
20
977.496
30
0
0
SEQEND
8
DOCKS
0
TEXT
8
LABELS
10
-435.072
20
933.17
30
0
40
2.5
1
\U+041F\U+043B\U+0430\U+0432\U+0443\U+0447\U+0438\U+0439 \U+0434\U+043E\U+043A \U+0421\U+041F\U+0414-2\U+041C
0
TEXT
8
LABELS
10
-120
20
1330
30
0
40
12
1
\U+041D\U+043E\U+0432\U+043E-\U+0410\U+0434\U+043C\U+0438\U+0440\U+0430\U+043B\U+0442\U+0435\U+0439\U+0441\U+043A\U+0438\U+0439 \U+043E\U+0441\U+0442\U+0440\U+043E\U+0432
0
TEXT
8
LABELS
10
-330
20
690
30
0
40
12
1
\U+041C\U+0430\U+0442\U+0438\U+0441\U+043E\U+0432 \U+043E\U+0441\U+0442\U+0440\U+043E\U+0432
0
TEXT
8
LABELS
10
-380
20
20
30
0
40
12
1
\U+0413\U+0430\U+043B\U+0435\U+0440\U+043D\U+044B\U+0439 \U+043E\U+0441\U+0442\U+0440\U+043E\U+0432
0
TEXT
8
LABELS
10
470
20
1410
30
0
40
6
1
\U+041D\U+043E\U+0432\U+0430\U+044F \U+0413\U+043E\U+043B\U+043B\U+0430\U+043D\U+0434\U+0438\U+044F
0
TEXT
8
LABELS
10
330
20
560
30
0
40
6
1
\U+041A\U+043E\U+043B\U+043E\U+043C\U+043D\U+0430
0
TEXT
8
LABELS
10
-560
20
1700
30
0
40
6
1
\U+0412\U+0430\U+0441\U+0438\U+043B\U+044C\U+0435\U+0432\U+0441\U+043A\U+0438\U+0439 \U+043E\U+0441\U+0442\U+0440\U+043E\U+0432
0
TEXT
8
LABELS
10
-1080
20
820
30
0
40
6
1
\U+0411\U+0430\U+043B\U+0442\U+0438\U+0439\U+0441\U+043A\U+0438\U+0439 \U+0437\U+0430\U+0432\U+043E\U+0434
0
TEXT
8
LABELS
10
10
20
-2
30
0
40
6
1
\U+043F\U+043B. \U+0420\U+0435\U+043F\U+0438\U+043D\U+0430
0
TEXT
8
LABELS
10
-110
20
260
30
0
40
6
1
\U+041B\U+043E\U+0446\U+043C\U+0430\U+043D\U+0441\U+043A\U+0430\U+044F \U+0443\U+043B.
0
TEXT
8
LABELS
10
330
20
790
30
0
40
6
1
\U+0443\U+043B. \U+0414\U+0435\U+043A\U+0430\U+0431\U+0440\U+0438\U+0441\U+0442\U+043E\U+0432
0
TEXT
8
LABELS
10
300
20
160
30
0
40
6
1
\U+0421\U+0430\U+0434\U+043E\U+0432\U+0430\U+044F \U+0443\U+043B.
0
TEXT
8
LABELS
10
480
20
1690
30
0
40
6
1
\U+0410\U+043D\U+0433\U+043B\U+0438\U+0439\U+0441\U+043A\U+0430\U+044F \U+043D\U+0430\U+0431.
0
TEXT
8
LABELS
10
-380
20
1620
30
0
40
6
1
\U+043D\U+0430\U+0431. \U+041B\U+0435\U+0439\U+0442\U+0435\U+043D\U+0430\U+043D\U+0442\U+0430 \U+0428\U+043C\U+0438\U+0434\U+0442\U+0430
0
TEXT
8
LABELS
10
30
20
-330
30
0
40
6
1
\U+0421\U+0442\U+0430\U+0440\U+043E-\U+041F\U+0435\U+0442\U+0435\U+0440\U+0433\U+043E\U+0444\U+0441\U+043A\U+0438\U+0439 \U+043F\U+0440.
0
TEXT
8
LABELS
10
-230
20
-220
30
0
40
6
1
\U+0420\U+0438\U+0436\U+0441\U+043A\U+0438\U+0439 \U+043F\U+0440.
0
TEXT
8
LABELS
10
36
20
-92
30
0
40
6
1
\U+0421\U+0442\U+0430\U+0440\U+043E-\U+041A\U+0430\U+043B\U+0438\U+043D\U+043A\U+0438\U+043D \U+043C\U+043E\U+0441\U+0442
0
TEXT
8
LABELS
10
-760
20
900
30
0
40
6
1
\U+0411\U+043E\U+043B\U+044C\U+0448\U+0430\U+044F \U+041D\U+0435\U+0432\U+0430
0
TEXT
8
LABELS
10
-260
20
1560
30
0
40
6
1
\U+0411\U+043E\U+043B\U+044C\U+0448\U+0430\U+044F \U+041D\U+0435\U+0432\U+0430
0
TEXT
8
LABELS
10
-200
20
-105
30
0
40
6
1
\U+0440. \U+0424\U+043E\U+043D\U+0442\U+0430\U+043D\U+043A\U+0430
0
TEXT
8
LABELS
10
150
20
1228
30
0
40
6
1
\U+0440. \U+041C\U+043E\U+0439\U+043A\U+0430
0
TEXT
8
LABELS
10
-10
20
900
30
0
40
6
1
\U+0440. \U+041F\U+0440\U+044F\U+0436\U+043A\U+0430
0
TEXT
8
LABELS
10
286
20
1600
30
0
40
6
1
\U+041D\U+043E\U+0432\U+043E-\U+0410\U+0434\U+043C\U+0438\U+0440\U+0430\U+043B\U+0442\U+0435\U+0439\U+0441\U+043A\U+0438\U+0439 \U+043A\U+0430\U+043D\U+0430\U+043B
0
TEXT
8
LABELS
10
-430
20
-300
30
0
40
6
1
\U+0440. \U+0415\U+043A\U+0430\U+0442\U+0435\U+0440\U+0438\U+043D\U+0433\U+043E\U+0444\U+043A\U+0430
0
TEXT
8
LABELS
10
-1130
20
-400
30
0
40
6
1
\U+0410\U+041E \U+00AB\U+0410\U+0434\U+043C\U+0438\U+0440\U+0430\U+043B\U+0442\U+0435\U+0439\U+0441\U+043A\U+0438\U+0435 \U+0432\U+0435\U+0440\U+0444\U+0438\U+00BB \U+2014 \U+0433\U+0435\U+043D\U+043F\U+043B\U+0430\U+043D (\U+0441\U+0445\U+0435\U+043C\U+0430). \U+041D\U+0430\U+0447\U+0430\U+043B\U+043E \U+043A\U+043E\U+043E\U+0440\U+0434\U+0438\U+043D\U+0430\U+0442: \U+043F\U+043B\U+043E\U+0449\U+0430\U+0434\U+044C \U+0420\U+0435\U+043F\U+0438\U+043D\U+0430, 59.91694 N, 30.27948 E. \U+0415\U+0434\U+0438\U+043D\U+0438\U+0446\U+044B: \U+043C.
0
ENDSEC
0
EOF
