{"type":"FeatureCollection","name":"admiralty_shipyards_territory","metadata":{"title":"АО «Адмиралтейские верфи» — цифровая модель территории","crs":"EPSG:4326","origin_local":{"lat":59.91694,"lon":30.27948,"name":"площадь Репина"},"accuracy":"Схема восстановлена по открытым источникам (описания, адреса, размеры объектов). Береговые линии и улицы привязаны к опорным точкам с точностью ±30–80 м; внутренняя планировка верфи — условная. Для точной геометрии используйте импорт OpenStreetMap (npm run osm:fetch)."},"features":[{"type":"Feature","geometry":{"type":"MultiPolygon","coordinates":[[[[30.2588706,59.9131702],[30.2671741,59.9131702],[30.267652,59.9140678],[30.2682792,59.9152346],[30.268291,59.9152548],[30.2695323,59.9153916],[30.2714823,59.9155691],[30.2721358,59.9156084],[30.2719765,59.9149945],[30.2713581,59.9141097],[30.2706882,59.9131702],[30.271221,59.9131702],[30.2718312,59.9140259],[30.2724673,59.9149362],[30.2726498,59.9156393],[30.2741452,59.9157292],[30.2768187,59.9158184],[30.280147,59.9159081],[30.2821753,59.9159526],[30.2866371,59.9159258],[30.2909496,59.9158418],[30.2909496,59.9162909],[30.2866599,59.9163745],[30.2821611,59.9164015],[30.2801033,59.9163563],[30.2767649,59.9162664],[30.274062,59.9161762],[30.2713486,59.9160131],[30.2693559,59.9158316],[30.2685776,59.9157459],[30.2686197,59.915818],[30.2691753,59.916581],[30.2701251,59.9182864],[30.2709136,59.9196327],[30.271061,59.9200018],[30.272333,59.920091],[30.2741238,59.9201628],[30.2772803,59.9203615],[30.2790899,59.9206286],[30.2794976,59.9211391],[30.2795338,59.9232229],[30.2794979,59.925916],[30.2794979,59.9273729],[30.2813861,59.9276301],[30.2840629,59.9281663],[30.2848023,59.9282404],[30.2848385,59.9282404],[30.2848385,59.928244],[30.2857903,59.9283394],[30.2884416,59.9283571],[30.2909496,59.9283474],[30.2909496,59.9287064],[30.2884396,59.9287161],[30.2857146,59.9286979],[30.2848385,59.9286102],[30.2848385,59.9304538],[30.2884469,59.9305113],[30.2909496,59.9305595],[30.2909496,59.9307392],[30.2884343,59.9306907],[30.2848385,59.9306334],[30.2848385,59.9318371],[30.2848564,59.9318397],[30.288799,59.9323961],[30.2909496,59.9326953],[30.2909496,59.9332758],[30.2802641,59.9332758],[30.2785839,59.932827],[30.2749997,59.9318845],[30.2714154,59.930987],[30.2678312,59.9300445],[30.2655014,59.9294162],[30.2635301,59.9282494],[30.2622756,59.9264542],[30.2615588,59.9243001],[30.2604835,59.9196327],[30.2599458,59.9173888],[30.259229,59.9151449],[30.2588706,59.9141755],[30.2588706,59.9131702]],[[30.2711335,59.9202063],[30.2714871,59.9227742],[30.2719172,59.9250181],[30.2723115,59.9266337],[30.2723675,59.9267458],[30.2741434,59.9268143],[30.2768651,59.9270142],[30.2791037,59.9273191],[30.2791037,59.9259154],[30.2791395,59.9232231],[30.279104,59.921178],[30.2787949,59.9207909],[30.2771994,59.9205554],[30.2740835,59.9203592],[30.27229,59.9202874],[30.2711335,59.9202063]],[[30.2725507,59.927113],[30.2725803,59.9271723],[30.2728491,59.9281596],[30.273566,59.92877],[30.2751789,59.9292906],[30.2776879,59.9299548],[30.2812721,59.930987],[30.2843546,59.9317678],[30.2843725,59.9317704],[30.2843725,59.9285635],[30.2838577,59.9285119],[30.2811582,59.9279711],[30.2793135,59.9277198],[30.2791037,59.9277198],[30.2791037,59.9276912],[30.2767185,59.9273663],[30.2740638,59.9271713],[30.2725507,59.927113]]]]},"properties":{"layer":"water","name":"Акватория (Большая Нева, Фонтанка, Мойка, Пряжка, каналы)"}},{"type":"Feature","geometry":{"type":"MultiPolygon","coordinates":[[[[30.2685776,59.9157459],[30.2693559,59.9158316],[30.2713486,59.9160131],[30.274062,59.9161762],[30.2767649,59.9162664],[30.2786969,59.9163184],[30.2787452,59.9173349],[30.276453,59.9203094],[30.2741238,59.9201628],[30.272333,59.920091],[30.271061,59.9200018],[30.2709136,59.9196327],[30.2701251,59.9182864],[30.2691753,59.916581],[30.2686197,59.915818],[30.2685776,59.9157459]]]]},"properties":{"layer":"zone","id":"galerny","name":"Галерный остров","kind":"shipyard"}},{"type":"Feature","geometry":{"type":"MultiPolygon","coordinates":[[[[30.2711335,59.9202063],[30.27229,59.9202874],[30.2740835,59.9203592],[30.2755373,59.9204508],[30.2755373,59.9234205],[30.2791369,59.9234205],[30.2791037,59.9259154],[30.2791037,59.9273191],[30.2768651,59.9270142],[30.2741434,59.9268143],[30.2723675,59.9267458],[30.2723115,59.9266337],[30.2719172,59.9250181],[30.2714871,59.9227742],[30.2711335,59.9202063]]]]},"properties":{"layer":"zone","id":"matisov","name":"Матисов остров","kind":"shipyard"}},{"type":"Feature","geometry":{"type":"MultiPolygon","coordinates":[[[[30.2725507,59.927113],[30.2740638,59.9271713],[30.2767185,59.9273663],[30.2791037,59.9276912],[30.2791037,59.9277198],[30.2793135,59.9277198],[30.2811582,59.9279711],[30.2838577,59.9285119],[30.2843725,59.9285635],[30.2843725,59.9317704],[30.2843546,59.9317678],[30.2812721,59.930987],[30.2776879,59.9299548],[30.2751789,59.9292906],[30.273566,59.92877],[30.2728491,59.9281596],[30.2725803,59.9271723],[30.2725507,59.927113]]]]},"properties":{"layer":"zone","id":"novo","name":"Ново-Адмиралтейский остров","kind":"shipyard"}},{"type":"Feature","geometry":{"type":"MultiPolygon","coordinates":[[[[30.2755373,59.9204508],[30.2771994,59.9205554],[30.2787949,59.9207909],[30.279104,59.921178],[30.2791395,59.9232231],[30.2791369,59.9234205],[30.2755373,59.9234205],[30.2755373,59.9204508]]]]},"properties":{"layer":"zone","id":"matisov-civil","name":"Матисов остров (жилая часть)","kind":"civil"}},{"type":"Feature","geometry":{"type":"LineString","coordinates":[[30.2786915,59.9163117],[30.2787452,59.9168054]]},"properties":{"layer":"fence","id":"F1a","name":"Ограда у главной проходной (пл. Репина)","kind":"fence","info":"Железобетонный забор с колючей проволокой, высота 2.8 м, длина 55 м. Ворота: Автотранспортные ворота КПП-1.","approx":false,"height":3.4}},{"type":"Feature","geometry":{"type":"LineString","coordinates":[[30.2787452,59.9171105],[30.2787452,59.9173349],[30.2784227,59.9177536]]},"properties":{"layer":"fence","id":"F1b","name":"Ограда по Лоцманской ул.","kind":"fence","info":"Железобетонный забор с колючей проволокой, высота 2.8 м, длина 75 м.","approx":false,"height":3.4}},{"type":"Feature","geometry":{"type":"LineString","coordinates":[[30.2779712,59.9183398],[30.277552,59.9188842]]},"properties":{"layer":"fence","id":"F1c","name":"Ограда по Лоцманской ул.","kind":"fence","info":"Железобетонный забор с колючей проволокой, высота 2.8 м, длина 65 м. Ворота: Ворота КПП-2 (Лоцманская ул.).","approx":false,"height":3.4}},{"type":"Feature","geometry":{"type":"LineString","coordinates":[[30.277165,59.9193866],[30.2769715,59.9196378]]},"properties":{"layer":"fence","id":"F1d","name":"Ограда по Лоцманской ул.","kind":"fence","info":"Железобетонный забор с колючей проволокой, высота 2.8 м, длина 30 м.","approx":false,"height":3.4}},{"type":"Feature","geometry":{"type":"LineString","coordinates":[[30.2767135,59.9199728],[30.2764155,59.9203597]]},"properties":{"layer":"fence","id":"F1e","name":"Ограда по Лоцманской ул. до наб. Пряжки","kind":"fence","info":"Железобетонный забор с колючей проволокой, высота 2.8 м, длина 46 м.","approx":false,"height":3.4}},{"type":"Feature","geometry":{"type":"LineString","coordinates":[[30.2786915,59.9162938],[30.2767918,59.9162309],[30.2741036,59.9161412],[30.2714154,59.9159886],[30.270161,59.9158809]]},"properties":{"layer":"fence","id":"F2","name":"Ограждение кромки Фонтанки","kind":"fence","info":"Сетчатое ограждение по кромке набережной, высота 2.2 м, длина 479 м.","approx":false,"height":2.8000000000000003}},{"type":"Feature","geometry":{"type":"LineString","coordinates":[[30.2755373,59.9204674],[30.2755373,59.9234205],[30.2790857,59.9234205]]},"properties":{"layer":"fence","id":"F3","name":"Ограда Матисова острова (граница с жилой частью)","kind":"fence","info":"Железобетонный забор с колючей проволокой, высота 2.8 м, длина 527 м. Ворота: Проходная Матисова острова.","approx":false,"height":3.4}},{"type":"Feature","geometry":{"type":"LineString","coordinates":[[30.279032,59.9234205],[30.279032,59.9273249]]},"properties":{"layer":"fence","id":"F4","name":"Ограждение кромки Пряжки (Матисов остров)","kind":"fence","info":"Сетчатое ограждение по кромке набережной, высота 2.2 м, длина 435 м.","approx":false,"height":2.8000000000000003}},{"type":"Feature","geometry":{"type":"LineString","coordinates":[[30.2843187,59.9286084],[30.2843187,59.931705]]},"properties":{"layer":"fence","id":"F5","name":"Ограда Нового Адмиралтейства по Ново-Адмиралтейскому каналу","kind":"fence","info":"Исторический кирпичный забор с пилястрами, высота 3.6 м, длина 345 м. Ворота: Северная проходная (Караульный дом).","approx":false,"height":4.2}},{"type":"Feature","geometry":{"type":"LineString","coordinates":[[30.2842471,59.9285725],[30.2839603,59.9285545],[30.2812721,59.928016],[30.2792649,59.9277467]]},"properties":{"layer":"fence","id":"F6","name":"Ограждение кромки Мойки (Ново-Адмиралтейский остров)","kind":"fence","info":"Сетчатое ограждение по кромке набережной, высота 2.2 м, длина 294 м.","approx":false,"height":2.8000000000000003}},{"type":"Feature","geometry":{"type":"Polygon","coordinates":[[[30.2784943,59.9168054],[30.2787452,59.9168054],[30.2787452,59.9171105],[30.2784943,59.9171105],[30.2784943,59.9168054]]]},"properties":{"layer":"shipyard","id":"G1","name":"Главная проходная","kind":"building","info":"Главная проходная предприятия у площади Репина (адрес предприятия: наб. реки Фонтанки, 203; Садовая ул., 126). Турникетный зал, бюро пропусков.","approx":false,"height":7.5,"floors":2,"generated":false}},{"type":"Feature","geometry":{"type":"Polygon","coordinates":[[[30.2784227,59.9177536],[30.2779712,59.9183398],[30.2776703,59.9182817],[30.2781218,59.9176955],[30.2784227,59.9177536]]]},"properties":{"layer":"shipyard","id":"G2","name":"Заводоуправление","kind":"building","info":"Административный корпус: дирекция, службы управления. Фасад выходит на Лоцманскую улицу.","approx":true,"height":19,"floors":5,"generated":false}},{"type":"Feature","geometry":{"type":"Polygon","coordinates":[[[30.277552,59.9188842],[30.277165,59.9193866],[30.276864,59.9193285],[30.277251,59.918826],[30.277552,59.9188842]]]},"properties":{"layer":"shipyard","id":"G3","name":"Инженерно-конструкторский корпус","kind":"building","info":"Конструкторское бюро и технологические службы.","approx":true,"height":22,"floors":6,"generated":false}},{"type":"Feature","geometry":{"type":"Polygon","coordinates":[[[30.2769715,59.9196378],[30.2767135,59.9199728],[30.2764627,59.9199244],[30.2767207,59.9195894],[30.2769715,59.9196378]]]},"properties":{"layer":"shipyard","id":"G14","name":"Учебный центр","kind":"building","info":"Корпоративный учебный центр, подготовка рабочих кадров.","approx":true,"height":15,"floors":4,"generated":false}},{"type":"Feature","geometry":{"type":"Polygon","coordinates":[[[30.2731524,59.9163681],[30.2754694,59.9164901],[30.2754132,59.9167579],[30.2730962,59.9166359],[30.2731524,59.9163681]]]},"properties":{"layer":"shipyard","id":"G4","name":"Главная судостроительная мастерская с кузницей","kind":"building","info":"1910 г., архитектор А. И. Дмитриев, кирпич. Наб. реки Фонтанки, 203 лит. АЦ. Входит в выявленный объект культурного наследия «Комплекс построек Адмиралтейского судостроительного завода».","approx":false,"height":21,"floors":null,"generated":false}},{"type":"Feature","geometry":{"type":"Polygon","coordinates":[[[30.2730736,59.9173245],[30.2752123,59.9174371],[30.2751337,59.917812],[30.2729949,59.9176995],[30.2730736,59.9173245]]]},"properties":{"layer":"shipyard","id":"G5","name":"Механосборочный цех","kind":"building","info":"Механическая обработка, изготовление деталей судовых систем и устройств.","approx":true,"height":21,"floors":null,"generated":false}},{"type":"Feature","geometry":{"type":"Polygon","coordinates":[[[30.2762815,59.9164547],[30.2773509,59.916511],[30.2773022,59.9167431],[30.2762328,59.9166868],[30.2762815,59.9164547]]]},"properties":{"layer":"shipyard","id":"G6","name":"Трубомедницкий цех","kind":"building","info":"Изготовление трубопроводов судовых систем.","approx":true,"height":15,"floors":null,"generated":false}},{"type":"Feature","geometry":{"type":"Polygon","coordinates":[[[30.2767046,59.917482],[30.2772749,59.917512],[30.2772375,59.9176905],[30.2766671,59.9176605],[30.2767046,59.917482]]]},"properties":{"layer":"shipyard","id":"G7","name":"Котельная","kind":"building","info":"Заводская котельная с дымовой трубой.","approx":true,"height":12,"floors":null,"generated":false}},{"type":"Feature","geometry":{"type":"Polygon","coordinates":[[[30.2773858,59.9172378],[30.2780274,59.9172715],[30.27799,59.9174501],[30.2773483,59.9174163],[30.2773858,59.9172378]]]},"properties":{"layer":"shipyard","id":"G8","name":"Столовая","kind":"building","info":"Заводская столовая.","approx":true,"height":8,"floors":2,"generated":false}},{"type":"Feature","geometry":{"type":"Polygon","coordinates":[[[30.2710801,59.916226],[30.2719712,59.9162729],[30.27193,59.9164693],[30.2710389,59.9164223],[30.2710801,59.916226]]]},"properties":{"layer":"shipyard","id":"G9","name":"Склад № 1","kind":"building","info":"Склад материалов и оборудования.","approx":true,"height":10,"floors":null,"generated":false}},{"type":"Feature","geometry":{"type":"Polygon","coordinates":[[[30.2759342,59.9185992],[30.276754,59.9186424],[30.2765742,59.9194993],[30.2757543,59.9194562],[30.2759342,59.9185992]]]},"properties":{"layer":"shipyard","id":"G10","name":"Корпусосборочный цех (предстапельная сборка)","kind":"building","info":"Сборка и сварка секций и блоков корпуса перед подачей на открытые стапели.","approx":true,"height":29,"floors":null,"generated":false}},{"type":"Feature","geometry":{"type":"Polygon","coordinates":[[[30.2761946,59.9179093],[30.2769076,59.9179468],[30.2768514,59.9182146],[30.2761384,59.9181771],[30.2761946,59.9179093]]]},"properties":{"layer":"shipyard","id":"G13","name":"Окрасочно-сушильная камера","kind":"building","info":"Окраска секций корпуса перед монтажом на стапеле.","approx":true,"height":21,"floors":null,"generated":false}},{"type":"Feature","geometry":{"type":"Polygon","coordinates":[[[30.2718377,59.9171581],[30.2720872,59.9171712],[30.2720685,59.9172605],[30.2718189,59.9172473],[30.2718377,59.9171581]]]},"properties":{"layer":"shipyard","id":"G15","name":"Трансформаторная подстанция","kind":"building","info":"ТП 10/0,4 кВ.","approx":false,"height":5,"floors":null,"generated":false}},{"type":"Feature","geometry":{"type":"Polygon","coordinates":[[[30.2700399,59.917107],[30.2698279,59.9167267],[30.2701386,59.9166832],[30.2703506,59.9170636],[30.2700399,59.917107]]]},"properties":{"layer":"shipyard","id":"G16","name":"Склад достроечной набережной","kind":"building","info":"Склад и мастерские при достроечной набережной у устья Фонтанки.","approx":true,"height":11,"floors":null,"generated":false}},{"type":"Feature","geometry":{"type":"Polygon","coordinates":[[[30.2777771,59.9185669],[30.2777449,59.9186088],[30.277678,59.9185958],[30.2777103,59.918554],[30.2777771,59.9185669]]]},"properties":{"layer":"shipyard","id":"G17","name":"КПП-2 (автотранспорт)","kind":"building","info":"Будка охраны у ворот на Лоцманской улице.","approx":false,"height":3,"floors":null,"generated":false}},{"type":"Feature","geometry":{"type":"Polygon","coordinates":[[[30.2730972,59.9211918],[30.274885,59.9211292],[30.27511,59.9227409],[30.2733223,59.9228035],[30.2730972,59.9211918]]]},"properties":{"layer":"shipyard","id":"M1","name":"Корпусообрабатывающий цех","kind":"building","info":"Правка, резка и гибка листового и профильного проката; изготовление деталей корпуса.","approx":true,"height":24,"floors":null,"generated":false}},{"type":"Feature","geometry":{"type":"Polygon","coordinates":[[[30.2731222,59.9237046],[30.27491,59.923642],[30.275085,59.9248955],[30.2732973,59.9249581],[30.2731222,59.9237046]]]},"properties":{"layer":"shipyard","id":"M2","name":"Сборочно-сварочный цех","kind":"building","info":"Сборка и сварка плоскостных и объёмных секций, укрупнение в блоки.","approx":true,"height":30,"floors":null,"generated":false}},{"type":"Feature","geometry":{"type":"Polygon","coordinates":[[[30.2772398,59.9242552],[30.2783151,59.9242552],[30.2783151,59.924704],[30.2772398,59.924704],[30.2772398,59.9242552]]]},"properties":{"layer":"shipyard","id":"M3","name":"Окрасочный цех","kind":"building","info":"Подготовка поверхности и окраска секций и изделий.","approx":true,"height":21,"floors":null,"generated":false}},{"type":"Feature","geometry":{"type":"Polygon","coordinates":[[[30.2771502,59.9253592],[30.2784047,59.9253592],[30.2784047,59.9257541],[30.2771502,59.9257541],[30.2771502,59.9253592]]]},"properties":{"layer":"shipyard","id":"M4","name":"Механомонтажный цех","kind":"building","info":"Изготовление и монтаж судовых механизмов и оборудования.","approx":true,"height":18,"floors":null,"generated":false}},{"type":"Feature","geometry":{"type":"Polygon","coordinates":[[[30.2733698,59.9258064],[30.2748,59.9257563],[30.2748375,59.926025],[30.2734073,59.926075],[30.2733698,59.9258064]]]},"properties":{"layer":"shipyard","id":"M5","name":"Склад материально-технического снабжения","kind":"building","info":"Центральный склад.","approx":true,"height":12,"floors":null,"generated":false}},{"type":"Feature","geometry":{"type":"Polygon","coordinates":[[[30.2781359,59.9263824],[30.2786735,59.9263824],[30.2786735,59.9265619],[30.2781359,59.9265619],[30.2781359,59.9263824]]]},"properties":{"layer":"shipyard","id":"M6","name":"Компрессорная станция","kind":"building","info":"Снабжение цехов сжатым воздухом.","approx":true,"height":9,"floors":null,"generated":false}},{"type":"Feature","geometry":{"type":"Polygon","coordinates":[[[30.276523,59.9236179],[30.2777775,59.9236179],[30.2777775,59.9237615],[30.276523,59.9237615],[30.276523,59.9236179]]]},"properties":{"layer":"shipyard","id":"M7","name":"Административно-бытовой корпус","kind":"building","info":"АБК производства Матисова острова: раздевалки, душевые, службы цехов.","approx":true,"height":15,"floors":4,"generated":false}},{"type":"Feature","geometry":{"type":"Polygon","coordinates":[[[30.2758778,59.9234564],[30.2760929,59.9234564],[30.2760929,59.9235282],[30.2758778,59.9235282],[30.2758778,59.9234564]]]},"properties":{"layer":"shipyard","id":"M8","name":"Проходная Матисова острова","kind":"building","info":"Проходная на производственную площадку Матисова острова.","approx":false,"height":3.5,"floors":null,"generated":false}},{"type":"Feature","geometry":{"type":"Polygon","coordinates":[[[30.2755911,59.9253323],[30.275842,59.9253323],[30.275842,59.925422],[30.2755911,59.925422],[30.2755911,59.9253323]]]},"properties":{"layer":"shipyard","id":"M9","name":"Трансформаторная подстанция","kind":"building","info":"ТП 10/0,4 кВ.","approx":false,"height":5,"floors":null,"generated":false}},{"type":"Feature","geometry":{"type":"Polygon","coordinates":[[[30.2818293,59.9309772],[30.2813175,59.9308476],[30.2824176,59.9297583],[30.2829293,59.9298879],[30.2818293,59.9309772]]]},"properties":{"layer":"shipyard","id":"N1","name":"Большой каменный эллинг","kind":"building","info":"1890–1893 гг., инженеры С. Н. Будзынский, Н. П. Дуткин, Н. Д. Куторга; подрядные работы — арх. Н. П. Козлов. Длина 132 м, ширина между стенами ≈28 м. Ориентирован торцом к Неве.","approx":false,"height":32,"floors":null,"generated":false}},{"type":"Feature","geometry":{"type":"Polygon","coordinates":[[[30.2832142,59.9313281],[30.2827984,59.9312227],[30.2836073,59.9304218],[30.284023,59.9305271],[30.2832142,59.9313281]]]},"properties":{"layer":"shipyard","id":"N2","name":"Малый каменный эллинг (эллинг № 1)","kind":"building","info":"1833–1838 гг. Один из старейших сохранившихся эллингов России; входит в «Комплекс построек Адмиралтейского судостроительного завода».","approx":false,"height":25,"floors":null,"generated":false}},{"type":"Feature","geometry":{"type":"Polygon","coordinates":[[[30.280138,59.930474],[30.278429,59.9299818],[30.2795546,59.9290014],[30.2812636,59.9294936],[30.280138,59.930474]]]},"properties":{"layer":"shipyard","id":"N3","name":"Крытый эллинг (бывш. завод «Судомех»)","kind":"building","info":"5 крытых построечных мест 120×20 м — строительство подводных лодок (в т. ч. пр. 636.3). Спуск — через плавдок «Луга». Габариты корпуса условные.","approx":true,"height":36,"floors":null,"generated":false}},{"type":"Feature","geometry":{"type":"Polygon","coordinates":[[[30.2780216,59.9298956],[30.2778041,59.9298329],[30.2787332,59.9290237],[30.2789507,59.9290863],[30.2780216,59.9298956]]]},"properties":{"layer":"shipyard","id":"N4","name":"Крытый эллинг 100×10 м (№ 1)","kind":"building","info":"Малый крытый эллинг для небольших заказов.","approx":true,"height":18,"floors":null,"generated":false}},{"type":"Feature","geometry":{"type":"Polygon","coordinates":[[[30.2774769,59.9297466],[30.2772551,59.9296879],[30.2781261,59.9288626],[30.2783479,59.9289213],[30.2774769,59.9297466]]]},"properties":{"layer":"shipyard","id":"N5","name":"Крытый эллинг 100×10 м (№ 2)","kind":"building","info":"Малый крытый эллинг для небольших заказов.","approx":true,"height":18,"floors":null,"generated":false}},{"type":"Feature","geometry":{"type":"Polygon","coordinates":[[[30.2839424,59.9312652],[30.2841933,59.9312652],[30.2841933,59.9315524],[30.2839424,59.9315524],[30.2839424,59.9312652]]]},"properties":{"layer":"shipyard","id":"N6","name":"Караульный дом (Северная проходная)","kind":"building","info":"1830-е гг., классицизм. Наб. Ново-Адмиралтейского канала, 3. Входит в «Комплекс построек Адмиралтейского судостроительного завода».","approx":false,"height":12,"floors":2,"generated":false}},{"type":"Feature","geometry":{"type":"Polygon","coordinates":[[[30.280617,59.9286427],[30.2818945,59.9289687],[30.281748,59.9291126],[30.2804706,59.9287867],[30.280617,59.9286427]]]},"properties":{"layer":"shipyard","id":"N7","name":"Мастерские Нового Адмиралтейства","kind":"building","info":"Историческое производственное здание XIX в.","approx":true,"height":14.5,"floors":2,"generated":false}},{"type":"Feature","geometry":{"type":"Polygon","coordinates":[[[30.2816403,59.9281998],[30.2828035,59.9284351],[30.282696,59.9285683],[30.2815329,59.9283329],[30.2816403,59.9281998]]]},"properties":{"layer":"shipyard","id":"N8","name":"Инженерный корпус Нового Адмиралтейства","kind":"building","info":"Административно-инженерный корпус площадки (бывш. завод «Судомех»).","approx":true,"height":18,"floors":5,"generated":false}},{"type":"Feature","geometry":{"type":"Polygon","coordinates":[[[30.2738552,59.9282523],[30.2749629,59.9285473],[30.2747105,59.928785],[30.2736028,59.92849],[30.2738552,59.9282523]]]},"properties":{"layer":"shipyard","id":"N10","name":"Склад","kind":"building","info":"Складской корпус.","approx":true,"height":12,"floors":null,"generated":false}},{"type":"Feature","geometry":{"type":"Polygon","coordinates":[[[30.2758804,59.9283869],[30.2768298,59.9286397],[30.2766279,59.9288299],[30.2756785,59.9285771],[30.2758804,59.9283869]]]},"properties":{"layer":"shipyard","id":"N11","name":"Цех достройки","kind":"building","info":"Цех насыщения и достройки заказов.","approx":true,"height":15,"floors":null,"generated":false}},{"type":"Feature","geometry":{"type":"Polygon","coordinates":[[[30.2782515,59.9281249],[30.2787262,59.9282513],[30.2785579,59.9284098],[30.2780832,59.9282834],[30.2782515,59.9281249]]]},"properties":{"layer":"shipyard","id":"N12","name":"Котельная Нового Адмиралтейства","kind":"building","info":"Котельная с дымовой трубой.","approx":true,"height":10,"floors":null,"generated":false}},{"type":"Feature","geometry":{"type":"Polygon","coordinates":[[[30.2797458,59.9283858],[30.2803955,59.9285376],[30.2802895,59.9286515],[30.2796398,59.9284997],[30.2797458,59.9283858]]]},"properties":{"layer":"shipyard","id":"N14","name":"Лабораторный корпус","kind":"building","info":"Центральная заводская лаборатория.","approx":true,"height":12,"floors":3,"generated":false}},{"type":"Feature","geometry":{"type":"Polygon","coordinates":[[[30.2753253,59.919753],[30.270727,59.919511],[30.2707925,59.9191985],[30.2753909,59.9194406],[30.2753253,59.919753]]]},"properties":{"layer":"production","id":"S1","name":"Открытый наклонный стапель № 1","kind":"slipway","info":"Длина 259 м, ширина 35 м; суда дедвейтом до 70 000 т. Спуск — в Большую Неву.","approx":false,"height":6,"floors":null,"generated":false}},{"type":"Feature","geometry":{"type":"Polygon","coordinates":[[[30.2749669,59.9190709],[30.2703151,59.918826],[30.2703807,59.9185136],[30.2750325,59.9187584],[30.2749669,59.9190709]]]},"properties":{"layer":"production","id":"S2","name":"Открытый наклонный стапель № 2","kind":"slipway","info":"Длина 259 м, ширина 35 м; суда дедвейтом до 70 000 т. Спуск — в Большую Неву.","approx":false,"height":6,"floors":null,"generated":false}},{"type":"Feature","geometry":{"type":"Polygon","coordinates":[[[30.2741484,59.9192646],[30.2738989,59.9192515],[30.2739251,59.9191265],[30.2741746,59.9191397],[30.2741484,59.9192646]]]},"properties":{"layer":"production","id":"C1","name":"Стапельный кран (путь между стапелями)","kind":"crane","info":"Башенный стапельный кран на рельсовом ходу, высота ≈ 61 м.","approx":false,"height":60,"floors":null,"generated":false}},{"type":"Feature","geometry":{"type":"Polygon","coordinates":[[[30.272277,59.9191661],[30.2720275,59.919153],[30.2720537,59.919028],[30.2723032,59.9190411],[30.272277,59.9191661]]]},"properties":{"layer":"production","id":"C2","name":"Стапельный кран (путь между стапелями)","kind":"crane","info":"Башенный стапельный кран на рельсовом ходу, высота ≈ 61 м.","approx":false,"height":60,"floors":null,"generated":false}},{"type":"Feature","geometry":{"type":"Polygon","coordinates":[[[30.2730487,59.9197821],[30.2727992,59.919769],[30.2728254,59.919644],[30.2730749,59.9196571],[30.2730487,59.9197821]]]},"properties":{"layer":"production","id":"C3","name":"Стапельный кран стапеля № 1","kind":"crane","info":"Башенный стапельный кран на рельсовом ходу, высота ≈ 57 м.","approx":false,"height":56,"floors":null,"generated":false}},{"type":"Feature","geometry":{"type":"Polygon","coordinates":[[[30.2739499,59.9186789],[30.2737004,59.9186658],[30.2737267,59.9185408],[30.2739762,59.9185539],[30.2739499,59.9186789]]]},"properties":{"layer":"production","id":"C4","name":"Стапельный кран стапеля № 2","kind":"crane","info":"Башенный стапельный кран на рельсовом ходу, высота ≈ 57 м.","approx":false,"height":56,"floors":null,"generated":false}},{"type":"Feature","geometry":{"type":"Polygon","coordinates":[[[30.2699992,59.9179266],[30.2699318,59.9178056],[30.2701734,59.9177718],[30.2702409,59.9178929],[30.2699992,59.9179266]]]},"properties":{"layer":"production","id":"C5","name":"Портальный кран достроечной набережной","kind":"crane","info":"Портальный кран на рельсовом ходу, высота ≈ 34 м.","approx":false,"height":42,"floors":null,"generated":false}},{"type":"Feature","geometry":{"type":"Polygon","coordinates":[[[30.2695899,59.9171918],[30.2695225,59.9170707],[30.2697641,59.917037],[30.2698316,59.917158],[30.2695899,59.9171918]]]},"properties":{"layer":"production","id":"C6","name":"Портальный кран достроечной набережной","kind":"crane","info":"Портальный кран на рельсовом ходу, высота ≈ 34 м.","approx":false,"height":42,"floors":null,"generated":false}},{"type":"Feature","geometry":{"type":"Polygon","coordinates":[[[30.2720953,59.9254436],[30.2720677,59.9253187],[30.272317,59.9253049],[30.2723447,59.9254298],[30.2720953,59.9254436]]]},"properties":{"layer":"production","id":"C7","name":"Портальный кран (Матисов о.)","kind":"crane","info":"Портальный кран на рельсовом ходу, высота ≈ 36 м.","approx":false,"height":44,"floors":null,"generated":false}},{"type":"Feature","geometry":{"type":"Polygon","coordinates":[[[30.2718311,59.9241931],[30.2718071,59.924068],[30.2720569,59.924056],[30.2720809,59.9241811],[30.2718311,59.9241931]]]},"properties":{"layer":"production","id":"C8","name":"Портальный кран (Матисов о.)","kind":"crane","info":"Портальный кран на рельсовом ходу, высота ≈ 36 м.","approx":false,"height":44,"floors":null,"generated":false}},{"type":"Feature","geometry":{"type":"Polygon","coordinates":[[[30.2714833,59.9222246],[30.271466,59.9220993],[30.2717163,59.9220906],[30.2717336,59.922216],[30.2714833,59.9222246]]]},"properties":{"layer":"production","id":"C9","name":"Портальный кран (Матисов о.)","kind":"crane","info":"Портальный кран на рельсовом ходу, высота ≈ 36 м.","approx":false,"height":44,"floors":null,"generated":false}},{"type":"Feature","geometry":{"type":"Polygon","coordinates":[[[30.2801986,59.9306571],[30.2799811,59.9305945],[30.2801062,59.9304855],[30.2803237,59.9305482],[30.2801986,59.9306571]]]},"properties":{"layer":"production","id":"C10","name":"Портальный кран (Новое Адмиралтейство)","kind":"crane","info":"Портальный кран на рельсовом ходу, высота ≈ 32 м.","approx":false,"height":40,"floors":null,"generated":false}},{"type":"Feature","geometry":{"type":"Polygon","coordinates":[[[30.2783343,59.9301202],[30.2781168,59.9300576],[30.2782418,59.9299486],[30.2784593,59.9300113],[30.2783343,59.9301202]]]},"properties":{"layer":"production","id":"C11","name":"Портальный кран (Новое Адмиралтейство)","kind":"crane","info":"Портальный кран на рельсовом ходу, высота ≈ 32 м.","approx":false,"height":40,"floors":null,"generated":false}},{"type":"Feature","geometry":{"type":"Polygon","coordinates":[[[30.2716762,59.9177056],[30.2719614,59.9177206],[30.2718715,59.9181491],[30.2715863,59.9181341],[30.2716762,59.9177056]]]},"properties":{"layer":"production","id":"C12","name":"Козловой кран склада металла","kind":"crane","info":"Козловой кран, высота ≈ 18 м.","approx":false,"height":26,"floors":null,"generated":false}},{"type":"Feature","geometry":{"type":"Polygon","coordinates":[[[30.2729293,59.9218931],[30.2729468,59.9220184],[30.2723389,59.9220397],[30.2723214,59.9219144],[30.2729293,59.9218931]]]},"properties":{"layer":"production","id":"C13","name":"Козловой кран площадки складирования","kind":"crane","info":"Козловой кран, высота ≈ 16 м.","approx":false,"height":24,"floors":null,"generated":false}},{"type":"Feature","geometry":{"type":"Polygon","coordinates":[[[30.2617501,59.9253941],[30.2617937,59.9255179],[30.2615466,59.9255397],[30.261503,59.9254159],[30.2617501,59.9253941]]]},"properties":{"layer":"production","id":"BC1","name":"Портальный кран Балтийского завода","kind":"crane","info":"Портальный кран на рельсовом ходу, высота ≈ 36 м.","approx":false,"height":44,"floors":null,"generated":false}},{"type":"Feature","geometry":{"type":"Polygon","coordinates":[[[30.2608281,59.9218973],[30.2608543,59.9220223],[30.2606048,59.9220354],[30.2605786,59.9219105],[30.2608281,59.9218973]]]},"properties":{"layer":"production","id":"BC2","name":"Портальный кран Балтийского завода","kind":"crane","info":"Портальный кран на рельсовом ходу, высота ≈ 36 м.","approx":false,"height":44,"floors":null,"generated":false}},{"type":"Feature","geometry":{"type":"Polygon","coordinates":[[[30.2773137,59.9176681],[30.2774169,59.9176681],[30.2774169,59.9177198],[30.2773137,59.9177198],[30.2773137,59.9176681]]]},"properties":{"layer":"production","id":"CH1","name":"Дымовая труба котельной","kind":"chimney","info":"Высота ≈ 55 м.","approx":false,"height":55,"floors":null,"generated":false}},{"type":"Feature","geometry":{"type":"Polygon","coordinates":[[[30.2787739,59.9283625],[30.2788599,59.9283625],[30.2788599,59.9284056],[30.2787739,59.9284056],[30.2787739,59.9283625]]]},"properties":{"layer":"production","id":"CH2","name":"Дымовая труба котельной Нового Адмиралтейства","kind":"chimney","info":"Высота ≈ 45 м.","approx":false,"height":45,"floors":null,"generated":false}},{"type":"Feature","geometry":{"type":"Polygon","coordinates":[[[30.2793146,59.9304439],[30.2784927,59.9311598],[30.2780733,59.931039],[30.2788951,59.9303231],[30.2793146,59.9304439]]]},"properties":{"layer":"vessels","id":"D1","name":"Плавучий док «Луга»","kind":"dock","info":"92×27 м, грузоподъёмность 6000 т. Используется для спуска подводных лодок из крытого эллинга.","approx":false,"height":14,"floors":null,"generated":false}},{"type":"Feature","geometry":{"type":"Polygon","coordinates":[[[30.2715873,59.9257377],[30.2713873,59.924918],[30.2717786,59.924894],[30.2719787,59.9257137],[30.2715873,59.9257377]]]},"properties":{"layer":"vessels","id":"D2","name":"Плавучий док СПД-2М","kind":"dock","info":"92×22 м, грузоподъёмность 2000 т.","approx":false,"height":14,"floors":null,"generated":false}},{"type":"Feature","geometry":{"type":"Polygon","coordinates":[[[30.2716434,59.9192659],[30.2748515,59.9194348],[30.2747953,59.9197026],[30.2715872,59.9195337],[30.2716434,59.9192659]]]},"properties":{"layer":"vessels","id":"V1","name":"Корпус танкера ледового класса на стапеле № 1","kind":"vessel","info":"Условный заказ: крупнотоннажное судно на стадии формирования корпуса (Д×Ш ≈ 180×30 м).","approx":false,"height":35,"floors":null,"generated":false}},{"type":"Feature","geometry":{"type":"Polygon","coordinates":[[[30.2719003,59.9186567],[30.2737717,59.9187552],[30.2737324,59.9189427],[30.271861,59.9188442],[30.2719003,59.9186567]]]},"properties":{"layer":"vessels","id":"V2","name":"Траулер на стапеле № 2","kind":"vessel","info":"Условный заказ: большой морозильный траулер (≈ 105×21 м) перед спуском на воду.","approx":false,"height":30,"floors":null,"generated":false}},{"type":"Feature","geometry":{"type":"Polygon","coordinates":[[[30.2693892,59.9170987],[30.269784,59.9178076],[30.2695078,59.9178462],[30.269113,59.9171372],[30.2693892,59.9170987]]]},"properties":{"layer":"vessels","id":"V3","name":"Траулер у достроечной набережной","kind":"vessel","info":"Условный заказ: траулер на достройке у устья Фонтанки.","approx":false,"height":20.6,"floors":null,"generated":false}},{"type":"Feature","geometry":{"type":"Polygon","coordinates":[[[30.2709249,59.922996],[30.2707769,59.9219214],[30.2712417,59.9219054],[30.2713897,59.9229799],[30.2709249,59.922996]]]},"properties":{"layer":"vessels","id":"V4","name":"Ледокол у достроечной набережной Матисова острова","kind":"vessel","info":"Условный заказ на достройке у глубоководной набережной.","approx":false,"height":21.6,"floors":null,"generated":false}},{"type":"Feature","geometry":{"type":"Polygon","coordinates":[[[30.2791014,59.9304757],[30.2784403,59.9310515],[30.2782865,59.9310072],[30.2789476,59.9304314],[30.2791014,59.9304757]]]},"properties":{"layer":"vessels","id":"V5","name":"Подводная лодка на плавдоке «Луга»","kind":"vessel","info":"Дизель-электрическая ПЛ пр. 636.3 (74×9,9 м) после вывода из эллинга.","approx":false,"height":15.9,"floors":null,"generated":false}},{"type":"Feature","geometry":{"type":"Polygon","coordinates":[[[30.2841857,59.9318754],[30.2830023,59.9315756],[30.2830824,59.9314963],[30.2842658,59.9317961],[30.2841857,59.9318754]]]},"properties":{"layer":"vessels","id":"V6","name":"Подводная лодка у достроечной набережной","kind":"vessel","info":"ДЭПЛ пр. 636.3 на швартовных испытаниях.","approx":false,"height":7.3,"floors":null,"generated":false}},{"type":"Feature","geometry":{"type":"Polygon","coordinates":[[[30.2799101,59.9164643],[30.2799101,59.9157821],[30.2803402,59.9157821],[30.2803402,59.9164643],[30.2799101,59.9164643]]]},"properties":{"layer":"bridges","id":"B1","name":"Старо-Калинкин мост","kind":"bridge","info":"Каменный трёхпролётный мост через Фонтанку (1786–1788) с башнями-павильонами.","approx":false,"height":10,"floors":null,"generated":false}},{"type":"Feature","geometry":{"type":"Polygon","coordinates":[[[30.2789244,59.921926],[30.279713,59.921926],[30.279713,59.9220068],[30.2789244,59.9220068],[30.2789244,59.921926]]]},"properties":{"layer":"bridges","id":"B2","name":"Матисов мост","kind":"bridge","info":"Мост через Пряжку на Матисов остров.","approx":false,"height":2.5,"floors":null,"generated":false}},{"type":"Feature","geometry":{"type":"Polygon","coordinates":[[[30.2768675,59.920237],[30.2768053,59.9206318],[30.2766624,59.9206261],[30.2767246,59.9202313],[30.2768675,59.920237]]]},"properties":{"layer":"bridges","id":"B3","name":"Бердов мост","kind":"bridge","info":"Мост через Пряжку у Лоцманской улицы.","approx":false,"height":2.5,"floors":null,"generated":false}},{"type":"Feature","geometry":{"type":"Polygon","coordinates":[[[30.2736569,59.9200377],[30.2736363,59.9204506],[30.2734571,59.9204484],[30.2734778,59.9200355],[30.2736569,59.9200377]]]},"properties":{"layer":"bridges","id":"B4","name":"Заводской мост через Пряжку","kind":"bridge","info":"Внутризаводской мост: Галерный остров — Матисов остров.","approx":false,"height":2.5,"floors":null,"generated":false}},{"type":"Feature","geometry":{"type":"Polygon","coordinates":[[[30.2759854,59.9268402],[30.2759854,59.9274146],[30.2758061,59.9274146],[30.2758061,59.9268402],[30.2759854,59.9268402]]]},"properties":{"layer":"bridges","id":"B5","name":"Заводской мост через Мойку","kind":"bridge","info":"Внутризаводской мост: Матисов остров — Ново-Адмиралтейский остров.","approx":false,"height":2.5,"floors":null,"generated":false}},{"type":"Feature","geometry":{"type":"Polygon","coordinates":[[[30.2841933,59.9310767],[30.2850177,59.9310767],[30.2850177,59.9311665],[30.2841933,59.9311665],[30.2841933,59.9310767]]]},"properties":{"layer":"bridges","id":"B6","name":"Мост к Северной проходной","kind":"bridge","info":"Мост через Ново-Адмиралтейский канал к Караульному дому.","approx":false,"height":2.5,"floors":null,"generated":false}},{"type":"Feature","geometry":{"type":"Polygon","coordinates":[[[30.2726601,59.9147537],[30.2714254,59.9146359],[30.2714791,59.9144948],[30.2727137,59.9146126],[30.2726601,59.9147537]]]},"properties":{"layer":"bridges","id":"B7","name":"Мост через Екатерингофку","kind":"bridge","info":"Рижский проспект.","approx":false,"height":2.5,"floors":null,"generated":false}},{"type":"Feature","geometry":{"type":"Polygon","coordinates":[[[30.2791574,59.9174247],[30.2800893,59.9174247],[30.2800893,59.9175683],[30.2791574,59.9175683],[30.2791574,59.9174247]]]},"properties":{"layer":"context","id":"K1","name":"Медицинский центр «Адмиралтейские верфи»","kind":"context","info":"Садовая ул., 126 — поликлиника предприятия, открыта и для горожан.","approx":true,"height":19,"floors":5,"generated":false}},{"type":"Feature","geometry":{"type":"Polygon","coordinates":[[[30.2799463,59.9230123],[30.2806698,59.9231162],[30.2805908,59.9232542],[30.2798672,59.9231503],[30.2799463,59.9230123]]]},"properties":{"layer":"context","id":"K2","name":"Музей-квартира А. А. Блока","kind":"context","info":"ул. Декабристов, 57 — дом, где в 1912–1921 гг. жил поэт Александр Блок.","approx":false,"height":23.5,"floors":5,"generated":false}},{"type":"Feature","geometry":{"type":"Polygon","coordinates":[[[30.2798975,59.9271197],[30.2809142,59.927228],[30.2808546,59.9273685],[30.2798379,59.9272602],[30.2798975,59.9271197]]]},"properties":{"layer":"context","id":"K3","name":"Больница Святого Николая Чудотворца","kind":"context","info":"наб. реки Мойки, 126 — психиатрическая больница, комплекс XIX в. на углу Мойки и Пряжки.","approx":false,"height":18.5,"floors":3,"generated":false}},{"type":"Feature","geometry":{"type":"Polygon","coordinates":[[[30.2798994,59.9263173],[30.2801859,59.9263223],[30.2801359,59.9270399],[30.2798493,59.9270349],[30.2798994,59.9263173]]]},"properties":{"layer":"context","id":"K3a","name":"Больница Святого Николая Чудотворца (корпус)","kind":"context","info":"Корпус больничного комплекса.","approx":false,"height":18.5,"floors":3,"generated":false}},{"type":"Feature","geometry":{"type":"Polygon","coordinates":[[[30.2805773,59.926407],[30.2808638,59.9264121],[30.28082,59.92704],[30.2805335,59.927035],[30.2805773,59.926407]]]},"properties":{"layer":"context","id":"K3b","name":"Больница Святого Николая Чудотворца (корпус)","kind":"context","info":"Корпус больничного комплекса.","approx":false,"height":18.5,"floors":3,"generated":false}},{"type":"Feature","geometry":{"type":"Polygon","coordinates":[[[30.2868321,59.9287976],[30.2907741,59.9288321],[30.290766,59.9290654],[30.2868239,59.929031],[30.2868321,59.9287976]]]},"properties":{"layer":"context","id":"NH1","name":"Новая Голландия — корпус «Бутылка» и склады вдоль Мойки","kind":"context","info":"Остров-склад корабельного леса (XVIII в.), ныне общественное пространство.","approx":false,"height":24,"floors":4,"generated":false}},{"type":"Feature","geometry":{"type":"Polygon","coordinates":[[[30.2856311,59.9288114],[30.2864195,59.9288183],[30.2864114,59.9290516],[30.285623,59.9290447],[30.2856311,59.9288114]]]},"properties":{"layer":"context","id":"NH1c","name":"Новая Голландия — склад у арки","kind":"context","info":"Кирпичный склад XVIII в.","approx":false,"height":24,"floors":4,"generated":false}},{"type":"Feature","geometry":{"type":"Polygon","coordinates":[[[30.2852246,59.9300604],[30.2905977,59.9301544],[30.2905814,59.9303876],[30.2852083,59.9302937],[30.2852246,59.9300604]]]},"properties":{"layer":"context","id":"NH2","name":"Новая Голландия — склады вдоль Адмиралтейского канала","kind":"context","info":"Кирпичные склады XVIII–XIX вв.","approx":false,"height":24,"floors":4,"generated":false}},{"type":"Feature","geometry":{"type":"Polygon","coordinates":[[[30.2849639,59.929129],[30.285394,59.929129],[30.285394,59.9300266],[30.2849639,59.9300266],[30.2849639,59.929129]]]},"properties":{"layer":"context","id":"NH3","name":"Новая Голландия — склады вдоль Ново-Адмиралтейского канала","kind":"context","info":"Кирпичные склады XVIII–XIX вв.","approx":false,"height":24,"floors":4,"generated":false}},{"type":"Feature","geometry":{"type":"Polygon","coordinates":[[[30.2662466,59.9298949],[30.2679831,59.9303623],[30.2676777,59.9306469],[30.2659412,59.9301796],[30.2662466,59.9298949]]]},"properties":{"layer":"context","id":"GU","name":"Санкт-Петербургский горный университет","kind":"context","info":"наб. Лейтенанта Шмидта / 21-я линия В. О.; главное здание — арх. А. Н. Воронихин, 1806–1811, портик из 12 дорических колонн.","approx":false,"height":24,"floors":3,"generated":false}},{"type":"Feature","geometry":{"type":"Polygon","coordinates":[[[30.2608205,59.9224333],[30.2612137,59.9240368],[30.2601464,59.9241025],[30.2597533,59.9224989],[30.2608205,59.9224333]]]},"properties":{"layer":"context","id":"BZ1","name":"Балтийский завод — эллинг","kind":"context","info":"АО «Балтийский завод» (Васильевский остров) — напротив Адмиралтейских верфей.","approx":false,"height":33,"floors":null,"generated":false}},{"type":"Feature","geometry":{"type":"Polygon","coordinates":[[[30.2600984,59.9198395],[30.2603981,59.9212677],[30.2595782,59.9213109],[30.2592785,59.9198826],[30.2600984,59.9198395]]]},"properties":{"layer":"context","id":"BZ2","name":"Балтийский завод — цех","kind":"context","info":"АО «Балтийский завод».","approx":false,"height":24,"floors":null,"generated":false}},{"type":"Feature","geometry":{"type":"Polygon","coordinates":[[[30.2614328,59.9264997],[30.2621683,59.9275119],[30.2613263,59.9276653],[30.2605908,59.9266532],[30.2614328,59.9264997]]]},"properties":{"layer":"context","id":"BZ3","name":"Балтийский завод — цех","kind":"context","info":"АО «Балтийский завод».","approx":false,"height":26,"floors":null,"generated":false}},{"type":"Feature","geometry":{"type":"Polygon","coordinates":[[[30.2632133,59.9284203],[30.2643538,59.9289915],[30.2638469,59.9292453],[30.2627064,59.9286741],[30.2632133,59.9284203]]]},"properties":{"layer":"context","id":"BZ4","name":"Балтийский завод — цех","kind":"context","info":"АО «Балтийский завод».","approx":false,"height":21,"floors":null,"generated":false}},{"type":"Feature","geometry":{"type":"Polygon","coordinates":[[[30.2782793,59.9221459],[30.2785302,59.9221459],[30.2785302,59.922864],[30.2782793,59.922864],[30.2782793,59.9221459]]]},"properties":{"layer":"context","id":"MR1","name":"Жилой дом (Матисов остров)","kind":"context","info":"Жилая застройка юго-восточной части Матисова острова.","approx":false,"height":20,"floors":5,"generated":false}},{"type":"Feature","geometry":{"type":"Polygon","coordinates":[[[30.276523,59.9226126],[30.2774191,59.9226126],[30.2774191,59.9227562],[30.276523,59.9227562],[30.276523,59.9226126]]]},"properties":{"layer":"context","id":"MR2","name":"Общежитие","kind":"context","info":"Общежитие для студентов и прикомандированных специалистов.","approx":false,"height":28,"floors":9,"generated":false}},{"type":"Feature","geometry":{"type":"Polygon","coordinates":[[[30.2762059,59.9210789],[30.2772785,59.9210413],[30.277306,59.9212383],[30.2762334,59.9212759],[30.2762059,59.9210789]]]},"properties":{"layer":"context","id":"MR3","name":"Творческие мастерские","kind":"context","info":"Бывший производственный корпус — мастерские художников.","approx":false,"height":15,"floors":3,"generated":false}},{"type":"Feature","geometry":{"type":"Polygon","coordinates":[[[30.2778759,59.9209796],[30.2785684,59.9210725],[30.2785034,59.9211939],[30.277811,59.921101],[30.2778759,59.9209796]]]},"properties":{"layer":"context","id":"MR4","name":"Жилой дом (Матисов остров)","kind":"context","info":"Жилая застройка юго-восточной части Матисова острова.","approx":false,"height":20,"floors":5,"generated":false}},{"type":"Feature","geometry":{"type":"Polygon","coordinates":[[[30.2783336,59.9183635],[30.2785773,59.918051],[30.2788495,59.9181043],[30.2786059,59.9184167],[30.2783336,59.9183635]]]},"properties":{"layer":"context","id":"H1","name":"Жилой дом (Лоцманская ул.)","kind":"context","info":"Рядовая историческая застройка: Лоцманская ул.. Схематично.","approx":false,"height":18.1,"floors":4,"generated":true}},{"type":"Feature","geometry":{"type":"Polygon","coordinates":[[[30.2787681,59.9182087],[30.2788495,59.9181043],[30.2792012,59.9181731],[30.2791197,59.9182775],[30.2787681,59.9182087]]]},"properties":{"layer":"context","id":"H2","name":"Дворовый флигель (Лоцманская ул.)","kind":"context","info":"Дворовый флигель рядовой застройки. Схематично.","approx":false,"height":13.2,"floors":3,"generated":true}},{"type":"Feature","geometry":{"type":"Polygon","coordinates":[[[30.2781781,59.9185629],[30.2783336,59.9183635],[30.2785867,59.918413],[30.2784312,59.9186124],[30.2781781,59.9185629]]]},"properties":{"layer":"context","id":"H3","name":"Жилой дом (Лоцманская ул.)","kind":"context","info":"Рядовая историческая застройка: Лоцманская ул.. Схематично.","approx":false,"height":24.6,"floors":6,"generated":true}},{"type":"Feature","geometry":{"type":"Polygon","coordinates":[[[30.2784312,59.9186124],[30.2784994,59.9185248],[30.2788313,59.9185898],[30.2787631,59.9186773],[30.2784312,59.9186124]]]},"properties":{"layer":"context","id":"H4","name":"Дворовый флигель (Лоцманская ул.)","kind":"context","info":"Дворовый флигель рядовой застройки. Схематично.","approx":false,"height":23.4,"floors":6,"generated":true}},{"type":"Feature","geometry":{"type":"Polygon","coordinates":[[[30.2780695,59.9187021],[30.2781781,59.9185629],[30.2784242,59.918611],[30.2783155,59.9187503],[30.2780695,59.9187021]]]},"properties":{"layer":"context","id":"H5","name":"Жилой дом (Лоцманская ул.)","kind":"context","info":"Рядовая историческая застройка: Лоцманская ул.. Схематично.","approx":false,"height":20.4,"floors":5,"generated":true}},{"type":"Feature","geometry":{"type":"Polygon","coordinates":[[[30.2783501,59.918706],[30.2784242,59.918611],[30.2788469,59.9186937],[30.2787728,59.9187887],[30.2783501,59.918706]]]},"properties":{"layer":"context","id":"H6","name":"Дворовый флигель (Лоцманская ул.)","kind":"context","info":"Дворовый флигель рядовой застройки. Схематично.","approx":false,"height":16.6,"floors":4,"generated":true}},{"type":"Feature","geometry":{"type":"Polygon","coordinates":[[[30.2776497,59.9192403],[30.2778413,59.9189948],[30.2781233,59.9190499],[30.2779317,59.9192955],[30.2776497,59.9192403]]]},"properties":{"layer":"context","id":"H7","name":"Жилой дом (Лоцманская ул.)","kind":"context","info":"Рядовая историческая застройка: Лоцманская ул.. Схематично.","approx":false,"height":20.8,"floors":5,"generated":true}},{"type":"Feature","geometry":{"type":"Polygon","coordinates":[[[30.2775202,59.9194064],[30.2776497,59.9192403],[30.2779263,59.9192945],[30.2777968,59.9194605],[30.2775202,59.9194064]]]},"properties":{"layer":"context","id":"H8","name":"Жилой дом (Лоцманская ул.)","kind":"context","info":"Рядовая историческая застройка: Лоцманская ул.. Схематично.","approx":false,"height":20.4,"floors":5,"generated":true}},{"type":"Feature","geometry":{"type":"Polygon","coordinates":[[[30.2777968,59.9194605],[30.2778727,59.9193632],[30.2783231,59.9194514],[30.2782472,59.9195486],[30.2777968,59.9194605]]]},"properties":{"layer":"context","id":"H9","name":"Дворовый флигель (Лоцманская ул.)","kind":"context","info":"Дворовый флигель рядовой застройки. Схематично.","approx":false,"height":20,"floors":5,"generated":true}},{"type":"Feature","geometry":{"type":"Polygon","coordinates":[[[30.2773089,59.9196773],[30.2775202,59.9194064],[30.2777835,59.9194579],[30.2775722,59.9197288],[30.2773089,59.9196773]]]},"properties":{"layer":"context","id":"H10","name":"Жилой дом (Лоцманская ул.)","kind":"context","info":"Рядовая историческая застройка: Лоцманская ул.. Схематично.","approx":false,"height":24,"floors":6,"generated":true}},{"type":"Feature","geometry":{"type":"Polygon","coordinates":[[[30.277134,59.9199015],[30.2773089,59.9196773],[30.2775736,59.9197291],[30.2773987,59.9199533],[30.277134,59.9199015]]]},"properties":{"layer":"context","id":"H11","name":"Жилой дом (Лоцманская ул.)","kind":"context","info":"Рядовая историческая застройка: Лоцманская ул.. Схематично.","approx":false,"height":24.2,"floors":6,"generated":true}},{"type":"Feature","geometry":{"type":"Polygon","coordinates":[[[30.2769548,59.9201313],[30.277134,59.9199015],[30.277417,59.9199569],[30.2772378,59.9201867],[30.2769548,59.9201313]]]},"properties":{"layer":"context","id":"H12","name":"Жилой дом (Лоцманская ул.)","kind":"context","info":"Рядовая историческая застройка: Лоцманская ул.. Схематично.","approx":false,"height":18,"floors":4,"generated":true}},{"type":"Feature","geometry":{"type":"Polygon","coordinates":[[[30.2772378,59.9201867],[30.2773123,59.9200911],[30.277724,59.9201717],[30.2776495,59.9202673],[30.2772378,59.9201867]]]},"properties":{"layer":"context","id":"H13","name":"Дворовый флигель (Лоцманская ул.)","kind":"context","info":"Дворовый флигель рядовой застройки. Схематично.","approx":false,"height":13.2,"floors":3,"generated":true}},{"type":"Feature","geometry":{"type":"Polygon","coordinates":[[[30.2803197,59.9173346],[30.280816,59.9174614],[30.2806862,59.9175889],[30.28019,59.9174621],[30.2803197,59.9173346]]]},"properties":{"layer":"context","id":"H14","name":"Жилой дом (Садовая ул.)","kind":"context","info":"Рядовая историческая застройка: Садовая ул.. Схематично.","approx":false,"height":23.9,"floors":6,"generated":true}},{"type":"Feature","geometry":{"type":"Polygon","coordinates":[[[30.2805202,59.9175464],[30.2806862,59.9175889],[30.2805484,59.9177243],[30.2803823,59.9176818],[30.2805202,59.9175464]]]},"properties":{"layer":"context","id":"H15","name":"Дворовый флигель (Садовая ул.)","kind":"context","info":"Дворовый флигель рядовой застройки. Схематично.","approx":false,"height":23.4,"floors":6,"generated":true}},{"type":"Feature","geometry":{"type":"Polygon","coordinates":[[[30.280816,59.9174614],[30.2812576,59.9175742],[30.2811345,59.9176951],[30.2806929,59.9175823],[30.280816,59.9174614]]]},"properties":{"layer":"context","id":"H16","name":"Жилой дом (Садовая ул.)","kind":"context","info":"Рядовая историческая застройка: Садовая ул.. Схематично.","approx":false,"height":24.7,"floors":6,"generated":true}},{"type":"Feature","geometry":{"type":"Polygon","coordinates":[[[30.2806929,59.9175823],[30.2808896,59.9176325],[30.2806137,59.9179035],[30.280417,59.9178532],[30.2806929,59.9175823]]]},"properties":{"layer":"context","id":"H17","name":"Дворовый флигель (Садовая ул.)","kind":"context","info":"Дворовый флигель рядовой застройки. Схематично.","approx":false,"height":23.4,"floors":6,"generated":true}},{"type":"Feature","geometry":{"type":"Polygon","coordinates":[[[30.2812576,59.9175742],[30.2815616,59.9176518],[30.2814309,59.9177801],[30.2811269,59.9177025],[30.2812576,59.9175742]]]},"properties":{"layer":"context","id":"H18","name":"Жилой дом (Садовая ул.)","kind":"context","info":"Рядовая историческая застройка: Садовая ул.. Схематично.","approx":false,"height":24.4,"floors":6,"generated":true}},{"type":"Feature","geometry":{"type":"Polygon","coordinates":[[[30.2812263,59.9177279],[30.2814309,59.9177801],[30.281218,59.9179893],[30.2810133,59.917937],[30.2812263,59.9177279]]]},"properties":{"layer":"context","id":"H19","name":"Дворовый флигель (Садовая ул.)","kind":"context","info":"Дворовый флигель рядовой застройки. Схематично.","approx":false,"height":20,"floors":5,"generated":true}},{"type":"Feature","geometry":{"type":"Polygon","coordinates":[[[30.2815616,59.9176518],[30.2820619,59.9177796],[30.2819555,59.9178841],[30.2814552,59.9177563],[30.2815616,59.9176518]]]},"properties":{"layer":"context","id":"H20","name":"Жилой дом (Садовая ул.)","kind":"context","info":"Рядовая историческая застройка: Садовая ул.. Схематично.","approx":false,"height":17.8,"floors":4,"generated":true}},{"type":"Feature","geometry":{"type":"Polygon","coordinates":[[[30.2817833,59.9178402],[30.2819555,59.9178841],[30.2817715,59.9180648],[30.2815994,59.9180208],[30.2817833,59.9178402]]]},"properties":{"layer":"context","id":"H21","name":"Дворовый флигель (Садовая ул.)","kind":"context","info":"Дворовый флигель рядовой застройки. Схематично.","approx":false,"height":13.2,"floors":3,"generated":true}},{"type":"Feature","geometry":{"type":"Polygon","coordinates":[[[30.2820619,59.9177796],[30.2826062,59.9179186],[30.2824772,59.9180453],[30.2819329,59.9179063],[30.2820619,59.9177796]]]},"properties":{"layer":"context","id":"H22","name":"Жилой дом (Садовая ул.)","kind":"context","info":"Рядовая историческая застройка: Садовая ул.. Схематично.","approx":false,"height":21.5,"floors":5,"generated":true}},{"type":"Feature","geometry":{"type":"Polygon","coordinates":[[[30.2826062,59.9179186],[30.2830938,59.9180431],[30.2829742,59.9181606],[30.2824866,59.9180361],[30.2826062,59.9179186]]]},"properties":{"layer":"context","id":"H23","name":"Жилой дом (Садовая ул.)","kind":"context","info":"Рядовая историческая застройка: Садовая ул.. Схематично.","approx":false,"height":17.9,"floors":4,"generated":true}},{"type":"Feature","geometry":{"type":"Polygon","coordinates":[[[30.2830938,59.9180431],[30.2834566,59.9181358],[30.283325,59.9182651],[30.2829622,59.9181724],[30.2830938,59.9180431]]]},"properties":{"layer":"context","id":"H24","name":"Жилой дом (Садовая ул.)","kind":"context","info":"Рядовая историческая застройка: Садовая ул.. Схематично.","approx":false,"height":17.8,"floors":4,"generated":true}},{"type":"Feature","geometry":{"type":"Polygon","coordinates":[[[30.2831279,59.9182147],[30.283325,59.9182651],[30.2831579,59.9184292],[30.2829607,59.9183788],[30.2831279,59.9182147]]]},"properties":{"layer":"context","id":"H25","name":"Дворовый флигель (Садовая ул.)","kind":"context","info":"Дворовый флигель рядовой застройки. Схематично.","approx":false,"height":13.2,"floors":3,"generated":true}},{"type":"Feature","geometry":{"type":"Polygon","coordinates":[[[30.2834566,59.9181358],[30.2838126,59.9182267],[30.2837053,59.918332],[30.2833494,59.9182411],[30.2834566,59.9181358]]]},"properties":{"layer":"context","id":"H26","name":"Жилой дом (Садовая ул.)","kind":"context","info":"Рядовая историческая застройка: Садовая ул.. Схематично.","approx":false,"height":21.5,"floors":5,"generated":true}},{"type":"Feature","geometry":{"type":"Polygon","coordinates":[[[30.2835325,59.9182879],[30.2837053,59.918332],[30.2835298,59.9185044],[30.283357,59.9184603],[30.2835325,59.9182879]]]},"properties":{"layer":"context","id":"H27","name":"Дворовый флигель (Садовая ул.)","kind":"context","info":"Дворовый флигель рядовой застройки. Схематично.","approx":false,"height":20,"floors":5,"generated":true}},{"type":"Feature","geometry":{"type":"Polygon","coordinates":[[[30.2838126,59.9182267],[30.2843764,59.9183707],[30.2842644,59.9184806],[30.2837006,59.9183366],[30.2838126,59.9182267]]]},"properties":{"layer":"context","id":"H28","name":"Жилой дом (Садовая ул.)","kind":"context","info":"Рядовая историческая застройка: Садовая ул.. Схематично.","approx":false,"height":24.7,"floors":6,"generated":true}},{"type":"Feature","geometry":{"type":"Polygon","coordinates":[[[30.284082,59.918434],[30.2842644,59.9184806],[30.2840271,59.9187137],[30.2838446,59.9186671],[30.284082,59.918434]]]},"properties":{"layer":"context","id":"H29","name":"Дворовый флигель (Садовая ул.)","kind":"context","info":"Дворовый флигель рядовой застройки. Схематично.","approx":false,"height":20,"floors":5,"generated":true}},{"type":"Feature","geometry":{"type":"Polygon","coordinates":[[[30.2843764,59.9183707],[30.2849069,59.9185062],[30.284786,59.9186248],[30.2842556,59.9184893],[30.2843764,59.9183707]]]},"properties":{"layer":"context","id":"H30","name":"Жилой дом (Садовая ул.)","kind":"context","info":"Рядовая историческая застройка: Садовая ул.. Схематично.","approx":false,"height":24,"floors":6,"generated":true}},{"type":"Feature","geometry":{"type":"Polygon","coordinates":[[[30.2845884,59.9185743],[30.284786,59.9186248],[30.2846407,59.9187676],[30.284443,59.9187171],[30.2845884,59.9185743]]]},"properties":{"layer":"context","id":"H31","name":"Дворовый флигель (Садовая ул.)","kind":"context","info":"Дворовый флигель рядовой застройки. Схематично.","approx":false,"height":23.4,"floors":6,"generated":true}},{"type":"Feature","geometry":{"type":"Polygon","coordinates":[[[30.2849069,59.9185062],[30.2853144,59.9186102],[30.2851769,59.9187453],[30.2847693,59.9186412],[30.2849069,59.9185062]]]},"properties":{"layer":"context","id":"H32","name":"Жилой дом (Садовая ул.)","kind":"context","info":"Рядовая историческая застройка: Садовая ул.. Схематично.","approx":false,"height":20.5,"floors":5,"generated":true}},{"type":"Feature","geometry":{"type":"Polygon","coordinates":[[[30.2853144,59.9186102],[30.2858754,59.9187535],[30.2857512,59.9188754],[30.2851903,59.9187322],[30.2853144,59.9186102]]]},"properties":{"layer":"context","id":"H33","name":"Жилой дом (Садовая ул.)","kind":"context","info":"Рядовая историческая застройка: Садовая ул.. Схематично.","approx":false,"height":17.3,"floors":4,"generated":true}},{"type":"Feature","geometry":{"type":"Polygon","coordinates":[[[30.2858754,59.9187535],[30.2862872,59.9188587],[30.2861808,59.9189632],[30.2857689,59.918858],[30.2858754,59.9187535]]]},"properties":{"layer":"context","id":"H34","name":"Жилой дом (Садовая ул.)","kind":"context","info":"Рядовая историческая застройка: Садовая ул.. Схематично.","approx":false,"height":17.9,"floors":4,"generated":true}},{"type":"Feature","geometry":{"type":"Polygon","coordinates":[[[30.2862872,59.9188587],[30.2868756,59.9190089],[30.2867451,59.9191371],[30.2861567,59.9189868],[30.2862872,59.9188587]]]},"properties":{"layer":"context","id":"H35","name":"Жилой дом (Садовая ул.)","kind":"context","info":"Рядовая историческая застройка: Садовая ул.. Схематично.","approx":false,"height":24.5,"floors":6,"generated":true}},{"type":"Feature","geometry":{"type":"Polygon","coordinates":[[[30.2865721,59.9190929],[30.2867451,59.9191371],[30.2865085,59.9193695],[30.2863355,59.9193253],[30.2865721,59.9190929]]]},"properties":{"layer":"context","id":"H36","name":"Дворовый флигель (Садовая ул.)","kind":"context","info":"Дворовый флигель рядовой застройки. Схематично.","approx":false,"height":20,"floors":5,"generated":true}},{"type":"Feature","geometry":{"type":"Polygon","coordinates":[[[30.2868756,59.9190089],[30.2872552,59.9191059],[30.2871266,59.9192322],[30.286747,59.9191352],[30.2868756,59.9190089]]]},"properties":{"layer":"context","id":"H37","name":"Жилой дом (Садовая ул.)","kind":"context","info":"Рядовая историческая застройка: Садовая ул.. Схематично.","approx":false,"height":24.9,"floors":6,"generated":true}},{"type":"Feature","geometry":{"type":"Polygon","coordinates":[[[30.2869375,59.9191839],[30.2871266,59.9192322],[30.2868863,59.9194682],[30.2866972,59.91942],[30.2869375,59.9191839]]]},"properties":{"layer":"context","id":"H38","name":"Дворовый флигель (Садовая ул.)","kind":"context","info":"Дворовый флигель рядовой застройки. Схематично.","approx":false,"height":23.4,"floors":6,"generated":true}},{"type":"Feature","geometry":{"type":"Polygon","coordinates":[[[30.2872552,59.9191059],[30.2875811,59.9191891],[30.2874444,59.9193234],[30.2871185,59.9192402],[30.2872552,59.9191059]]]},"properties":{"layer":"context","id":"H39","name":"Жилой дом (Садовая ул.)","kind":"context","info":"Рядовая историческая застройка: Садовая ул.. Схематично.","approx":false,"height":17.4,"floors":4,"generated":true}},{"type":"Feature","geometry":{"type":"Polygon","coordinates":[[[30.2875811,59.9191891],[30.2878602,59.9192604],[30.2877377,59.9193808],[30.2874586,59.9193095],[30.2875811,59.9191891]]]},"properties":{"layer":"context","id":"H40","name":"Жилой дом (Садовая ул.)","kind":"context","info":"Рядовая историческая застройка: Садовая ул.. Схематично.","approx":false,"height":21.5,"floors":5,"generated":true}},{"type":"Feature","geometry":{"type":"Polygon","coordinates":[[[30.2878602,59.9192604],[30.2881543,59.9193355],[30.2880395,59.9194482],[30.2877455,59.9193732],[30.2878602,59.9192604]]]},"properties":{"layer":"context","id":"H41","name":"Жилой дом (Садовая ул.)","kind":"context","info":"Рядовая историческая застройка: Садовая ул.. Схематично.","approx":false,"height":21.2,"floors":5,"generated":true}},{"type":"Feature","geometry":{"type":"Polygon","coordinates":[[[30.2877455,59.9193732],[30.2879292,59.9194201],[30.2876672,59.9196774],[30.2874834,59.9196305],[30.2877455,59.9193732]]]},"properties":{"layer":"context","id":"H42","name":"Дворовый флигель (Садовая ул.)","kind":"context","info":"Дворовый флигель рядовой застройки. Схематично.","approx":false,"height":16.6,"floors":4,"generated":true}},{"type":"Feature","geometry":{"type":"Polygon","coordinates":[[[30.2881543,59.9193355],[30.2885556,59.919438],[30.2884228,59.9195684],[30.2880215,59.9194659],[30.2881543,59.9193355]]]},"properties":{"layer":"context","id":"H43","name":"Жилой дом (Садовая ул.)","kind":"context","info":"Рядовая историческая застройка: Садовая ул.. Схематично.","approx":false,"height":20.4,"floors":5,"generated":true}},{"type":"Feature","geometry":{"type":"Polygon","coordinates":[[[30.2885556,59.919438],[30.2890631,59.9195676],[30.2889288,59.9196995],[30.2884213,59.9195699],[30.2885556,59.919438]]]},"properties":{"layer":"context","id":"H44","name":"Жилой дом (Садовая ул.)","kind":"context","info":"Рядовая историческая застройка: Садовая ул.. Схематично.","approx":false,"height":20.8,"floors":5,"generated":true}},{"type":"Feature","geometry":{"type":"Polygon","coordinates":[[[30.2890631,59.9195676],[30.289589,59.9197019],[30.2894808,59.9198082],[30.2889549,59.9196739],[30.2890631,59.9195676]]]},"properties":{"layer":"context","id":"H45","name":"Жилой дом (Садовая ул.)","kind":"context","info":"Рядовая историческая застройка: Садовая ул.. Схематично.","approx":false,"height":18,"floors":4,"generated":true}},{"type":"Feature","geometry":{"type":"Polygon","coordinates":[[[30.289589,59.9197019],[30.290011,59.9198097],[30.289884,59.9199344],[30.2894621,59.9198266],[30.289589,59.9197019]]]},"properties":{"layer":"context","id":"H46","name":"Жилой дом (Садовая ул.)","kind":"context","info":"Рядовая историческая застройка: Садовая ул.. Схематично.","approx":false,"height":20.5,"floors":5,"generated":true}},{"type":"Feature","geometry":{"type":"Polygon","coordinates":[[[30.290011,59.9198097],[30.2903782,59.9199035],[30.2902645,59.9200152],[30.2898973,59.9199214],[30.290011,59.9198097]]]},"properties":{"layer":"context","id":"H47","name":"Жилой дом (Садовая ул.)","kind":"context","info":"Рядовая историческая застройка: Садовая ул.. Схематично.","approx":false,"height":24.7,"floors":6,"generated":true}},{"type":"Feature","geometry":{"type":"Polygon","coordinates":[[[30.2900593,59.9199628],[30.2902645,59.9200152],[30.2900652,59.9202109],[30.28986,59.9201585],[30.2900593,59.9199628]]]},"properties":{"layer":"context","id":"H48","name":"Дворовый флигель (Садовая ул.)","kind":"context","info":"Дворовый флигель рядовой застройки. Схематично.","approx":false,"height":20,"floors":5,"generated":true}},{"type":"Feature","geometry":{"type":"Polygon","coordinates":[[[30.2903782,59.9199035],[30.2907176,59.9199902],[30.2906071,59.9200987],[30.2902677,59.920012],[30.2903782,59.9199035]]]},"properties":{"layer":"context","id":"H49","name":"Жилой дом (Садовая ул.)","kind":"context","info":"Рядовая историческая застройка: Садовая ул.. Схематично.","approx":false,"height":24.1,"floors":6,"generated":true}},{"type":"Feature","geometry":{"type":"Polygon","coordinates":[[[30.2808279,59.9172307],[30.2805086,59.9171491],[30.2806302,59.9170297],[30.2809495,59.9171113],[30.2808279,59.9172307]]]},"properties":{"layer":"context","id":"H50","name":"Жилой дом (Садовая ул.)","kind":"context","info":"Рядовая историческая застройка: Садовая ул.. Схематично.","approx":false,"height":21.3,"floors":5,"generated":true}},{"type":"Feature","geometry":{"type":"Polygon","coordinates":[[[30.2810906,59.9172978],[30.2808279,59.9172307],[30.2809634,59.9170976],[30.2812261,59.9171647],[30.2810906,59.9172978]]]},"properties":{"layer":"context","id":"H51","name":"Жилой дом (Садовая ул.)","kind":"context","info":"Рядовая историческая застройка: Садовая ул.. Схематично.","approx":false,"height":24,"floors":6,"generated":true}},{"type":"Feature","geometry":{"type":"Polygon","coordinates":[[[30.281611,59.9174307],[30.2810906,59.9172978],[30.2812096,59.9171809],[30.28173,59.9173138],[30.281611,59.9174307]]]},"properties":{"layer":"context","id":"H52","name":"Жилой дом (Садовая ул.)","kind":"context","info":"Рядовая историческая застройка: Садовая ул.. Схематично.","approx":false,"height":18,"floors":4,"generated":true}},{"type":"Feature","geometry":{"type":"Polygon","coordinates":[[[30.28173,59.9173138],[30.2815649,59.9172716],[30.2817548,59.9170851],[30.2819199,59.9171273],[30.28173,59.9173138]]]},"properties":{"layer":"context","id":"H53","name":"Дворовый флигель (Садовая ул.)","kind":"context","info":"Дворовый флигель рядовой застройки. Схематично.","approx":false,"height":16.6,"floors":4,"generated":true}},{"type":"Feature","geometry":{"type":"Polygon","coordinates":[[[30.2821641,59.9175719],[30.281611,59.9174307],[30.2817391,59.9173048],[30.2822923,59.917446],[30.2821641,59.9175719]]]},"properties":{"layer":"context","id":"H54","name":"Жилой дом (Садовая ул.)","kind":"context","info":"Рядовая историческая застройка: Садовая ул.. Схематично.","approx":false,"height":24.2,"floors":6,"generated":true}},{"type":"Feature","geometry":{"type":"Polygon","coordinates":[[[30.2819313,59.9173539],[30.2817391,59.9173048],[30.2819891,59.9170593],[30.2821813,59.9171083],[30.2819313,59.9173539]]]},"properties":{"layer":"context","id":"H55","name":"Дворовый флигель (Садовая ул.)","kind":"context","info":"Дворовый флигель рядовой застройки. Схематично.","approx":false,"height":23.4,"floors":6,"generated":true}},{"type":"Feature","geometry":{"type":"Polygon","coordinates":[[[30.2825655,59.9176744],[30.2821641,59.9175719],[30.2822955,59.9174429],[30.2826969,59.9175454],[30.2825655,59.9176744]]]},"properties":{"layer":"context","id":"H56","name":"Жилой дом (Садовая ул.)","kind":"context","info":"Рядовая историческая застройка: Садовая ул.. Схематично.","approx":false,"height":21.5,"floors":5,"generated":true}},{"type":"Feature","geometry":{"type":"Polygon","coordinates":[[[30.2824735,59.9174883],[30.2822955,59.9174429],[30.2824819,59.9172598],[30.2826599,59.9173052],[30.2824735,59.9174883]]]},"properties":{"layer":"context","id":"H57","name":"Дворовый флигель (Садовая ул.)","kind":"context","info":"Дворовый флигель рядовой застройки. Схематично.","approx":false,"height":16.6,"floors":4,"generated":true}},{"type":"Feature","geometry":{"type":"Polygon","coordinates":[[[30.2831126,59.9178142],[30.2825655,59.9176744],[30.2826915,59.9175506],[30.2832387,59.9176904],[30.2831126,59.9178142]]]},"properties":{"layer":"context","id":"H58","name":"Жилой дом (Садовая ул.)","kind":"context","info":"Рядовая историческая застройка: Садовая ул.. Схематично.","approx":false,"height":24.1,"floors":6,"generated":true}},{"type":"Feature","geometry":{"type":"Polygon","coordinates":[[[30.283528,59.9179203],[30.2831126,59.9178142],[30.2832473,59.9176819],[30.2836627,59.917788],[30.283528,59.9179203]]]},"properties":{"layer":"context","id":"H59","name":"Жилой дом (Садовая ул.)","kind":"context","info":"Рядовая историческая застройка: Садовая ул.. Схематично.","approx":false,"height":24,"floors":6,"generated":true}},{"type":"Feature","geometry":{"type":"Polygon","coordinates":[[[30.2834136,59.9177244],[30.2832473,59.9176819],[30.2834563,59.9174767],[30.2836226,59.9175191],[30.2834136,59.9177244]]]},"properties":{"layer":"context","id":"H60","name":"Дворовый флигель (Садовая ул.)","kind":"context","info":"Дворовый флигель рядовой застройки. Схематично.","approx":false,"height":20,"floors":5,"generated":true}},{"type":"Feature","geometry":{"type":"Polygon","coordinates":[[[30.2838421,59.9180005],[30.283528,59.9179203],[30.2836404,59.9178098],[30.2839545,59.9178901],[30.2838421,59.9180005]]]},"properties":{"layer":"context","id":"H61","name":"Жилой дом (Садовая ул.)","kind":"context","info":"Рядовая историческая застройка: Садовая ул.. Схематично.","approx":false,"height":21.4,"floors":5,"generated":true}},{"type":"Feature","geometry":{"type":"Polygon","coordinates":[[[30.2843893,59.9181402],[30.2838421,59.9180005],[30.2839644,59.9178804],[30.2845115,59.9180202],[30.2843893,59.9181402]]]},"properties":{"layer":"context","id":"H62","name":"Жилой дом (Садовая ул.)","kind":"context","info":"Рядовая историческая застройка: Садовая ул.. Схематично.","approx":false,"height":17.6,"floors":4,"generated":true}},{"type":"Feature","geometry":{"type":"Polygon","coordinates":[[[30.2841655,59.9179318],[30.2839644,59.9178804],[30.2842263,59.9176231],[30.2844275,59.9176745],[30.2841655,59.9179318]]]},"properties":{"layer":"context","id":"H63","name":"Дворовый флигель (Садовая ул.)","kind":"context","info":"Дворовый флигель рядовой застройки. Схематично.","approx":false,"height":13.2,"floors":3,"generated":true}},{"type":"Feature","geometry":{"type":"Polygon","coordinates":[[[30.2848786,59.9182652],[30.2843893,59.9181402],[30.2845031,59.9180285],[30.2849924,59.9181534],[30.2848786,59.9182652]]]},"properties":{"layer":"context","id":"H64","name":"Жилой дом (Садовая ул.)","kind":"context","info":"Рядовая историческая застройка: Садовая ул.. Схематично.","approx":false,"height":17.5,"floors":4,"generated":true}},{"type":"Feature","geometry":{"type":"Polygon","coordinates":[[[30.2852717,59.9183656],[30.2848786,59.9182652],[30.2850038,59.9181422],[30.2853969,59.9182426],[30.2852717,59.9183656]]]},"properties":{"layer":"context","id":"H65","name":"Жилой дом (Садовая ул.)","kind":"context","info":"Рядовая историческая застройка: Садовая ул.. Схематично.","approx":false,"height":24.8,"floors":6,"generated":true}},{"type":"Feature","geometry":{"type":"Polygon","coordinates":[[[30.2851846,59.9181884],[30.2850038,59.9181422],[30.2852546,59.9178959],[30.2854354,59.9179421],[30.2851846,59.9181884]]]},"properties":{"layer":"context","id":"H66","name":"Дворовый флигель (Садовая ул.)","kind":"context","info":"Дворовый флигель рядовой застройки. Схематично.","approx":false,"height":23.4,"floors":6,"generated":true}},{"type":"Feature","geometry":{"type":"Polygon","coordinates":[[[30.2855574,59.9184386],[30.2852717,59.9183656],[30.2853801,59.9182591],[30.2856658,59.9183321],[30.2855574,59.9184386]]]},"properties":{"layer":"context","id":"H67","name":"Жилой дом (Садовая ул.)","kind":"context","info":"Рядовая историческая застройка: Садовая ул.. Схематично.","approx":false,"height":20.7,"floors":5,"generated":true}},{"type":"Feature","geometry":{"type":"Polygon","coordinates":[[[30.2856658,59.9183321],[30.285487,59.9182864],[30.2857087,59.9180687],[30.2858875,59.9181143],[30.2856658,59.9183321]]]},"properties":{"layer":"context","id":"H68","name":"Дворовый флигель (Садовая ул.)","kind":"context","info":"Дворовый флигель рядовой застройки. Схематично.","approx":false,"height":16.6,"floors":4,"generated":true}},{"type":"Feature","geometry":{"type":"Polygon","coordinates":[[[30.2858936,59.9185244],[30.2855574,59.9184386],[30.2856842,59.918314],[30.2860204,59.9183999],[30.2858936,59.9185244]]]},"properties":{"layer":"context","id":"H69","name":"Жилой дом (Садовая ул.)","kind":"context","info":"Рядовая историческая застройка: Садовая ул.. Схематично.","approx":false,"height":18.1,"floors":4,"generated":true}},{"type":"Feature","geometry":{"type":"Polygon","coordinates":[[[30.2858571,59.9183582],[30.2856842,59.918314],[30.2858296,59.9181712],[30.2860025,59.9182154],[30.2858571,59.9183582]]]},"properties":{"layer":"context","id":"H70","name":"Дворовый флигель (Садовая ул.)","kind":"context","info":"Дворовый флигель рядовой застройки. Схематично.","approx":false,"height":16.6,"floors":4,"generated":true}},{"type":"Feature","geometry":{"type":"Polygon","coordinates":[[[30.2864818,59.9186746],[30.2858936,59.9185244],[30.2860082,59.9184118],[30.2865964,59.918562],[30.2864818,59.9186746]]]},"properties":{"layer":"context","id":"H71","name":"Жилой дом (Садовая ул.)","kind":"context","info":"Рядовая историческая застройка: Садовая ул.. Схематично.","approx":false,"height":17.9,"floors":4,"generated":true}},{"type":"Feature","geometry":{"type":"Polygon","coordinates":[[[30.2862132,59.9184642],[30.2860082,59.9184118],[30.2861969,59.9182265],[30.2864018,59.9182789],[30.2862132,59.9184642]]]},"properties":{"layer":"context","id":"H72","name":"Дворовый флигель (Садовая ул.)","kind":"context","info":"Дворовый флигель рядовой застройки. Схематично.","approx":false,"height":13.2,"floors":3,"generated":true}},{"type":"Feature","geometry":{"type":"Polygon","coordinates":[[[30.2867483,59.9187427],[30.2864818,59.9186746],[30.2865936,59.9185648],[30.2868601,59.9186329],[30.2867483,59.9187427]]]},"properties":{"layer":"context","id":"H73","name":"Жилой дом (Садовая ул.)","kind":"context","info":"Рядовая историческая застройка: Садовая ул.. Схематично.","approx":false,"height":24.1,"floors":6,"generated":true}},{"type":"Feature","geometry":{"type":"Polygon","coordinates":[[[30.2867913,59.9186153],[30.2865936,59.9185648],[30.2868002,59.9183619],[30.2869979,59.9184124],[30.2867913,59.9186153]]]},"properties":{"layer":"context","id":"H74","name":"Дворовый флигель (Садовая ул.)","kind":"context","info":"Дворовый флигель рядовой застройки. Схематично.","approx":false,"height":23.4,"floors":6,"generated":true}},{"type":"Feature","geometry":{"type":"Polygon","coordinates":[[[30.2872387,59.9188679],[30.2867483,59.9187427],[30.2868701,59.9186231],[30.2873605,59.9187483],[30.2872387,59.9188679]]]},"properties":{"layer":"context","id":"H75","name":"Жилой дом (Садовая ул.)","kind":"context","info":"Рядовая историческая застройка: Садовая ул.. Схематично.","approx":false,"height":24.3,"floors":6,"generated":true}},{"type":"Feature","geometry":{"type":"Polygon","coordinates":[[[30.2873605,59.9187483],[30.2871816,59.9187027],[30.2873473,59.9185399],[30.2875262,59.9185856],[30.2873605,59.9187483]]]},"properties":{"layer":"context","id":"H76","name":"Дворовый флигель (Садовая ул.)","kind":"context","info":"Дворовый флигель рядовой застройки. Схематично.","approx":false,"height":23.4,"floors":6,"generated":true}},{"type":"Feature","geometry":{"type":"Polygon","coordinates":[[[30.2876389,59.9189702],[30.2872387,59.9188679],[30.2873644,59.9187445],[30.2877646,59.9188467],[30.2876389,59.9189702]]]},"properties":{"layer":"context","id":"H77","name":"Жилой дом (Садовая ул.)","kind":"context","info":"Рядовая историческая застройка: Садовая ул.. Схематично.","approx":false,"height":20.6,"floors":5,"generated":true}},{"type":"Feature","geometry":{"type":"Polygon","coordinates":[[[30.2875337,59.9187877],[30.2873644,59.9187445],[30.2875302,59.9185817],[30.2876995,59.9186249],[30.2875337,59.9187877]]]},"properties":{"layer":"context","id":"H78","name":"Дворовый флигель (Садовая ул.)","kind":"context","info":"Дворовый флигель рядовой застройки. Схематично.","approx":false,"height":20,"floors":5,"generated":true}},{"type":"Feature","geometry":{"type":"Polygon","coordinates":[[[30.2880687,59.9190799],[30.2876389,59.9189702],[30.2877592,59.918852],[30.2881889,59.9189618],[30.2880687,59.9190799]]]},"properties":{"layer":"context","id":"H79","name":"Жилой дом (Садовая ул.)","kind":"context","info":"Рядовая историческая застройка: Садовая ул.. Схематично.","approx":false,"height":20.5,"floors":5,"generated":true}},{"type":"Feature","geometry":{"type":"Polygon","coordinates":[[[30.2879292,59.9188955],[30.2877592,59.918852],[30.2878993,59.9187144],[30.2880693,59.9187579],[30.2879292,59.9188955]]]},"properties":{"layer":"context","id":"H80","name":"Дворовый флигель (Садовая ул.)","kind":"context","info":"Дворовый флигель рядовой застройки. Схематично.","approx":false,"height":20,"floors":5,"generated":true}},{"type":"Feature","geometry":{"type":"Polygon","coordinates":[[[30.2884722,59.919183],[30.2880687,59.9190799],[30.2881894,59.9189613],[30.2885929,59.9190643],[30.2884722,59.919183]]]},"properties":{"layer":"context","id":"H81","name":"Жилой дом (Садовая ул.)","kind":"context","info":"Рядовая историческая застройка: Садовая ул.. Схематично.","approx":false,"height":17.7,"floors":4,"generated":true}},{"type":"Feature","geometry":{"type":"Polygon","coordinates":[[[30.2883928,59.9190132],[30.2881894,59.9189613],[30.2884159,59.9187388],[30.2886193,59.9187907],[30.2883928,59.9190132]]]},"properties":{"layer":"context","id":"H82","name":"Дворовый флигель (Садовая ул.)","kind":"context","info":"Дворовый флигель рядовой застройки. Схематично.","approx":false,"height":13.2,"floors":3,"generated":true}},{"type":"Feature","geometry":{"type":"Polygon","coordinates":[[[30.2889313,59.9193002],[30.2884722,59.919183],[30.2886024,59.919055],[30.2890616,59.9191723],[30.2889313,59.9193002]]]},"properties":{"layer":"context","id":"H83","name":"Жилой дом (Садовая ул.)","kind":"context","info":"Рядовая историческая застройка: Садовая ул.. Схематично.","approx":false,"height":20.7,"floors":5,"generated":true}},{"type":"Feature","geometry":{"type":"Polygon","coordinates":[[[30.2892774,59.9193886],[30.2889313,59.9193002],[30.2890643,59.9191696],[30.2894104,59.919258],[30.2892774,59.9193886]]]},"properties":{"layer":"context","id":"H84","name":"Жилой дом (Садовая ул.)","kind":"context","info":"Рядовая историческая застройка: Садовая ул.. Схематично.","approx":false,"height":17.2,"floors":4,"generated":true}},{"type":"Feature","geometry":{"type":"Polygon","coordinates":[[[30.2894104,59.919258],[30.2892493,59.9192168],[30.2894089,59.9190601],[30.2895699,59.9191013],[30.2894104,59.919258]]]},"properties":{"layer":"context","id":"H85","name":"Дворовый флигель (Садовая ул.)","kind":"context","info":"Дворовый флигель рядовой застройки. Схематично.","approx":false,"height":16.6,"floors":4,"generated":true}},{"type":"Feature","geometry":{"type":"Polygon","coordinates":[[[30.2897668,59.9195136],[30.2892774,59.9193886],[30.2894,59.9192682],[30.2898894,59.9193932],[30.2897668,59.9195136]]]},"properties":{"layer":"context","id":"H86","name":"Жилой дом (Садовая ул.)","kind":"context","info":"Рядовая историческая застройка: Садовая ул.. Схематично.","approx":false,"height":21.4,"floors":5,"generated":true}},{"type":"Feature","geometry":{"type":"Polygon","coordinates":[[[30.2898894,59.9193932],[30.2897062,59.9193464],[30.2899818,59.9190757],[30.290165,59.9191224],[30.2898894,59.9193932]]]},"properties":{"layer":"context","id":"H87","name":"Дворовый флигель (Садовая ул.)","kind":"context","info":"Дворовый флигель рядовой застройки. Схематично.","approx":false,"height":16.6,"floors":4,"generated":true}},{"type":"Feature","geometry":{"type":"Polygon","coordinates":[[[30.2900265,59.9195799],[30.2897668,59.9195136],[30.2898895,59.919393],[30.2901493,59.9194594],[30.2900265,59.9195799]]]},"properties":{"layer":"context","id":"H88","name":"Жилой дом (Садовая ул.)","kind":"context","info":"Рядовая историческая застройка: Садовая ул.. Схематично.","approx":false,"height":24.1,"floors":6,"generated":true}},{"type":"Feature","geometry":{"type":"Polygon","coordinates":[[[30.2901493,59.9194594],[30.2899708,59.9194138],[30.2902327,59.9191566],[30.2904111,59.9192021],[30.2901493,59.9194594]]]},"properties":{"layer":"context","id":"H89","name":"Дворовый флигель (Садовая ул.)","kind":"context","info":"Дворовый флигель рядовой застройки. Схематично.","approx":false,"height":20,"floors":5,"generated":true}},{"type":"Feature","geometry":{"type":"Polygon","coordinates":[[[30.2904907,59.9196985],[30.2900265,59.9195799],[30.2901455,59.9194631],[30.2906096,59.9195816],[30.2904907,59.9196985]]]},"properties":{"layer":"context","id":"H90","name":"Жилой дом (Садовая ул.)","kind":"context","info":"Рядовая историческая застройка: Садовая ул.. Схематично.","approx":false,"height":24.1,"floors":6,"generated":true}},{"type":"Feature","geometry":{"type":"Polygon","coordinates":[[[30.2906096,59.9195816],[30.2904375,59.9195377],[30.2906026,59.9193756],[30.2907747,59.9194195],[30.2906096,59.9195816]]]},"properties":{"layer":"context","id":"H91","name":"Дворовый флигель (Садовая ул.)","kind":"context","info":"Дворовый флигель рядовой застройки. Схематично.","approx":false,"height":20,"floors":5,"generated":true}},{"type":"Feature","geometry":{"type":"Polygon","coordinates":[[[30.2907517,59.9197651],[30.2904907,59.9196985],[30.2906092,59.919582],[30.2908703,59.9196487],[30.2907517,59.9197651]]]},"properties":{"layer":"context","id":"H92","name":"Жилой дом (Садовая ул.)","kind":"context","info":"Рядовая историческая застройка: Садовая ул.. Схематично.","approx":false,"height":24.3,"floors":6,"generated":true}},{"type":"Feature","geometry":{"type":"Polygon","coordinates":[[[30.2810379,59.9169569],[30.2813377,59.91697],[30.2813171,59.9170875],[30.2810173,59.9170744],[30.2810379,59.9169569]]]},"properties":{"layer":"context","id":"H93","name":"Жилой дом (пр. Римского-Корсакова)","kind":"context","info":"Рядовая историческая застройка: пр. Римского-Корсакова. Схематично.","approx":false,"height":17.7,"floors":4,"generated":true}},{"type":"Feature","geometry":{"type":"Polygon","coordinates":[[[30.2813377,59.91697],[30.2816098,59.916982],[30.2815865,59.9171151],[30.2813144,59.9171031],[30.2813377,59.91697]]]},"properties":{"layer":"context","id":"H94","name":"Жилой дом (пр. Римского-Корсакова)","kind":"context","info":"Рядовая историческая застройка: пр. Римского-Корсакова. Схематично.","approx":false,"height":20.8,"floors":5,"generated":true}},{"type":"Feature","geometry":{"type":"Polygon","coordinates":[[[30.2822346,59.9170094],[30.2827007,59.9170299],[30.2826798,59.9171493],[30.2822137,59.9171288],[30.2822346,59.9170094]]]},"properties":{"layer":"context","id":"H95","name":"Жилой дом (пр. Римского-Корсакова)","kind":"context","info":"Рядовая историческая застройка: пр. Римского-Корсакова. Схематично.","approx":false,"height":18.2,"floors":4,"generated":true}},{"type":"Feature","geometry":{"type":"Polygon","coordinates":[[[30.2827007,59.9170299],[30.2833231,59.9170572],[30.283302,59.9171779],[30.2826795,59.9171505],[30.2827007,59.9170299]]]},"properties":{"layer":"context","id":"H96","name":"Жилой дом (пр. Римского-Корсакова)","kind":"context","info":"Рядовая историческая застройка: пр. Римского-Корсакова. Схематично.","approx":false,"height":24.9,"floors":6,"generated":true}},{"type":"Feature","geometry":{"type":"Polygon","coordinates":[[[30.2833231,59.9170572],[30.2838454,59.9170802],[30.2838244,59.9171999],[30.2833021,59.917177],[30.2833231,59.9170572]]]},"properties":{"layer":"context","id":"H97","name":"Жилой дом (пр. Римского-Корсакова)","kind":"context","info":"Рядовая историческая застройка: пр. Римского-Корсакова. Схематично.","approx":false,"height":21.5,"floors":5,"generated":true}},{"type":"Feature","geometry":{"type":"Polygon","coordinates":[[[30.2838454,59.9170802],[30.2844592,59.9171071],[30.2844352,59.9172442],[30.2838214,59.9172173],[30.2838454,59.9170802]]]},"properties":{"layer":"context","id":"H98","name":"Жилой дом (пр. Римского-Корсакова)","kind":"context","info":"Рядовая историческая застройка: пр. Римского-Корсакова. Схематично.","approx":false,"height":21,"floors":5,"generated":true}},{"type":"Feature","geometry":{"type":"Polygon","coordinates":[[[30.284225,59.917235],[30.2844352,59.9172442],[30.284409,59.9173939],[30.2841988,59.9173847],[30.284225,59.917235]]]},"properties":{"layer":"context","id":"H99","name":"Дворовый флигель (пр. Римского-Корсакова)","kind":"context","info":"Дворовый флигель рядовой застройки. Схематично.","approx":false,"height":20,"floors":5,"generated":true}},{"type":"Feature","geometry":{"type":"Polygon","coordinates":[[[30.2844592,59.9171071],[30.2848617,59.9171248],[30.2848356,59.9172735],[30.2844331,59.9172559],[30.2844592,59.9171071]]]},"properties":{"layer":"context","id":"H100","name":"Жилой дом (пр. Римского-Корсакова)","kind":"context","info":"Рядовая историческая застройка: пр. Римского-Корсакова. Схематично.","approx":false,"height":24.3,"floors":6,"generated":true}},{"type":"Feature","geometry":{"type":"Polygon","coordinates":[[[30.2848617,59.9171248],[30.2852384,59.9171414],[30.2852176,59.91726],[30.2848409,59.9172434],[30.2848617,59.9171248]]]},"properties":{"layer":"context","id":"H101","name":"Жилой дом (пр. Римского-Корсакова)","kind":"context","info":"Рядовая историческая застройка: пр. Римского-Корсакова. Схематично.","approx":false,"height":17.5,"floors":4,"generated":true}},{"type":"Feature","geometry":{"type":"Polygon","coordinates":[[[30.2852384,59.9171414],[30.2855888,59.9171567],[30.2855634,59.9173018],[30.285213,59.9172864],[30.2852384,59.9171414]]]},"properties":{"layer":"context","id":"H102","name":"Жилой дом (пр. Римского-Корсакова)","kind":"context","info":"Рядовая историческая застройка: пр. Римского-Корсакова. Схематично.","approx":false,"height":17.3,"floors":4,"generated":true}},{"type":"Feature","geometry":{"type":"Polygon","coordinates":[[[30.2853734,59.9172934],[30.2855634,59.9173018],[30.2855333,59.9174738],[30.2853433,59.9174655],[30.2853734,59.9172934]]]},"properties":{"layer":"context","id":"H103","name":"Дворовый флигель (пр. Римского-Корсакова)","kind":"context","info":"Дворовый флигель рядовой застройки. Схематично.","approx":false,"height":13.2,"floors":3,"generated":true}},{"type":"Feature","geometry":{"type":"Polygon","coordinates":[[[30.2855888,59.9171567],[30.2860941,59.9171789],[30.2860707,59.9173123],[30.2855655,59.9172901],[30.2855888,59.9171567]]]},"properties":{"layer":"context","id":"H104","name":"Жилой дом (пр. Римского-Корсакова)","kind":"context","info":"Рядовая историческая застройка: пр. Римского-Корсакова. Схематично.","approx":false,"height":24.9,"floors":6,"generated":true}},{"type":"Feature","geometry":{"type":"Polygon","coordinates":[[[30.2855655,59.9172901],[30.285746,59.9172981],[30.2857076,59.9175176],[30.285527,59.9175097],[30.2855655,59.9172901]]]},"properties":{"layer":"context","id":"H105","name":"Дворовый флигель (пр. Римского-Корсакова)","kind":"context","info":"Дворовый флигель рядовой застройки. Схематично.","approx":false,"height":23.4,"floors":6,"generated":true}},{"type":"Feature","geometry":{"type":"Polygon","coordinates":[[[30.2860941,59.9171789],[30.2866408,59.9172029],[30.2866198,59.9173229],[30.2860731,59.9172989],[30.2860941,59.9171789]]]},"properties":{"layer":"context","id":"H106","name":"Жилой дом (пр. Римского-Корсакова)","kind":"context","info":"Рядовая историческая застройка: пр. Римского-Корсакова. Схематично.","approx":false,"height":21.2,"floors":5,"generated":true}},{"type":"Feature","geometry":{"type":"Polygon","coordinates":[[[30.2860731,59.9172989],[30.2862882,59.9173083],[30.2862604,59.9174669],[30.2860453,59.9174575],[30.2860731,59.9172989]]]},"properties":{"layer":"context","id":"H107","name":"Дворовый флигель (пр. Римского-Корсакова)","kind":"context","info":"Дворовый флигель рядовой застройки. Схематично.","approx":false,"height":20,"floors":5,"generated":true}},{"type":"Feature","geometry":{"type":"Polygon","coordinates":[[[30.2866408,59.9172029],[30.28728,59.917231],[30.287258,59.9173563],[30.2866188,59.9173282],[30.2866408,59.9172029]]]},"properties":{"layer":"context","id":"H108","name":"Жилой дом (пр. Римского-Корсакова)","kind":"context","info":"Рядовая историческая застройка: пр. Римского-Корсакова. Схематично.","approx":false,"height":24.3,"floors":6,"generated":true}},{"type":"Feature","geometry":{"type":"Polygon","coordinates":[[[30.287036,59.9173465],[30.287258,59.9173563],[30.287205,59.9176594],[30.2869829,59.9176497],[30.287036,59.9173465]]]},"properties":{"layer":"context","id":"H109","name":"Дворовый флигель (пр. Римского-Корсакова)","kind":"context","info":"Дворовый флигель рядовой застройки. Схематично.","approx":false,"height":20,"floors":5,"generated":true}},{"type":"Feature","geometry":{"type":"Polygon","coordinates":[[[30.28728,59.917231],[30.2879235,59.9172593],[30.2878974,59.9174086],[30.2872538,59.9173804],[30.28728,59.917231]]]},"properties":{"layer":"context","id":"H110","name":"Жилой дом (пр. Римского-Корсакова)","kind":"context","info":"Рядовая историческая застройка: пр. Римского-Корсакова. Схематично.","approx":false,"height":17.6,"floors":4,"generated":true}},{"type":"Feature","geometry":{"type":"Polygon","coordinates":[[[30.2876994,59.9173999],[30.2878974,59.9174086],[30.2878524,59.9176657],[30.2876544,59.917657],[30.2876994,59.9173999]]]},"properties":{"layer":"context","id":"H111","name":"Дворовый флигель (пр. Римского-Корсакова)","kind":"context","info":"Дворовый флигель рядовой застройки. Схематично.","approx":false,"height":13.2,"floors":3,"generated":true}},{"type":"Feature","geometry":{"type":"Polygon","coordinates":[[[30.2879235,59.9172593],[30.2882239,59.9172725],[30.288203,59.917392],[30.2879026,59.9173788],[30.2879235,59.9172593]]]},"properties":{"layer":"context","id":"H112","name":"Жилой дом (пр. Римского-Корсакова)","kind":"context","info":"Рядовая историческая застройка: пр. Римского-Корсакова. Схематично.","approx":false,"height":24.9,"floors":6,"generated":true}},{"type":"Feature","geometry":{"type":"Polygon","coordinates":[[[30.2879026,59.9173788],[30.2880827,59.9173867],[30.2880408,59.9176263],[30.2878607,59.9176184],[30.2879026,59.9173788]]]},"properties":{"layer":"context","id":"H113","name":"Дворовый флигель (пр. Римского-Корсакова)","kind":"context","info":"Дворовый флигель рядовой застройки. Схематично.","approx":false,"height":20,"floors":5,"generated":true}},{"type":"Feature","geometry":{"type":"Polygon","coordinates":[[[30.2882239,59.9172725],[30.2888121,59.9172983],[30.2887864,59.917445],[30.2881982,59.9174191],[30.2882239,59.9172725]]]},"properties":{"layer":"context","id":"H114","name":"Жилой дом (пр. Римского-Корсакова)","kind":"context","info":"Рядовая историческая застройка: пр. Римского-Корсакова. Схематично.","approx":false,"height":24.6,"floors":6,"generated":true}},{"type":"Feature","geometry":{"type":"Polygon","coordinates":[[[30.2885752,59.9174357],[30.2887864,59.917445],[30.2887577,59.9176093],[30.2885464,59.9176],[30.2885752,59.9174357]]]},"properties":{"layer":"context","id":"H115","name":"Дворовый флигель (пр. Римского-Корсакова)","kind":"context","info":"Дворовый флигель рядовой застройки. Схематично.","approx":false,"height":23.4,"floors":6,"generated":true}},{"type":"Feature","geometry":{"type":"Polygon","coordinates":[[[30.2888121,59.9172983],[30.2891674,59.9173139],[30.2891419,59.9174597],[30.2887866,59.9174441],[30.2888121,59.9172983]]]},"properties":{"layer":"context","id":"H116","name":"Жилой дом (пр. Римского-Корсакова)","kind":"context","info":"Рядовая историческая застройка: пр. Римского-Корсакова. Схематично.","approx":false,"height":17.2,"floors":4,"generated":true}},{"type":"Feature","geometry":{"type":"Polygon","coordinates":[[[30.2889403,59.9174508],[30.2891419,59.9174597],[30.2890913,59.9177487],[30.2888897,59.9177399],[30.2889403,59.9174508]]]},"properties":{"layer":"context","id":"H117","name":"Дворовый флигель (пр. Римского-Корсакова)","kind":"context","info":"Дворовый флигель рядовой застройки. Схематично.","approx":false,"height":16.6,"floors":4,"generated":true}},{"type":"Feature","geometry":{"type":"Polygon","coordinates":[[[30.2891674,59.9173139],[30.2894961,59.9173283],[30.2894737,59.9174563],[30.289145,59.9174418],[30.2891674,59.9173139]]]},"properties":{"layer":"context","id":"H118","name":"Жилой дом (пр. Римского-Корсакова)","kind":"context","info":"Рядовая историческая застройка: пр. Римского-Корсакова. Схематично.","approx":false,"height":24.1,"floors":6,"generated":true}},{"type":"Feature","geometry":{"type":"Polygon","coordinates":[[[30.2894961,59.9173283],[30.2900132,59.9173511],[30.2899906,59.9174798],[30.2894735,59.9174571],[30.2894961,59.9173283]]]},"properties":{"layer":"context","id":"H119","name":"Жилой дом (пр. Римского-Корсакова)","kind":"context","info":"Рядовая историческая застройка: пр. Римского-Корсакова. Схематично.","approx":false,"height":18.2,"floors":4,"generated":true}},{"type":"Feature","geometry":{"type":"Polygon","coordinates":[[[30.2900132,59.9173511],[30.2906656,59.9173797],[30.2906408,59.9175211],[30.2899884,59.9174925],[30.2900132,59.9173511]]]},"properties":{"layer":"context","id":"H120","name":"Жилой дом (пр. Римского-Корсакова)","kind":"context","info":"Рядовая историческая застройка: пр. Римского-Корсакова. Схематично.","approx":false,"height":18.2,"floors":4,"generated":true}},{"type":"Feature","geometry":{"type":"Polygon","coordinates":[[[30.2899884,59.9174925],[30.2902007,59.9175018],[30.2901714,59.9176691],[30.2899591,59.9176598],[30.2899884,59.9174925]]]},"properties":{"layer":"context","id":"H121","name":"Дворовый флигель (пр. Римского-Корсакова)","kind":"context","info":"Дворовый флигель рядовой застройки. Схематично.","approx":false,"height":16.6,"floors":4,"generated":true}},{"type":"Feature","geometry":{"type":"Polygon","coordinates":[[[30.280864,59.9167582],[30.2805355,59.9167438],[30.280557,59.916621],[30.2808855,59.9166354],[30.280864,59.9167582]]]},"properties":{"layer":"context","id":"H122","name":"Жилой дом (пр. Римского-Корсакова)","kind":"context","info":"Рядовая историческая застройка: пр. Римского-Корсакова. Схематично.","approx":false,"height":21.5,"floors":5,"generated":true}},{"type":"Feature","geometry":{"type":"Polygon","coordinates":[[[30.281339,59.9167791],[30.280864,59.9167582],[30.2808861,59.9166325],[30.281361,59.9166533],[30.281339,59.9167791]]]},"properties":{"layer":"context","id":"H123","name":"Жилой дом (пр. Римского-Корсакова)","kind":"context","info":"Рядовая историческая застройка: пр. Римского-Корсакова. Схематично.","approx":false,"height":17.3,"floors":4,"generated":true}},{"type":"Feature","geometry":{"type":"Polygon","coordinates":[[[30.2819817,59.9168073],[30.281339,59.9167791],[30.2813642,59.9166352],[30.2820068,59.9166635],[30.2819817,59.9168073]]]},"properties":{"layer":"context","id":"H124","name":"Жилой дом (пр. Римского-Корсакова)","kind":"context","info":"Рядовая историческая застройка: пр. Римского-Корсакова. Схематично.","approx":false,"height":17.4,"floors":4,"generated":true}},{"type":"Feature","geometry":{"type":"Polygon","coordinates":[[[30.2823279,59.9168225],[30.2819817,59.9168073],[30.2820073,59.9166607],[30.2823535,59.9166759],[30.2823279,59.9168225]]]},"properties":{"layer":"context","id":"H125","name":"Жилой дом (пр. Римского-Корсакова)","kind":"context","info":"Рядовая историческая застройка: пр. Римского-Корсакова. Схематично.","approx":false,"height":18.1,"floors":4,"generated":true}},{"type":"Feature","geometry":{"type":"Polygon","coordinates":[[[30.282769,59.9168419],[30.2823279,59.9168225],[30.282352,59.9166847],[30.2827931,59.9167041],[30.282769,59.9168419]]]},"properties":{"layer":"context","id":"H126","name":"Жилой дом (пр. Римского-Корсакова)","kind":"context","info":"Рядовая историческая застройка: пр. Римского-Корсакова. Схематично.","approx":false,"height":24.3,"floors":6,"generated":true}},{"type":"Feature","geometry":{"type":"Polygon","coordinates":[[[30.2834464,59.9168716],[30.282769,59.9168419],[30.2827906,59.9167183],[30.2834681,59.9167481],[30.2834464,59.9168716]]]},"properties":{"layer":"context","id":"H127","name":"Жилой дом (пр. Римского-Корсакова)","kind":"context","info":"Рядовая историческая застройка: пр. Римского-Корсакова. Схематично.","approx":false,"height":24.4,"floors":6,"generated":true}},{"type":"Feature","geometry":{"type":"Polygon","coordinates":[[[30.2838419,59.916889],[30.2834464,59.9168716],[30.2834728,59.9167211],[30.2838683,59.9167385],[30.2838419,59.916889]]]},"properties":{"layer":"context","id":"H128","name":"Жилой дом (пр. Римского-Корсакова)","kind":"context","info":"Рядовая историческая застройка: пр. Римского-Корсакова. Схематично.","approx":false,"height":21.5,"floors":5,"generated":true}},{"type":"Feature","geometry":{"type":"Polygon","coordinates":[[[30.2838683,59.9167385],[30.2836468,59.9167287],[30.2836746,59.9165698],[30.2838961,59.9165795],[30.2838683,59.9167385]]]},"properties":{"layer":"context","id":"H129","name":"Дворовый флигель (пр. Римского-Корсакова)","kind":"context","info":"Дворовый флигель рядовой застройки. Схематично.","approx":false,"height":20,"floors":5,"generated":true}},{"type":"Feature","geometry":{"type":"Polygon","coordinates":[[[30.2843428,59.916911],[30.2838419,59.916889],[30.2838684,59.9167382],[30.2843692,59.9167602],[30.2843428,59.916911]]]},"properties":{"layer":"context","id":"H130","name":"Жилой дом (пр. Римского-Корсакова)","kind":"context","info":"Рядовая историческая застройка: пр. Римского-Корсакова. Схематично.","approx":false,"height":21.1,"floors":5,"generated":true}},{"type":"Feature","geometry":{"type":"Polygon","coordinates":[[[30.2847617,59.9169294],[30.2843428,59.916911],[30.2843657,59.9167802],[30.2847846,59.9167986],[30.2847617,59.9169294]]]},"properties":{"layer":"context","id":"H131","name":"Жилой дом (пр. Римского-Корсакова)","kind":"context","info":"Рядовая историческая застройка: пр. Римского-Корсакова. Схематично.","approx":false,"height":21.3,"floors":5,"generated":true}},{"type":"Feature","geometry":{"type":"Polygon","coordinates":[[[30.2847846,59.9167986],[30.2845532,59.9167884],[30.2845977,59.9165344],[30.284829,59.9165446],[30.2847846,59.9167986]]]},"properties":{"layer":"context","id":"H132","name":"Дворовый флигель (пр. Римского-Корсакова)","kind":"context","info":"Дворовый флигель рядовой застройки. Схематично.","approx":false,"height":16.6,"floors":4,"generated":true}},{"type":"Feature","geometry":{"type":"Polygon","coordinates":[[[30.2854266,59.9169586],[30.2847617,59.9169294],[30.2847866,59.9167871],[30.2854515,59.9168163],[30.2854266,59.9169586]]]},"properties":{"layer":"context","id":"H133","name":"Жилой дом (пр. Римского-Корсакова)","kind":"context","info":"Рядовая историческая застройка: пр. Римского-Корсакова. Схематично.","approx":false,"height":23.9,"floors":6,"generated":true}},{"type":"Feature","geometry":{"type":"Polygon","coordinates":[[[30.2860358,59.9169854],[30.2854266,59.9169586],[30.2854527,59.9168092],[30.286062,59.916836],[30.2860358,59.9169854]]]},"properties":{"layer":"context","id":"H134","name":"Жилой дом (пр. Римского-Корсакова)","kind":"context","info":"Рядовая историческая застройка: пр. Римского-Корсакова. Схематично.","approx":false,"height":23.9,"floors":6,"generated":true}},{"type":"Feature","geometry":{"type":"Polygon","coordinates":[[[30.286062,59.916836],[30.2858502,59.9168267],[30.2859028,59.9165264],[30.2861146,59.9165357],[30.286062,59.916836]]]},"properties":{"layer":"context","id":"H135","name":"Дворовый флигель (пр. Римского-Корсакова)","kind":"context","info":"Дворовый флигель рядовой застройки. Схематично.","approx":false,"height":23.4,"floors":6,"generated":true}},{"type":"Feature","geometry":{"type":"Polygon","coordinates":[[[30.2863711,59.9170001],[30.2860358,59.9169854],[30.2860589,59.9168536],[30.2863942,59.9168683],[30.2863711,59.9170001]]]},"properties":{"layer":"context","id":"H136","name":"Жилой дом (пр. Римского-Корсакова)","kind":"context","info":"Рядовая историческая застройка: пр. Римского-Корсакова. Схематично.","approx":false,"height":20.7,"floors":5,"generated":true}},{"type":"Feature","geometry":{"type":"Polygon","coordinates":[[[30.286658,59.9170127],[30.2863711,59.9170001],[30.2863961,59.9168576],[30.2866829,59.9168702],[30.286658,59.9170127]]]},"properties":{"layer":"context","id":"H137","name":"Жилой дом (пр. Римского-Корсакова)","kind":"context","info":"Рядовая историческая застройка: пр. Римского-Корсакова. Схематично.","approx":false,"height":24.2,"floors":6,"generated":true}},{"type":"Feature","geometry":{"type":"Polygon","coordinates":[[[30.2872302,59.9170378],[30.286658,59.9170127],[30.2866811,59.9168805],[30.2872534,59.9169057],[30.2872302,59.9170378]]]},"properties":{"layer":"context","id":"H138","name":"Жилой дом (пр. Римского-Корсакова)","kind":"context","info":"Рядовая историческая застройка: пр. Римского-Корсакова. Схематично.","approx":false,"height":21.3,"floors":5,"generated":true}},{"type":"Feature","geometry":{"type":"Polygon","coordinates":[[[30.2868678,59.9168887],[30.2866811,59.9168805],[30.2867258,59.9166254],[30.2869124,59.9166336],[30.2868678,59.9168887]]]},"properties":{"layer":"context","id":"H139","name":"Дворовый флигель (пр. Римского-Корсакова)","kind":"context","info":"Дворовый флигель рядовой застройки. Схематично.","approx":false,"height":20,"floors":5,"generated":true}},{"type":"Feature","geometry":{"type":"Polygon","coordinates":[[[30.2876242,59.9170551],[30.2872302,59.9170378],[30.2872513,59.9169173],[30.2876453,59.9169346],[30.2876242,59.9170551]]]},"properties":{"layer":"context","id":"H140","name":"Жилой дом (пр. Римского-Корсакова)","kind":"context","info":"Рядовая историческая застройка: пр. Римского-Корсакова. Схематично.","approx":false,"height":21.2,"floors":5,"generated":true}},{"type":"Feature","geometry":{"type":"Polygon","coordinates":[[[30.288253,59.9170827],[30.2876242,59.9170551],[30.2876474,59.9169227],[30.2882762,59.9169503],[30.288253,59.9170827]]]},"properties":{"layer":"context","id":"H141","name":"Жилой дом (пр. Римского-Корсакова)","kind":"context","info":"Рядовая историческая застройка: пр. Римского-Корсакова. Схематично.","approx":false,"height":24.6,"floors":6,"generated":true}},{"type":"Feature","geometry":{"type":"Polygon","coordinates":[[[30.2888988,59.9171111],[30.288253,59.9170827],[30.2882747,59.9169588],[30.2889205,59.9169872],[30.2888988,59.9171111]]]},"properties":{"layer":"context","id":"H142","name":"Жилой дом (пр. Римского-Корсакова)","kind":"context","info":"Рядовая историческая застройка: пр. Римского-Корсакова. Схематично.","approx":false,"height":24.4,"floors":6,"generated":true}},{"type":"Feature","geometry":{"type":"Polygon","coordinates":[[[30.2892604,59.917127],[30.2888988,59.9171111],[30.2889229,59.9169738],[30.2892844,59.9169897],[30.2892604,59.917127]]]},"properties":{"layer":"context","id":"H143","name":"Жилой дом (пр. Римского-Корсакова)","kind":"context","info":"Рядовая историческая застройка: пр. Римского-Корсакова. Схематично.","approx":false,"height":20.5,"floors":5,"generated":true}},{"type":"Feature","geometry":{"type":"Polygon","coordinates":[[[30.2892844,59.9169897],[30.289097,59.9169815],[30.2891472,59.916695],[30.2893346,59.9167032],[30.2892844,59.9169897]]]},"properties":{"layer":"context","id":"H144","name":"Дворовый флигель (пр. Римского-Корсакова)","kind":"context","info":"Дворовый флигель рядовой застройки. Схематично.","approx":false,"height":20,"floors":5,"generated":true}},{"type":"Feature","geometry":{"type":"Polygon","coordinates":[[[30.289594,59.9171416],[30.2892604,59.917127],[30.2892826,59.9170002],[30.2896162,59.9170148],[30.289594,59.9171416]]]},"properties":{"layer":"context","id":"H145","name":"Жилой дом (пр. Римского-Корсакова)","kind":"context","info":"Рядовая историческая застройка: пр. Римского-Корсакова. Схематично.","approx":false,"height":17.8,"floors":4,"generated":true}},{"type":"Feature","geometry":{"type":"Polygon","coordinates":[[[30.2896162,59.9170148],[30.2894045,59.9170055],[30.2894317,59.9168501],[30.2896434,59.9168594],[30.2896162,59.9170148]]]},"properties":{"layer":"context","id":"H146","name":"Дворовый флигель (пр. Римского-Корсакова)","kind":"context","info":"Дворовый флигель рядовой застройки. Схематично.","approx":false,"height":13.2,"floors":3,"generated":true}},{"type":"Feature","geometry":{"type":"Polygon","coordinates":[[[30.2902435,59.9171702],[30.289594,59.9171416],[30.2896183,59.9170027],[30.2902679,59.9170313],[30.2902435,59.9171702]]]},"properties":{"layer":"context","id":"H147","name":"Жилой дом (пр. Римского-Корсакова)","kind":"context","info":"Рядовая историческая застройка: пр. Римского-Корсакова. Схематично.","approx":false,"height":24.8,"floors":6,"generated":true}},{"type":"Feature","geometry":{"type":"Polygon","coordinates":[[[30.2902679,59.9170313],[30.2900844,59.9170232],[30.2901181,59.9168311],[30.2903015,59.9168392],[30.2902679,59.9170313]]]},"properties":{"layer":"context","id":"H148","name":"Дворовый флигель (пр. Римского-Корсакова)","kind":"context","info":"Дворовый флигель рядовой застройки. Схематично.","approx":false,"height":20,"floors":5,"generated":true}},{"type":"Feature","geometry":{"type":"Polygon","coordinates":[[[30.2905701,59.9171845],[30.2902435,59.9171702],[30.2902672,59.9170351],[30.2905937,59.9170495],[30.2905701,59.9171845]]]},"properties":{"layer":"context","id":"H149","name":"Жилой дом (пр. Римского-Корсакова)","kind":"context","info":"Рядовая историческая застройка: пр. Римского-Корсакова. Схематично.","approx":false,"height":23.8,"floors":6,"generated":true}},{"type":"Feature","geometry":{"type":"Polygon","coordinates":[[[30.2905937,59.9170495],[30.2903762,59.9170399],[30.2904031,59.9168862],[30.2906206,59.9168958],[30.2905937,59.9170495]]]},"properties":{"layer":"context","id":"H150","name":"Дворовый флигель (пр. Римского-Корсакова)","kind":"context","info":"Дворовый флигель рядовой застройки. Схематично.","approx":false,"height":20,"floors":5,"generated":true}},{"type":"Feature","geometry":{"type":"Polygon","coordinates":[[[30.2907815,59.9171938],[30.2905701,59.9171845],[30.2905928,59.9170544],[30.2908043,59.9170636],[30.2907815,59.9171938]]]},"properties":{"layer":"context","id":"H151","name":"Жилой дом (пр. Римского-Корсакова)","kind":"context","info":"Рядовая историческая застройка: пр. Римского-Корсакова. Схематично.","approx":false,"height":17.8,"floors":4,"generated":true}},{"type":"Feature","geometry":{"type":"Polygon","coordinates":[[[30.2822237,59.9165456],[30.2825564,59.9165436],[30.2825594,59.9166679],[30.2822267,59.9166699],[30.2822237,59.9165456]]]},"properties":{"layer":"context","id":"H152","name":"Жилой дом (наб. реки Фонтанки)","kind":"context","info":"Рядовая историческая застройка: наб. реки Фонтанки. Схематично.","approx":false,"height":20.7,"floors":5,"generated":true}},{"type":"Feature","geometry":{"type":"Polygon","coordinates":[[[30.2825564,59.9165436],[30.283031,59.9165408],[30.2830344,59.9166848],[30.2825598,59.9166877],[30.2825564,59.9165436]]]},"properties":{"layer":"context","id":"H153","name":"Жилой дом (наб. реки Фонтанки)","kind":"context","info":"Рядовая историческая застройка: наб. реки Фонтанки. Схематично.","approx":false,"height":25,"floors":6,"generated":true}},{"type":"Feature","geometry":{"type":"Polygon","coordinates":[[[30.283031,59.9165408],[30.2834193,59.9165385],[30.2834221,59.9166563],[30.2830338,59.9166586],[30.283031,59.9165408]]]},"properties":{"layer":"context","id":"H154","name":"Жилой дом (наб. реки Фонтанки)","kind":"context","info":"Рядовая историческая застройка: наб. реки Фонтанки. Схематично.","approx":false,"height":24.1,"floors":6,"generated":true}},{"type":"Feature","geometry":{"type":"Polygon","coordinates":[[[30.2839569,59.9165352],[30.2843651,59.9165328],[30.2843681,59.9166551],[30.2839598,59.9166575],[30.2839569,59.9165352]]]},"properties":{"layer":"context","id":"H155","name":"Жилой дом (наб. реки Фонтанки)","kind":"context","info":"Рядовая историческая застройка: наб. реки Фонтанки. Схематично.","approx":false,"height":17.7,"floors":4,"generated":true}},{"type":"Feature","geometry":{"type":"Polygon","coordinates":[[[30.2849027,59.9165295],[30.2853694,59.9165267],[30.2853728,59.9166713],[30.2849062,59.9166741],[30.2849027,59.9165295]]]},"properties":{"layer":"context","id":"H156","name":"Жилой дом (наб. реки Фонтанки)","kind":"context","info":"Рядовая историческая застройка: наб. реки Фонтанки. Схематично.","approx":false,"height":21,"floors":5,"generated":true}},{"type":"Feature","geometry":{"type":"Polygon","coordinates":[[[30.2853694,59.9165267],[30.2858771,59.9165237],[30.2858806,59.9166703],[30.2853729,59.9166734],[30.2853694,59.9165267]]]},"properties":{"layer":"context","id":"H157","name":"Жилой дом (наб. реки Фонтанки)","kind":"context","info":"Рядовая историческая застройка: наб. реки Фонтанки. Схематично.","approx":false,"height":17.1,"floors":4,"generated":true}},{"type":"Feature","geometry":{"type":"Polygon","coordinates":[[[30.2861459,59.9165221],[30.2866144,59.9165193],[30.2866176,59.9166515],[30.2861491,59.9166543],[30.2861459,59.9165221]]]},"properties":{"layer":"context","id":"H158","name":"Жилой дом (наб. реки Фонтанки)","kind":"context","info":"Рядовая историческая застройка: наб. реки Фонтанки. Схематично.","approx":false,"height":24.4,"floors":6,"generated":true}},{"type":"Feature","geometry":{"type":"Polygon","coordinates":[[[30.2869753,59.9165142],[30.2874052,59.9165077],[30.2874133,59.9166423],[30.2869833,59.9166487],[30.2869753,59.9165142]]]},"properties":{"layer":"context","id":"H159","name":"Жилой дом (наб. реки Фонтанки)","kind":"context","info":"Рядовая историческая застройка: наб. реки Фонтанки. Схематично.","approx":false,"height":18.1,"floors":4,"generated":true}},{"type":"Feature","geometry":{"type":"Polygon","coordinates":[[[30.2874052,59.9165077],[30.2877306,59.9165028],[30.2877391,59.9166457],[30.2874138,59.9166506],[30.2874052,59.9165077]]]},"properties":{"layer":"context","id":"H160","name":"Жилой дом (наб. реки Фонтанки)","kind":"context","info":"Рядовая историческая застройка: наб. реки Фонтанки. Схематично.","approx":false,"height":24.3,"floors":6,"generated":true}},{"type":"Feature","geometry":{"type":"Polygon","coordinates":[[[30.2874138,59.9166506],[30.2876309,59.9166474],[30.2876466,59.9169087],[30.2874294,59.9169119],[30.2874138,59.9166506]]]},"properties":{"layer":"context","id":"H161","name":"Дворовый флигель (наб. реки Фонтанки)","kind":"context","info":"Дворовый флигель рядовой застройки. Схематично.","approx":false,"height":23.4,"floors":6,"generated":true}},{"type":"Feature","geometry":{"type":"Polygon","coordinates":[[[30.2877306,59.9165028],[30.2882391,59.9164952],[30.2882464,59.9166167],[30.2877378,59.9166244],[30.2877306,59.9165028]]]},"properties":{"layer":"context","id":"H162","name":"Жилой дом (наб. реки Фонтанки)","kind":"context","info":"Рядовая историческая застройка: наб. реки Фонтанки. Схематично.","approx":false,"height":17.6,"floors":4,"generated":true}},{"type":"Feature","geometry":{"type":"Polygon","coordinates":[[[30.2882391,59.9164952],[30.2885626,59.9164903],[30.2885708,59.9166266],[30.2882473,59.9166315],[30.2882391,59.9164952]]]},"properties":{"layer":"context","id":"H163","name":"Жилой дом (наб. реки Фонтанки)","kind":"context","info":"Рядовая историческая застройка: наб. реки Фонтанки. Схематично.","approx":false,"height":21.1,"floors":5,"generated":true}},{"type":"Feature","geometry":{"type":"Polygon","coordinates":[[[30.2885626,59.9164903],[30.2891454,59.9164816],[30.2891537,59.9166205],[30.2885709,59.9166293],[30.2885626,59.9164903]]]},"properties":{"layer":"context","id":"H164","name":"Жилой дом (наб. реки Фонтанки)","kind":"context","info":"Рядовая историческая застройка: наб. реки Фонтанки. Схематично.","approx":false,"height":17.8,"floors":4,"generated":true}},{"type":"Feature","geometry":{"type":"Polygon","coordinates":[[[30.2885709,59.9166293],[30.2887688,59.9166263],[30.2887786,59.9167893],[30.2885807,59.9167922],[30.2885709,59.9166293]]]},"properties":{"layer":"context","id":"H165","name":"Дворовый флигель (наб. реки Фонтанки)","kind":"context","info":"Дворовый флигель рядовой застройки. Схематично.","approx":false,"height":16.6,"floors":4,"generated":true}},{"type":"Feature","geometry":{"type":"Polygon","coordinates":[[[30.2891454,59.9164816],[30.2897656,59.9164722],[30.2897731,59.9165974],[30.2891529,59.9166067],[30.2891454,59.9164816]]]},"properties":{"layer":"context","id":"H166","name":"Жилой дом (наб. реки Фонтанки)","kind":"context","info":"Рядовая историческая застройка: наб. реки Фонтанки. Схематично.","approx":false,"height":20.9,"floors":5,"generated":true}},{"type":"Feature","geometry":{"type":"Polygon","coordinates":[[[30.2897656,59.9164722],[30.2901607,59.9164663],[30.2901694,59.9166108],[30.2897743,59.9166168],[30.2897656,59.9164722]]]},"properties":{"layer":"context","id":"H167","name":"Жилой дом (наб. реки Фонтанки)","kind":"context","info":"Рядовая историческая застройка: наб. реки Фонтанки. Схематично.","approx":false,"height":21.1,"floors":5,"generated":true}},{"type":"Feature","geometry":{"type":"Polygon","coordinates":[[[30.2899902,59.9166135],[30.2901694,59.9166108],[30.2901801,59.9167889],[30.2900009,59.9167916],[30.2899902,59.9166135]]]},"properties":{"layer":"context","id":"H168","name":"Дворовый флигель (наб. реки Фонтанки)","kind":"context","info":"Дворовый флигель рядовой застройки. Схематично.","approx":false,"height":16.6,"floors":4,"generated":true}},{"type":"Feature","geometry":{"type":"Polygon","coordinates":[[[30.2901607,59.9164663],[30.2905138,59.916461],[30.2905219,59.9165957],[30.2901688,59.916601],[30.2901607,59.9164663]]]},"properties":{"layer":"context","id":"H169","name":"Жилой дом (наб. реки Фонтанки)","kind":"context","info":"Рядовая историческая застройка: наб. реки Фонтанки. Схематично.","approx":false,"height":24.6,"floors":6,"generated":true}},{"type":"Feature","geometry":{"type":"Polygon","coordinates":[[[30.2901688,59.916601],[30.2903651,59.916598],[30.2903763,59.9167851],[30.29018,59.9167881],[30.2901688,59.916601]]]},"properties":{"layer":"context","id":"H170","name":"Дворовый флигель (наб. реки Фонтанки)","kind":"context","info":"Дворовый флигель рядовой застройки. Схематично.","approx":false,"height":20,"floors":5,"generated":true}},{"type":"Feature","geometry":{"type":"Polygon","coordinates":[[[30.2905138,59.916461],[30.2908689,59.9164557],[30.2908771,59.9165922],[30.290522,59.9165976],[30.2905138,59.916461]]]},"properties":{"layer":"context","id":"H171","name":"Жилой дом (наб. реки Фонтанки)","kind":"context","info":"Рядовая историческая застройка: наб. реки Фонтанки. Схематично.","approx":false,"height":17.5,"floors":4,"generated":true}},{"type":"Feature","geometry":{"type":"Polygon","coordinates":[[[30.2782124,59.9190219],[30.2787465,59.9190986],[30.2786783,59.9192177],[30.2781442,59.919141],[30.2782124,59.9190219]]]},"properties":{"layer":"context","id":"H172","name":"Жилой дом (ул. Союза Печатников)","kind":"context","info":"Рядовая историческая застройка: ул. Союза Печатников. Схематично.","approx":false,"height":21.3,"floors":5,"generated":true}},{"type":"Feature","geometry":{"type":"Polygon","coordinates":[[[30.2787465,59.9190986],[30.2792407,59.9191696],[30.2791616,59.9193077],[30.2786674,59.9192367],[30.2787465,59.9190986]]]},"properties":{"layer":"context","id":"H173","name":"Жилой дом (ул. Союза Печатников)","kind":"context","info":"Рядовая историческая застройка: ул. Союза Печатников. Схематично.","approx":false,"height":18,"floors":4,"generated":true}},{"type":"Feature","geometry":{"type":"Polygon","coordinates":[[[30.2789747,59.9192809],[30.2791616,59.9193077],[30.2789989,59.9195918],[30.278812,59.919565],[30.2789747,59.9192809]]]},"properties":{"layer":"context","id":"H174","name":"Дворовый флигель (ул. Союза Печатников)","kind":"context","info":"Дворовый флигель рядовой застройки. Схематично.","approx":false,"height":13.2,"floors":3,"generated":true}},{"type":"Feature","geometry":{"type":"Polygon","coordinates":[[[30.2792407,59.9191696],[30.2797233,59.9192389],[30.2796578,59.9193533],[30.2791752,59.919284],[30.2792407,59.9191696]]]},"properties":{"layer":"context","id":"H175","name":"Жилой дом (ул. Союза Печатников)","kind":"context","info":"Рядовая историческая застройка: ул. Союза Печатников. Схематично.","approx":false,"height":17.9,"floors":4,"generated":true}},{"type":"Feature","geometry":{"type":"Polygon","coordinates":[[[30.2794814,59.919328],[30.2796578,59.9193533],[30.2795108,59.9196101],[30.2793344,59.9195847],[30.2794814,59.919328]]]},"properties":{"layer":"context","id":"H176","name":"Дворовый флигель (ул. Союза Печатников)","kind":"context","info":"Дворовый флигель рядовой застройки. Схематично.","approx":false,"height":16.6,"floors":4,"generated":true}},{"type":"Feature","geometry":{"type":"Polygon","coordinates":[[[30.2797233,59.9192389],[30.2801614,59.9193018],[30.2800785,59.9194467],[30.2796404,59.9193838],[30.2797233,59.9192389]]]},"properties":{"layer":"context","id":"H177","name":"Жилой дом (ул. Союза Печатников)","kind":"context","info":"Рядовая историческая застройка: ул. Союза Печатников. Схематично.","approx":false,"height":24.7,"floors":6,"generated":true}},{"type":"Feature","geometry":{"type":"Polygon","coordinates":[[[30.2798894,59.9194195],[30.2800785,59.9194467],[30.2799822,59.9196149],[30.2797931,59.9195878],[30.2798894,59.9194195]]]},"properties":{"layer":"context","id":"H178","name":"Дворовый флигель (ул. Союза Печатников)","kind":"context","info":"Дворовый флигель рядовой застройки. Схематично.","approx":false,"height":23.4,"floors":6,"generated":true}},{"type":"Feature","geometry":{"type":"Polygon","coordinates":[[[30.2801614,59.9193018],[30.2807791,59.9193906],[30.2807113,59.9195089],[30.2800937,59.9194202],[30.2801614,59.9193018]]]},"properties":{"layer":"context","id":"H179","name":"Жилой дом (ул. Союза Печатников)","kind":"context","info":"Рядовая историческая застройка: ул. Союза Печатников. Схематично.","approx":false,"height":24.2,"floors":6,"generated":true}},{"type":"Feature","geometry":{"type":"Polygon","coordinates":[[[30.2807791,59.9193906],[30.2810558,59.9194303],[30.2809824,59.9195584],[30.2807058,59.9195186],[30.2807791,59.9193906]]]},"properties":{"layer":"context","id":"H180","name":"Жилой дом (ул. Союза Печатников)","kind":"context","info":"Рядовая историческая застройка: ул. Союза Печатников. Схематично.","approx":false,"height":20.6,"floors":5,"generated":true}},{"type":"Feature","geometry":{"type":"Polygon","coordinates":[[[30.2814864,59.9194922],[30.2821344,59.9195852],[30.2820579,59.9197189],[30.2814099,59.9196258],[30.2814864,59.9194922]]]},"properties":{"layer":"context","id":"H181","name":"Жилой дом (ул. Союза Печатников)","kind":"context","info":"Рядовая историческая застройка: ул. Союза Печатников. Схематично.","approx":false,"height":17.5,"floors":4,"generated":true}},{"type":"Feature","geometry":{"type":"Polygon","coordinates":[[[30.2814099,59.9196258],[30.2816106,59.9196546],[30.2815308,59.919794],[30.2813301,59.9197652],[30.2814099,59.9196258]]]},"properties":{"layer":"context","id":"H182","name":"Дворовый флигель (ул. Союза Печатников)","kind":"context","info":"Дворовый флигель рядовой застройки. Схематично.","approx":false,"height":16.6,"floors":4,"generated":true}},{"type":"Feature","geometry":{"type":"Polygon","coordinates":[[[30.2821344,59.9195852],[30.2824114,59.919625],[30.2823299,59.9197674],[30.2820529,59.9197276],[30.2821344,59.9195852]]]},"properties":{"layer":"context","id":"H183","name":"Жилой дом (ул. Союза Печатников)","kind":"context","info":"Рядовая историческая застройка: ул. Союза Печатников. Схематично.","approx":false,"height":23.9,"floors":6,"generated":true}},{"type":"Feature","geometry":{"type":"Polygon","coordinates":[[[30.2824114,59.919625],[30.2830631,59.9197186],[30.2829825,59.9198595],[30.2823307,59.9197659],[30.2824114,59.919625]]]},"properties":{"layer":"context","id":"H184","name":"Жилой дом (ул. Союза Печатников)","kind":"context","info":"Рядовая историческая застройка: ул. Союза Печатников. Схематично.","approx":false,"height":20.5,"floors":5,"generated":true}},{"type":"Feature","geometry":{"type":"Polygon","coordinates":[[[30.2827799,59.9198304],[30.2829825,59.9198595],[30.2828887,59.9200232],[30.2826861,59.9199941],[30.2827799,59.9198304]]]},"properties":{"layer":"context","id":"H185","name":"Дворовый флигель (ул. Союза Печатников)","kind":"context","info":"Дворовый флигель рядовой застройки. Схематично.","approx":false,"height":16.6,"floors":4,"generated":true}},{"type":"Feature","geometry":{"type":"Polygon","coordinates":[[[30.2830631,59.9197186],[30.283383,59.9197646],[30.2833026,59.9199051],[30.2829827,59.9198591],[30.2830631,59.9197186]]]},"properties":{"layer":"context","id":"H186","name":"Жилой дом (ул. Союза Печатников)","kind":"context","info":"Рядовая историческая застройка: ул. Союза Печатников. Схематично.","approx":false,"height":24,"floors":6,"generated":true}},{"type":"Feature","geometry":{"type":"Polygon","coordinates":[[[30.2831142,59.919878],[30.2833026,59.9199051],[30.2831786,59.9201217],[30.2829901,59.9200946],[30.2831142,59.919878]]]},"properties":{"layer":"context","id":"H187","name":"Дворовый флигель (ул. Союза Печатников)","kind":"context","info":"Дворовый флигель рядовой застройки. Схематично.","approx":false,"height":23.4,"floors":6,"generated":true}},{"type":"Feature","geometry":{"type":"Polygon","coordinates":[[[30.283383,59.9197646],[30.2836789,59.9198071],[30.2836057,59.9199351],[30.2833098,59.9198926],[30.283383,59.9197646]]]},"properties":{"layer":"context","id":"H188","name":"Жилой дом (ул. Союза Печатников)","kind":"context","info":"Рядовая историческая застройка: ул. Союза Печатников. Схематично.","approx":false,"height":24.5,"floors":6,"generated":true}},{"type":"Feature","geometry":{"type":"Polygon","coordinates":[[[30.2841096,59.9198689],[30.2847062,59.9199546],[30.2846311,59.9200858],[30.2840345,59.9200001],[30.2841096,59.9198689]]]},"properties":{"layer":"context","id":"H189","name":"Жилой дом (ул. Союза Печатников)","kind":"context","info":"Рядовая историческая застройка: ул. Союза Печатников. Схематично.","approx":false,"height":17.5,"floors":4,"generated":true}},{"type":"Feature","geometry":{"type":"Polygon","coordinates":[[[30.2847062,59.9199546],[30.2853269,59.9200438],[30.2852577,59.9201646],[30.2846371,59.9200754],[30.2847062,59.9199546]]]},"properties":{"layer":"context","id":"H190","name":"Жилой дом (ул. Союза Печатников)","kind":"context","info":"Рядовая историческая застройка: ул. Союза Печатников. Схематично.","approx":false,"height":20.9,"floors":5,"generated":true}},{"type":"Feature","geometry":{"type":"Polygon","coordinates":[[[30.2853269,59.9200438],[30.285617,59.9200855],[30.2855352,59.9202283],[30.2852451,59.9201867],[30.2853269,59.9200438]]]},"properties":{"layer":"context","id":"H191","name":"Жилой дом (ул. Союза Печатников)","kind":"context","info":"Рядовая историческая застройка: ул. Союза Печатников. Схематично.","approx":false,"height":17.5,"floors":4,"generated":true}},{"type":"Feature","geometry":{"type":"Polygon","coordinates":[[[30.2859616,59.920135],[30.2866105,59.9202282],[30.2865448,59.920343],[30.2858958,59.9202498],[30.2859616,59.920135]]]},"properties":{"layer":"context","id":"H192","name":"Жилой дом (ул. Союза Печатников)","kind":"context","info":"Рядовая историческая застройка: ул. Союза Печатников. Схематично.","approx":false,"height":17.4,"floors":4,"generated":true}},{"type":"Feature","geometry":{"type":"Polygon","coordinates":[[[30.2866105,59.9202282],[30.2872343,59.9203178],[30.2871664,59.9204364],[30.2865426,59.9203468],[30.2866105,59.9202282]]]},"properties":{"layer":"context","id":"H193","name":"Жилой дом (ул. Союза Печатников)","kind":"context","info":"Рядовая историческая застройка: ул. Союза Печатников. Схематично.","approx":false,"height":24.2,"floors":6,"generated":true}},{"type":"Feature","geometry":{"type":"Polygon","coordinates":[[[30.2872343,59.9203178],[30.2875204,59.9203589],[30.2874434,59.9204934],[30.2871573,59.9204523],[30.2872343,59.9203178]]]},"properties":{"layer":"context","id":"H194","name":"Жилой дом (ул. Союза Печатников)","kind":"context","info":"Рядовая историческая застройка: ул. Союза Печатников. Схематично.","approx":false,"height":24.1,"floors":6,"generated":true}},{"type":"Feature","geometry":{"type":"Polygon","coordinates":[[[30.2875204,59.9203589],[30.287798,59.9203987],[30.2877144,59.9205446],[30.2874369,59.9205048],[30.2875204,59.9203589]]]},"properties":{"layer":"context","id":"H195","name":"Жилой дом (ул. Союза Печатников)","kind":"context","info":"Рядовая историческая застройка: ул. Союза Печатников. Схематично.","approx":false,"height":21.1,"floors":5,"generated":true}},{"type":"Feature","geometry":{"type":"Polygon","coordinates":[[[30.2874369,59.9205048],[30.2876261,59.9205319],[30.2874989,59.920754],[30.2873097,59.9207268],[30.2874369,59.9205048]]]},"properties":{"layer":"context","id":"H196","name":"Дворовый флигель (ул. Союза Печатников)","kind":"context","info":"Дворовый флигель рядовой застройки. Схематично.","approx":false,"height":20,"floors":5,"generated":true}},{"type":"Feature","geometry":{"type":"Polygon","coordinates":[[[30.287798,59.9203987],[30.2882043,59.9204571],[30.2881333,59.9205811],[30.2877269,59.9205228],[30.287798,59.9203987]]]},"properties":{"layer":"context","id":"H197","name":"Жилой дом (ул. Союза Печатников)","kind":"context","info":"Рядовая историческая застройка: ул. Союза Печатников. Схематично.","approx":false,"height":21.1,"floors":5,"generated":true}},{"type":"Feature","geometry":{"type":"Polygon","coordinates":[[[30.2879154,59.9205498],[30.2881333,59.9205811],[30.2880302,59.9207611],[30.2878124,59.9207298],[30.2879154,59.9205498]]]},"properties":{"layer":"context","id":"H198","name":"Дворовый флигель (ул. Союза Печатников)","kind":"context","info":"Дворовый флигель рядовой застройки. Схематично.","approx":false,"height":20,"floors":5,"generated":true}},{"type":"Feature","geometry":{"type":"Polygon","coordinates":[[[30.2882043,59.9204571],[30.2888384,59.9205482],[30.2887639,59.9206782],[30.2881298,59.9205871],[30.2882043,59.9204571]]]},"properties":{"layer":"context","id":"H199","name":"Жилой дом (ул. Союза Печатников)","kind":"context","info":"Рядовая историческая застройка: ул. Союза Печатников. Схематично.","approx":false,"height":17,"floors":4,"generated":true}},{"type":"Feature","geometry":{"type":"Polygon","coordinates":[[[30.2885891,59.9206531],[30.2887639,59.9206782],[30.2886282,59.9209153],[30.2884533,59.9208901],[30.2885891,59.9206531]]]},"properties":{"layer":"context","id":"H200","name":"Дворовый флигель (ул. Союза Печатников)","kind":"context","info":"Дворовый флигель рядовой застройки. Схематично.","approx":false,"height":13.2,"floors":3,"generated":true}},{"type":"Feature","geometry":{"type":"Polygon","coordinates":[[[30.2888384,59.9205482],[30.2891607,59.9205945],[30.2890852,59.9207263],[30.2887629,59.92068],[30.2888384,59.9205482]]]},"properties":{"layer":"context","id":"H201","name":"Жилой дом (ул. Союза Печатников)","kind":"context","info":"Рядовая историческая застройка: ул. Союза Печатников. Схематично.","approx":false,"height":17.2,"floors":4,"generated":true}},{"type":"Feature","geometry":{"type":"Polygon","coordinates":[[[30.2887629,59.92068],[30.2889621,59.9207086],[30.288849,59.920906],[30.2886498,59.9208774],[30.2887629,59.92068]]]},"properties":{"layer":"context","id":"H202","name":"Дворовый флигель (ул. Союза Печатников)","kind":"context","info":"Дворовый флигель рядовой застройки. Схематично.","approx":false,"height":13.2,"floors":3,"generated":true}},{"type":"Feature","geometry":{"type":"Polygon","coordinates":[[[30.2891607,59.9205945],[30.2895053,59.920644],[30.2894339,59.9207687],[30.2890892,59.9207192],[30.2891607,59.9205945]]]},"properties":{"layer":"context","id":"H203","name":"Жилой дом (ул. Союза Печатников)","kind":"context","info":"Рядовая историческая застройка: ул. Союза Печатников. Схематично.","approx":false,"height":21,"floors":5,"generated":true}},{"type":"Feature","geometry":{"type":"Polygon","coordinates":[[[30.2892235,59.9207385],[30.2894339,59.9207687],[30.2893225,59.9209632],[30.2891121,59.9209329],[30.2892235,59.9207385]]]},"properties":{"layer":"context","id":"H204","name":"Дворовый флигель (ул. Союза Печатников)","kind":"context","info":"Дворовый флигель рядовой застройки. Схематично.","approx":false,"height":16.6,"floors":4,"generated":true}},{"type":"Feature","geometry":{"type":"Polygon","coordinates":[[[30.2898498,59.9206935],[30.2901978,59.9207434],[30.2901186,59.9208818],[30.2897706,59.9208318],[30.2898498,59.9206935]]]},"properties":{"layer":"context","id":"H205","name":"Жилой дом (ул. Союза Печатников)","kind":"context","info":"Рядовая историческая застройка: ул. Союза Печатников. Схематично.","approx":false,"height":21.2,"floors":5,"generated":true}},{"type":"Feature","geometry":{"type":"Polygon","coordinates":[[[30.2897706,59.9208318],[30.2899693,59.9208604],[30.2898363,59.9210927],[30.2896375,59.9210642],[30.2897706,59.9208318]]]},"properties":{"layer":"context","id":"H206","name":"Дворовый флигель (ул. Союза Печатников)","kind":"context","info":"Дворовый флигель рядовой застройки. Схематично.","approx":false,"height":20,"floors":5,"generated":true}},{"type":"Feature","geometry":{"type":"Polygon","coordinates":[[[30.2901978,59.9207434],[30.2905551,59.9207948],[30.290474,59.9209365],[30.2901167,59.9208852],[30.2901978,59.9207434]]]},"properties":{"layer":"context","id":"H207","name":"Жилой дом (ул. Союза Печатников)","kind":"context","info":"Рядовая историческая застройка: ул. Союза Печатников. Схематично.","approx":false,"height":24.7,"floors":6,"generated":true}},{"type":"Feature","geometry":{"type":"Polygon","coordinates":[[[30.2902735,59.9209077],[30.290474,59.9209365],[30.2903674,59.9211225],[30.290167,59.9210937],[30.2902735,59.9209077]]]},"properties":{"layer":"context","id":"H208","name":"Дворовый флигель (ул. Союза Печатников)","kind":"context","info":"Дворовый флигель рядовой застройки. Схематично.","approx":false,"height":20,"floors":5,"generated":true}},{"type":"Feature","geometry":{"type":"Polygon","coordinates":[[[30.2905551,59.9207948],[30.2908598,59.9208385],[30.2907877,59.9209645],[30.290483,59.9209207],[30.2905551,59.9207948]]]},"properties":{"layer":"context","id":"H209","name":"Жилой дом (ул. Союза Печатников)","kind":"context","info":"Рядовая историческая застройка: ул. Союза Печатников. Схематично.","approx":false,"height":20.9,"floors":5,"generated":true}},{"type":"Feature","geometry":{"type":"Polygon","coordinates":[[[30.2788881,59.9189397],[30.2784795,59.918881],[30.2785459,59.918765],[30.2789545,59.9188237],[30.2788881,59.9189397]]]},"properties":{"layer":"context","id":"H210","name":"Жилой дом (ул. Союза Печатников)","kind":"context","info":"Рядовая историческая застройка: ул. Союза Печатников. Схематично.","approx":false,"height":17.1,"floors":4,"generated":true}},{"type":"Feature","geometry":{"type":"Polygon","coordinates":[[[30.2794757,59.9190241],[30.2788881,59.9189397],[30.2789656,59.9188044],[30.2795531,59.9188888],[30.2794757,59.9190241]]]},"properties":{"layer":"context","id":"H211","name":"Жилой дом (ул. Союза Печатников)","kind":"context","info":"Рядовая историческая застройка: ул. Союза Печатников. Схематично.","approx":false,"height":24.8,"floors":6,"generated":true}},{"type":"Feature","geometry":{"type":"Polygon","coordinates":[[[30.2791482,59.9188306],[30.2789656,59.9188044],[30.2790753,59.9186128],[30.279258,59.918639],[30.2791482,59.9188306]]]},"properties":{"layer":"context","id":"H212","name":"Дворовый флигель (ул. Союза Печатников)","kind":"context","info":"Дворовый флигель рядовой застройки. Схематично.","approx":false,"height":20,"floors":5,"generated":true}},{"type":"Feature","geometry":{"type":"Polygon","coordinates":[[[30.2800029,59.9190998],[30.2794757,59.9190241],[30.2795567,59.9188825],[30.2800839,59.9189582],[30.2800029,59.9190998]]]},"properties":{"layer":"context","id":"H213","name":"Жилой дом (ул. Союза Печатников)","kind":"context","info":"Рядовая историческая застройка: ул. Союза Печатников. Схематично.","approx":false,"height":24.6,"floors":6,"generated":true}},{"type":"Feature","geometry":{"type":"Polygon","coordinates":[[[30.2800839,59.9189582],[30.2798889,59.9189302],[30.2800153,59.9187093],[30.2802104,59.9187374],[30.2800839,59.9189582]]]},"properties":{"layer":"context","id":"H214","name":"Дворовый флигель (ул. Союза Печатников)","kind":"context","info":"Дворовый флигель рядовой застройки. Схематично.","approx":false,"height":23.4,"floors":6,"generated":true}},{"type":"Feature","geometry":{"type":"Polygon","coordinates":[[[30.2804664,59.9191664],[30.2800029,59.9190998],[30.2800786,59.9189675],[30.2805421,59.9190341],[30.2804664,59.9191664]]]},"properties":{"layer":"context","id":"H215","name":"Жилой дом (ул. Союза Печатников)","kind":"context","info":"Рядовая историческая застройка: ул. Союза Печатников. Схематично.","approx":false,"height":17,"floors":4,"generated":true}},{"type":"Feature","geometry":{"type":"Polygon","coordinates":[[[30.2808286,59.9192184],[30.2804664,59.9191664],[30.2805501,59.9190202],[30.2809123,59.9190722],[30.2808286,59.9192184]]]},"properties":{"layer":"context","id":"H216","name":"Жилой дом (ул. Союза Печатников)","kind":"context","info":"Рядовая историческая застройка: ул. Союза Печатников. Схематично.","approx":false,"height":21.4,"floors":5,"generated":true}},{"type":"Feature","geometry":{"type":"Polygon","coordinates":[[[30.2811918,59.9192706],[30.2808286,59.9192184],[30.2808985,59.9190963],[30.2812617,59.9191485],[30.2811918,59.9192706]]]},"properties":{"layer":"context","id":"H217","name":"Жилой дом (ул. Союза Печатников)","kind":"context","info":"Рядовая историческая застройка: ул. Союза Печатников. Схематично.","approx":false,"height":17.4,"floors":4,"generated":true}},{"type":"Feature","geometry":{"type":"Polygon","coordinates":[[[30.2811121,59.919127],[30.2808985,59.9190963],[30.2809884,59.9189394],[30.2812019,59.9189701],[30.2811121,59.919127]]]},"properties":{"layer":"context","id":"H218","name":"Дворовый флигель (ул. Союза Печатников)","kind":"context","info":"Дворовый флигель рядовой застройки. Схематично.","approx":false,"height":13.2,"floors":3,"generated":true}},{"type":"Feature","geometry":{"type":"Polygon","coordinates":[[[30.2818442,59.9193643],[30.2815364,59.9193201],[30.2816084,59.9191943],[30.2819162,59.9192385],[30.2818442,59.9193643]]]},"properties":{"layer":"context","id":"H219","name":"Жилой дом (ул. Союза Печатников)","kind":"context","info":"Рядовая историческая застройка: ул. Союза Печатников. Схематично.","approx":false,"height":21.1,"floors":5,"generated":true}},{"type":"Feature","geometry":{"type":"Polygon","coordinates":[[[30.2819162,59.9192385],[30.281725,59.919211],[30.2818738,59.9189512],[30.282065,59.9189786],[30.2819162,59.9192385]]]},"properties":{"layer":"context","id":"H220","name":"Дворовый флигель (ул. Союза Печатников)","kind":"context","info":"Дворовый флигель рядовой застройки. Схематично.","approx":false,"height":16.6,"floors":4,"generated":true}},{"type":"Feature","geometry":{"type":"Polygon","coordinates":[[[30.2821402,59.9194068],[30.2818442,59.9193643],[30.2819142,59.919242],[30.2822102,59.9192845],[30.2821402,59.9194068]]]},"properties":{"layer":"context","id":"H221","name":"Жилой дом (ул. Союза Печатников)","kind":"context","info":"Рядовая историческая застройка: ул. Союза Печатников. Схематично.","approx":false,"height":17.4,"floors":4,"generated":true}},{"type":"Feature","geometry":{"type":"Polygon","coordinates":[[[30.2825666,59.919468],[30.2821402,59.9194068],[30.2822064,59.9192912],[30.2826328,59.9193525],[30.2825666,59.919468]]]},"properties":{"layer":"context","id":"H222","name":"Жилой дом (ул. Союза Печатников)","kind":"context","info":"Рядовая историческая застройка: ул. Союза Печатников. Схематично.","approx":false,"height":17.1,"floors":4,"generated":true}},{"type":"Feature","geometry":{"type":"Polygon","coordinates":[[[30.2829733,59.9195264],[30.2825666,59.919468],[30.2826493,59.9193235],[30.283056,59.919382],[30.2829733,59.9195264]]]},"properties":{"layer":"context","id":"H223","name":"Жилой дом (ул. Союза Печатников)","kind":"context","info":"Рядовая историческая застройка: ул. Союза Печатников. Схематично.","approx":false,"height":21.5,"floors":5,"generated":true}},{"type":"Feature","geometry":{"type":"Polygon","coordinates":[[[30.2833923,59.9195866],[30.2829733,59.9195264],[30.2830555,59.9193829],[30.2834745,59.9194431],[30.2833923,59.9195866]]]},"properties":{"layer":"context","id":"H224","name":"Жилой дом (ул. Союза Печатников)","kind":"context","info":"Рядовая историческая застройка: ул. Союза Печатников. Схематично.","approx":false,"height":23.9,"floors":6,"generated":true}},{"type":"Feature","geometry":{"type":"Polygon","coordinates":[[[30.2832489,59.9194107],[30.2830555,59.9193829],[30.2832228,59.9190907],[30.2834163,59.9191184],[30.2832489,59.9194107]]]},"properties":{"layer":"context","id":"H225","name":"Дворовый флигель (ул. Союза Печатников)","kind":"context","info":"Дворовый флигель рядовой застройки. Схематично.","approx":false,"height":23.4,"floors":6,"generated":true}},{"type":"Feature","geometry":{"type":"Polygon","coordinates":[[[30.2837084,59.919632],[30.2833923,59.9195866],[30.2834645,59.9194605],[30.2837806,59.919506],[30.2837084,59.919632]]]},"properties":{"layer":"context","id":"H226","name":"Жилой дом (ул. Союза Печатников)","kind":"context","info":"Рядовая историческая застройка: ул. Союза Печатников. Схематично.","approx":false,"height":20.7,"floors":5,"generated":true}},{"type":"Feature","geometry":{"type":"Polygon","coordinates":[[[30.284088,59.9196866],[30.2837084,59.919632],[30.2837906,59.9194885],[30.2841702,59.919543],[30.284088,59.9196866]]]},"properties":{"layer":"context","id":"H227","name":"Жилой дом (ул. Союза Печатников)","kind":"context","info":"Рядовая историческая застройка: ул. Союза Печатников. Схематично.","approx":false,"height":17.5,"floors":4,"generated":true}},{"type":"Feature","geometry":{"type":"Polygon","coordinates":[[[30.2846122,59.9197619],[30.284088,59.9196866],[30.2841658,59.9195508],[30.28469,59.919626],[30.2846122,59.9197619]]]},"properties":{"layer":"context","id":"H228","name":"Жилой дом (ул. Союза Печатников)","kind":"context","info":"Рядовая историческая застройка: ул. Союза Печатников. Схематично.","approx":false,"height":18,"floors":4,"generated":true}},{"type":"Feature","geometry":{"type":"Polygon","coordinates":[[[30.28469,59.919626],[30.284466,59.9195939],[30.2846183,59.919328],[30.2848422,59.9193602],[30.28469,59.919626]]]},"properties":{"layer":"context","id":"H229","name":"Дворовый флигель (ул. Союза Печатников)","kind":"context","info":"Дворовый флигель рядовой застройки. Схематично.","approx":false,"height":13.2,"floors":3,"generated":true}},{"type":"Feature","geometry":{"type":"Polygon","coordinates":[[[30.2850815,59.9198293],[30.2846122,59.9197619],[30.2846837,59.9196369],[30.285153,59.9197043],[30.2850815,59.9198293]]]},"properties":{"layer":"context","id":"H230","name":"Жилой дом (ул. Союза Печатников)","kind":"context","info":"Рядовая историческая застройка: ул. Союза Печатников. Схематично.","approx":false,"height":24.3,"floors":6,"generated":true}},{"type":"Feature","geometry":{"type":"Polygon","coordinates":[[[30.285153,59.9197043],[30.2849577,59.9196763],[30.2850953,59.9194358],[30.2852907,59.9194639],[30.285153,59.9197043]]]},"properties":{"layer":"context","id":"H231","name":"Дворовый флигель (ул. Союза Печатников)","kind":"context","info":"Дворовый флигель рядовой застройки. Схематично.","approx":false,"height":20,"floors":5,"generated":true}},{"type":"Feature","geometry":{"type":"Polygon","coordinates":[[[30.2854282,59.9198791],[30.2850815,59.9198293],[30.2851627,59.9196874],[30.2855094,59.9197372],[30.2854282,59.9198791]]]},"properties":{"layer":"context","id":"H232","name":"Жилой дом (ул. Союза Печатников)","kind":"context","info":"Рядовая историческая застройка: ул. Союза Печатников. Схематично.","approx":false,"height":21.6,"floors":5,"generated":true}},{"type":"Feature","geometry":{"type":"Polygon","coordinates":[[[30.2853521,59.9197146],[30.2851627,59.9196874],[30.2853049,59.9194391],[30.2854943,59.9194663],[30.2853521,59.9197146]]]},"properties":{"layer":"context","id":"H233","name":"Дворовый флигель (ул. Союза Печатников)","kind":"context","info":"Дворовый флигель рядовой застройки. Схематично.","approx":false,"height":20,"floors":5,"generated":true}},{"type":"Feature","geometry":{"type":"Polygon","coordinates":[[[30.2860576,59.9199695],[30.2854282,59.9198791],[30.2855116,59.9197334],[30.2861411,59.9198238],[30.2860576,59.9199695]]]},"properties":{"layer":"context","id":"H234","name":"Жилой дом (ул. Союза Печатников)","kind":"context","info":"Рядовая историческая застройка: ул. Союза Печатников. Схематично.","approx":false,"height":17.5,"floors":4,"generated":true}},{"type":"Feature","geometry":{"type":"Polygon","coordinates":[[[30.2861411,59.9198238],[30.2859571,59.9197973],[30.2861074,59.9195348],[30.2862914,59.9195612],[30.2861411,59.9198238]]]},"properties":{"layer":"context","id":"H235","name":"Дворовый флигель (ул. Союза Печатников)","kind":"context","info":"Дворовый флигель рядовой застройки. Схематично.","approx":false,"height":16.6,"floors":4,"generated":true}},{"type":"Feature","geometry":{"type":"Polygon","coordinates":[[[30.2864424,59.9200247],[30.2860576,59.9199695],[30.2861221,59.9198569],[30.2865068,59.9199122],[30.2864424,59.9200247]]]},"properties":{"layer":"context","id":"H236","name":"Жилой дом (ул. Союза Печатников)","kind":"context","info":"Рядовая историческая застройка: ул. Союза Печатников. Схематично.","approx":false,"height":21.2,"floors":5,"generated":true}},{"type":"Feature","geometry":{"type":"Polygon","coordinates":[[[30.2870786,59.9201161],[30.2864424,59.9200247],[30.2865228,59.9198843],[30.287159,59.9199757],[30.2870786,59.9201161]]]},"properties":{"layer":"context","id":"H237","name":"Жилой дом (ул. Союза Печатников)","kind":"context","info":"Рядовая историческая застройка: ул. Союза Печатников. Схематично.","approx":false,"height":24.6,"floors":6,"generated":true}},{"type":"Feature","geometry":{"type":"Polygon","coordinates":[[[30.2873868,59.9201604],[30.2870786,59.9201161],[30.2871431,59.9200035],[30.2874513,59.9200477],[30.2873868,59.9201604]]]},"properties":{"layer":"context","id":"H238","name":"Жилой дом (ул. Союза Печатников)","kind":"context","info":"Рядовая историческая застройка: ул. Союза Печатников. Схематично.","approx":false,"height":20.7,"floors":5,"generated":true}},{"type":"Feature","geometry":{"type":"Polygon","coordinates":[[[30.287319,59.9200287],[30.2871431,59.9200035],[30.2872981,59.9197328],[30.287474,59.919758],[30.287319,59.9200287]]]},"properties":{"layer":"context","id":"H239","name":"Дворовый флигель (ул. Союза Печатников)","kind":"context","info":"Дворовый флигель рядовой застройки. Схематично.","approx":false,"height":20,"floors":5,"generated":true}},{"type":"Feature","geometry":{"type":"Polygon","coordinates":[[[30.2879559,59.9202421],[30.2873868,59.9201604],[30.2874613,59.9200302],[30.2880304,59.920112],[30.2879559,59.9202421]]]},"properties":{"layer":"context","id":"H240","name":"Жилой дом (ул. Союза Печатников)","kind":"context","info":"Рядовая историческая застройка: ул. Союза Печатников. Схематично.","approx":false,"height":17.9,"floors":4,"generated":true}},{"type":"Feature","geometry":{"type":"Polygon","coordinates":[[[30.2880304,59.920112],[30.2878109,59.9200804],[30.2879284,59.9198753],[30.2881479,59.9199068],[30.2880304,59.920112]]]},"properties":{"layer":"context","id":"H241","name":"Дворовый флигель (ул. Союза Печатников)","kind":"context","info":"Дворовый флигель рядовой застройки. Схематично.","approx":false,"height":16.6,"floors":4,"generated":true}},{"type":"Feature","geometry":{"type":"Polygon","coordinates":[[[30.2882686,59.920287],[30.2879559,59.9202421],[30.2880343,59.9201052],[30.288347,59.9201501],[30.2882686,59.920287]]]},"properties":{"layer":"context","id":"H242","name":"Жилой дом (ул. Союза Печатников)","kind":"context","info":"Рядовая историческая застройка: ул. Союза Печатников. Схематично.","approx":false,"height":24.2,"floors":6,"generated":true}},{"type":"Feature","geometry":{"type":"Polygon","coordinates":[[[30.2886971,59.9203486],[30.2882686,59.920287],[30.2883435,59.9201562],[30.2887721,59.9202178],[30.2886971,59.9203486]]]},"properties":{"layer":"context","id":"H243","name":"Жилой дом (ул. Союза Печатников)","kind":"context","info":"Рядовая историческая застройка: ул. Союза Печатников. Схематично.","approx":false,"height":17,"floors":4,"generated":true}},{"type":"Feature","geometry":{"type":"Polygon","coordinates":[[[30.2887721,59.9202178],[30.2885889,59.9201914],[30.2886741,59.9200426],[30.2888573,59.9200689],[30.2887721,59.9202178]]]},"properties":{"layer":"context","id":"H244","name":"Дворовый флигель (ул. Союза Печатников)","kind":"context","info":"Дворовый флигель рядовой застройки. Схематично.","approx":false,"height":16.6,"floors":4,"generated":true}},{"type":"Feature","geometry":{"type":"Polygon","coordinates":[[[30.2890464,59.9203988],[30.2886971,59.9203486],[30.2887705,59.9202204],[30.2891198,59.9202706],[30.2890464,59.9203988]]]},"properties":{"layer":"context","id":"H245","name":"Жилой дом (ул. Союза Печатников)","kind":"context","info":"Рядовая историческая застройка: ул. Союза Печатников. Схематично.","approx":false,"height":17.3,"floors":4,"generated":true}},{"type":"Feature","geometry":{"type":"Polygon","coordinates":[[[30.2891198,59.9202706],[30.2889466,59.9202457],[30.2890452,59.9200735],[30.2892184,59.9200983],[30.2891198,59.9202706]]]},"properties":{"layer":"context","id":"H246","name":"Дворовый флигель (ул. Союза Печатников)","kind":"context","info":"Дворовый флигель рядовой застройки. Схематично.","approx":false,"height":16.6,"floors":4,"generated":true}},{"type":"Feature","geometry":{"type":"Polygon","coordinates":[[[30.2895914,59.9204771],[30.2890464,59.9203988],[30.2891178,59.920274],[30.2896628,59.9203523],[30.2895914,59.9204771]]]},"properties":{"layer":"context","id":"H247","name":"Жилой дом (ул. Союза Печатников)","kind":"context","info":"Рядовая историческая застройка: ул. Союза Печатников. Схематично.","approx":false,"height":20.6,"floors":5,"generated":true}},{"type":"Feature","geometry":{"type":"Polygon","coordinates":[[[30.2896628,59.9203523],[30.2894455,59.9203211],[30.2895755,59.9200941],[30.2897928,59.9201253],[30.2896628,59.9203523]]]},"properties":{"layer":"context","id":"H248","name":"Дворовый флигель (ул. Союза Печатников)","kind":"context","info":"Дворовый флигель рядовой застройки. Схематично.","approx":false,"height":20,"floors":5,"generated":true}},{"type":"Feature","geometry":{"type":"Polygon","coordinates":[[[30.2900208,59.9205387],[30.2895914,59.9204771],[30.28966,59.9203573],[30.2900893,59.920419],[30.2900208,59.9205387]]]},"properties":{"layer":"context","id":"H249","name":"Жилой дом (ул. Союза Печатников)","kind":"context","info":"Рядовая историческая застройка: ул. Союза Печатников. Схематично.","approx":false,"height":17.3,"floors":4,"generated":true}},{"type":"Feature","geometry":{"type":"Polygon","coordinates":[[[30.2905635,59.9206167],[30.2900208,59.9205387],[30.2900994,59.9204014],[30.2906421,59.9204793],[30.2905635,59.9206167]]]},"properties":{"layer":"context","id":"H250","name":"Жилой дом (ул. Союза Печатников)","kind":"context","info":"Рядовая историческая застройка: ул. Союза Печатников. Схематично.","approx":false,"height":24.1,"floors":6,"generated":true}},{"type":"Feature","geometry":{"type":"Polygon","coordinates":[[[30.2903175,59.9204327],[30.2900994,59.9204014],[30.290239,59.9201576],[30.2904571,59.9201889],[30.2903175,59.9204327]]]},"properties":{"layer":"context","id":"H251","name":"Дворовый флигель (ул. Союза Печатников)","kind":"context","info":"Дворовый флигель рядовой застройки. Схематично.","approx":false,"height":23.4,"floors":6,"generated":true}},{"type":"Feature","geometry":{"type":"Polygon","coordinates":[[[30.2907198,59.9206391],[30.2905635,59.9206167],[30.2906334,59.9204946],[30.2907897,59.9205171],[30.2907198,59.9206391]]]},"properties":{"layer":"context","id":"H252","name":"Жилой дом (ул. Союза Печатников)","kind":"context","info":"Рядовая историческая застройка: ул. Союза Печатников. Схематично.","approx":false,"height":24.6,"floors":6,"generated":true}},{"type":"Feature","geometry":{"type":"Polygon","coordinates":[[[30.2798667,59.9233466],[30.280506,59.9234382],[30.2804367,59.9235594],[30.2797975,59.9234677],[30.2798667,59.9233466]]]},"properties":{"layer":"context","id":"H253","name":"Жилой дом (ул. Декабристов)","kind":"context","info":"Рядовая историческая застройка: ул. Декабристов. Схематично.","approx":false,"height":20.6,"floors":5,"generated":true}},{"type":"Feature","geometry":{"type":"Polygon","coordinates":[[[30.280506,59.9234382],[30.2808087,59.9234817],[30.2807312,59.9236171],[30.2804285,59.9235737],[30.280506,59.9234382]]]},"properties":{"layer":"context","id":"H254","name":"Жилой дом (ул. Декабристов)","kind":"context","info":"Рядовая историческая застройка: ул. Декабристов. Схематично.","approx":false,"height":21.6,"floors":5,"generated":true}},{"type":"Feature","geometry":{"type":"Polygon","coordinates":[[[30.2808087,59.9234817],[30.2812814,59.9235494],[30.2812051,59.9236829],[30.2807324,59.9236151],[30.2808087,59.9234817]]]},"properties":{"layer":"context","id":"H255","name":"Жилой дом (ул. Декабристов)","kind":"context","info":"Рядовая историческая застройка: ул. Декабристов. Схематично.","approx":false,"height":20.5,"floors":5,"generated":true}},{"type":"Feature","geometry":{"type":"Polygon","coordinates":[[[30.2810175,59.923656],[30.2812051,59.9236829],[30.2811147,59.923841],[30.2809272,59.9238141],[30.2810175,59.923656]]]},"properties":{"layer":"context","id":"H256","name":"Дворовый флигель (ул. Декабристов)","kind":"context","info":"Дворовый флигель рядовой застройки. Схематично.","approx":false,"height":20,"floors":5,"generated":true}},{"type":"Feature","geometry":{"type":"Polygon","coordinates":[[[30.2812814,59.9235494],[30.281523,59.9235841],[30.2814445,59.9237213],[30.2812029,59.9236866],[30.2812814,59.9235494]]]},"properties":{"layer":"context","id":"H257","name":"Жилой дом (ул. Декабристов)","kind":"context","info":"Рядовая историческая застройка: ул. Декабристов. Схематично.","approx":false,"height":24.3,"floors":6,"generated":true}},{"type":"Feature","geometry":{"type":"Polygon","coordinates":[[[30.2820398,59.9236582],[30.2826875,59.9237511],[30.2826203,59.9238687],[30.2819726,59.9237758],[30.2820398,59.9236582]]]},"properties":{"layer":"context","id":"H258","name":"Жилой дом (ул. Декабристов)","kind":"context","info":"Рядовая историческая застройка: ул. Декабристов. Схематично.","approx":false,"height":21.3,"floors":5,"generated":true}},{"type":"Feature","geometry":{"type":"Polygon","coordinates":[[[30.2819726,59.9237758],[30.2821583,59.9238024],[30.2820714,59.9239545],[30.2818857,59.9239278],[30.2819726,59.9237758]]]},"properties":{"layer":"context","id":"H259","name":"Дворовый флигель (ул. Декабристов)","kind":"context","info":"Дворовый флигель рядовой застройки. Схематично.","approx":false,"height":16.6,"floors":4,"generated":true}},{"type":"Feature","geometry":{"type":"Polygon","coordinates":[[[30.2826875,59.9237511],[30.2833228,59.9238422],[30.2832439,59.9239801],[30.2826086,59.923889],[30.2826875,59.9237511]]]},"properties":{"layer":"context","id":"H260","name":"Жилой дом (ул. Декабристов)","kind":"context","info":"Рядовая историческая застройка: ул. Декабристов. Схематично.","approx":false,"height":24.1,"floors":6,"generated":true}},{"type":"Feature","geometry":{"type":"Polygon","coordinates":[[[30.2826086,59.923889],[30.2828266,59.9239203],[30.2826781,59.9241799],[30.2824602,59.9241487],[30.2826086,59.923889]]]},"properties":{"layer":"context","id":"H261","name":"Дворовый флигель (ул. Декабристов)","kind":"context","info":"Дворовый флигель рядовой застройки. Схематично.","approx":false,"height":23.4,"floors":6,"generated":true}},{"type":"Feature","geometry":{"type":"Polygon","coordinates":[[[30.2833228,59.9238422],[30.2837187,59.923899],[30.2836406,59.9240357],[30.2832446,59.9239789],[30.2833228,59.9238422]]]},"properties":{"layer":"context","id":"H262","name":"Жилой дом (ул. Декабристов)","kind":"context","info":"Рядовая историческая застройка: ул. Декабристов. Схематично.","approx":false,"height":20.8,"floors":5,"generated":true}},{"type":"Feature","geometry":{"type":"Polygon","coordinates":[[[30.2841494,59.9239608],[30.2847847,59.9240519],[30.2847145,59.9241746],[30.2840793,59.9240835],[30.2841494,59.9239608]]]},"properties":{"layer":"context","id":"H263","name":"Жилой дом (ул. Декабристов)","kind":"context","info":"Рядовая историческая застройка: ул. Декабристов. Схематично.","approx":false,"height":21.4,"floors":5,"generated":true}},{"type":"Feature","geometry":{"type":"Polygon","coordinates":[[[30.2847847,59.9240519],[30.2852434,59.9241176],[30.2851715,59.9242434],[30.2847128,59.9241776],[30.2847847,59.9240519]]]},"properties":{"layer":"context","id":"H264","name":"Жилой дом (ул. Декабристов)","kind":"context","info":"Рядовая историческая застройка: ул. Декабристов. Схематично.","approx":false,"height":21.5,"floors":5,"generated":true}},{"type":"Feature","geometry":{"type":"Polygon","coordinates":[[[30.2852434,59.9241176],[30.2858737,59.924208],[30.2858032,59.9243313],[30.2851729,59.9242409],[30.2852434,59.9241176]]]},"properties":{"layer":"context","id":"H265","name":"Жилой дом (ул. Декабристов)","kind":"context","info":"Рядовая историческая застройка: ул. Декабристов. Схематично.","approx":false,"height":20.4,"floors":5,"generated":true}},{"type":"Feature","geometry":{"type":"Polygon","coordinates":[[[30.2851729,59.9242409],[30.2853642,59.9242684],[30.2852645,59.9244427],[30.2850733,59.9244153],[30.2851729,59.9242409]]]},"properties":{"layer":"context","id":"H266","name":"Дворовый флигель (ул. Декабристов)","kind":"context","info":"Дворовый флигель рядовой застройки. Схематично.","approx":false,"height":16.6,"floors":4,"generated":true}},{"type":"Feature","geometry":{"type":"Polygon","coordinates":[[[30.2858737,59.924208],[30.2862538,59.9242625],[30.2861851,59.9243827],[30.285805,59.9243282],[30.2858737,59.924208]]]},"properties":{"layer":"context","id":"H267","name":"Жилой дом (ул. Декабристов)","kind":"context","info":"Рядовая историческая застройка: ул. Декабристов. Схематично.","approx":false,"height":24.9,"floors":6,"generated":true}},{"type":"Feature","geometry":{"type":"Polygon","coordinates":[[[30.285971,59.924352],[30.2861851,59.9243827],[30.2860309,59.9246524],[30.2858168,59.9246217],[30.285971,59.924352]]]},"properties":{"layer":"context","id":"H268","name":"Дворовый флигель (ул. Декабристов)","kind":"context","info":"Дворовый флигель рядовой застройки. Схематично.","approx":false,"height":20,"floors":5,"generated":true}},{"type":"Feature","geometry":{"type":"Polygon","coordinates":[[[30.2862538,59.9242625],[30.2867553,59.9243345],[30.2866867,59.9244543],[30.2861852,59.9243824],[30.2862538,59.9242625]]]},"properties":{"layer":"context","id":"H269","name":"Жилой дом (ул. Декабристов)","kind":"context","info":"Рядовая историческая застройка: ул. Декабристов. Схематично.","approx":false,"height":23.8,"floors":6,"generated":true}},{"type":"Feature","geometry":{"type":"Polygon","coordinates":[[[30.2867553,59.9243345],[30.2873728,59.924423],[30.2873029,59.9245453],[30.2866854,59.9244567],[30.2867553,59.9243345]]]},"properties":{"layer":"context","id":"H270","name":"Жилой дом (ул. Декабристов)","kind":"context","info":"Рядовая историческая застройка: ул. Декабристов. Схематично.","approx":false,"height":21.5,"floors":5,"generated":true}},{"type":"Feature","geometry":{"type":"Polygon","coordinates":[[[30.2870869,59.9245143],[30.2873029,59.9245453],[30.2872132,59.9247023],[30.2869972,59.9246713],[30.2870869,59.9245143]]]},"properties":{"layer":"context","id":"H271","name":"Дворовый флигель (ул. Декабристов)","kind":"context","info":"Дворовый флигель рядовой застройки. Схематично.","approx":false,"height":20,"floors":5,"generated":true}},{"type":"Feature","geometry":{"type":"Polygon","coordinates":[[[30.2877174,59.9244724],[30.2881231,59.9245306],[30.2880568,59.9246466],[30.2876511,59.9245884],[30.2877174,59.9244724]]]},"properties":{"layer":"context","id":"H272","name":"Жилой дом (ул. Декабристов)","kind":"context","info":"Рядовая историческая застройка: ул. Декабристов. Схематично.","approx":false,"height":21,"floors":5,"generated":true}},{"type":"Feature","geometry":{"type":"Polygon","coordinates":[[[30.2881231,59.9245306],[30.288664,59.9246082],[30.2885865,59.9247438],[30.2880455,59.9246663],[30.2881231,59.9245306]]]},"properties":{"layer":"context","id":"H273","name":"Жилой дом (ул. Декабристов)","kind":"context","info":"Рядовая историческая застройка: ул. Декабристов. Схематично.","approx":false,"height":23.9,"floors":6,"generated":true}},{"type":"Feature","geometry":{"type":"Polygon","coordinates":[[[30.288664,59.9246082],[30.2889462,59.9246487],[30.2888645,59.9247915],[30.2885823,59.924751],[30.288664,59.9246082]]]},"properties":{"layer":"context","id":"H274","name":"Жилой дом (ул. Декабристов)","kind":"context","info":"Рядовая историческая застройка: ул. Декабристов. Схематично.","approx":false,"height":24,"floors":6,"generated":true}},{"type":"Feature","geometry":{"type":"Polygon","coordinates":[[[30.2889462,59.9246487],[30.2895626,59.924737],[30.289488,59.9248674],[30.2888717,59.924779],[30.2889462,59.9246487]]]},"properties":{"layer":"context","id":"H275","name":"Жилой дом (ул. Декабристов)","kind":"context","info":"Рядовая историческая застройка: ул. Декабристов. Схематично.","approx":false,"height":17.1,"floors":4,"generated":true}},{"type":"Feature","geometry":{"type":"Polygon","coordinates":[[[30.2895626,59.924737],[30.2899041,59.924786],[30.2898382,59.9249012],[30.2894967,59.9248522],[30.2895626,59.924737]]]},"properties":{"layer":"context","id":"H276","name":"Жилой дом (ул. Декабристов)","kind":"context","info":"Рядовая историческая застройка: ул. Декабристов. Схематично.","approx":false,"height":24.5,"floors":6,"generated":true}},{"type":"Feature","geometry":{"type":"Polygon","coordinates":[[[30.2899041,59.924786],[30.2903194,59.9248456],[30.2902459,59.9249741],[30.2898306,59.9249145],[30.2899041,59.924786]]]},"properties":{"layer":"context","id":"H277","name":"Жилой дом (ул. Декабристов)","kind":"context","info":"Рядовая историческая застройка: ул. Декабристов. Схематично.","approx":false,"height":20.8,"floors":5,"generated":true}},{"type":"Feature","geometry":{"type":"Polygon","coordinates":[[[30.2903194,59.9248456],[30.2907036,59.9249007],[30.290629,59.925031],[30.2902448,59.9249759],[30.2903194,59.9248456]]]},"properties":{"layer":"context","id":"H278","name":"Жилой дом (ул. Декабристов)","kind":"context","info":"Рядовая историческая застройка: ул. Декабристов. Схематично.","approx":false,"height":17.7,"floors":4,"generated":true}},{"type":"Feature","geometry":{"type":"Polygon","coordinates":[[[30.2811926,59.9233388],[30.2806605,59.9232625],[30.2807256,59.9231486],[30.2812577,59.9232249],[30.2811926,59.9233388]]]},"properties":{"layer":"context","id":"H279","name":"Жилой дом (ул. Декабристов)","kind":"context","info":"Рядовая историческая застройка: ул. Декабристов. Схематично.","approx":false,"height":18.1,"floors":4,"generated":true}},{"type":"Feature","geometry":{"type":"Polygon","coordinates":[[[30.2809378,59.9231791],[30.2807256,59.9231486],[30.2808126,59.9229964],[30.2810248,59.9230269],[30.2809378,59.9231791]]]},"properties":{"layer":"context","id":"H280","name":"Дворовый флигель (ул. Декабристов)","kind":"context","info":"Дворовый флигель рядовой застройки. Схематично.","approx":false,"height":13.2,"floors":3,"generated":true}},{"type":"Feature","geometry":{"type":"Polygon","coordinates":[[[30.2816893,59.92341],[30.2811926,59.9233388],[30.281276,59.923193],[30.2817726,59.9232642],[30.2816893,59.92341]]]},"properties":{"layer":"context","id":"H281","name":"Жилой дом (ул. Декабристов)","kind":"context","info":"Рядовая историческая застройка: ул. Декабристов. Схематично.","approx":false,"height":23.9,"floors":6,"generated":true}},{"type":"Feature","geometry":{"type":"Polygon","coordinates":[[[30.2823918,59.9235108],[30.2820339,59.9234594],[30.2821133,59.9233205],[30.2824712,59.9233718],[30.2823918,59.9235108]]]},"properties":{"layer":"context","id":"H282","name":"Жилой дом (ул. Декабристов)","kind":"context","info":"Рядовая историческая застройка: ул. Декабристов. Схематично.","approx":false,"height":20.6,"floors":5,"generated":true}},{"type":"Feature","geometry":{"type":"Polygon","coordinates":[[[30.2830163,59.9236003],[30.2823918,59.9235108],[30.28246,59.9233913],[30.2830846,59.9234809],[30.2830163,59.9236003]]]},"properties":{"layer":"context","id":"H283","name":"Жилой дом (ул. Декабристов)","kind":"context","info":"Рядовая историческая застройка: ул. Декабристов. Схематично.","approx":false,"height":24.5,"floors":6,"generated":true}},{"type":"Feature","geometry":{"type":"Polygon","coordinates":[[[30.2830846,59.9234809],[30.2829091,59.9234557],[30.2830217,59.9232587],[30.2831972,59.9232838],[30.2830846,59.9234809]]]},"properties":{"layer":"context","id":"H284","name":"Дворовый флигель (ул. Декабристов)","kind":"context","info":"Дворовый флигель рядовой застройки. Схематично.","approx":false,"height":20,"floors":5,"generated":true}},{"type":"Feature","geometry":{"type":"Polygon","coordinates":[[[30.2835832,59.9236816],[30.2830163,59.9236003],[30.2830873,59.9234761],[30.2836542,59.9235574],[30.2835832,59.9236816]]]},"properties":{"layer":"context","id":"H285","name":"Жилой дом (ул. Декабристов)","kind":"context","info":"Рядовая историческая застройка: ул. Декабристов. Схематично.","approx":false,"height":24.7,"floors":6,"generated":true}},{"type":"Feature","geometry":{"type":"Polygon","coordinates":[[[30.2832753,59.9235031],[30.2830873,59.9234761],[30.2831852,59.9233049],[30.2833732,59.9233319],[30.2832753,59.9235031]]]},"properties":{"layer":"context","id":"H286","name":"Дворовый флигель (ул. Декабристов)","kind":"context","info":"Дворовый флигель рядовой застройки. Схематично.","approx":false,"height":20,"floors":5,"generated":true}},{"type":"Feature","geometry":{"type":"Polygon","coordinates":[[[30.2838341,59.9237176],[30.2835832,59.9236816],[30.2836637,59.9235407],[30.2839147,59.9235767],[30.2838341,59.9237176]]]},"properties":{"layer":"context","id":"H287","name":"Жилой дом (ул. Декабристов)","kind":"context","info":"Рядовая историческая застройка: ул. Декабристов. Схематично.","approx":false,"height":17.2,"floors":4,"generated":true}},{"type":"Feature","geometry":{"type":"Polygon","coordinates":[[[30.2847811,59.9238534],[30.2842649,59.9237794],[30.2843388,59.92365],[30.284855,59.9237241],[30.2847811,59.9238534]]]},"properties":{"layer":"context","id":"H288","name":"Жилой дом (ул. Декабристов)","kind":"context","info":"Рядовая историческая застройка: ул. Декабристов. Схематично.","approx":false,"height":18.2,"floors":4,"generated":true}},{"type":"Feature","geometry":{"type":"Polygon","coordinates":[[[30.2852252,59.9239171],[30.2847811,59.9238534],[30.2848571,59.9237205],[30.2853012,59.9237842],[30.2852252,59.9239171]]]},"properties":{"layer":"context","id":"H289","name":"Жилой дом (ул. Декабристов)","kind":"context","info":"Рядовая историческая застройка: ул. Декабристов. Схематично.","approx":false,"height":18.1,"floors":4,"generated":true}},{"type":"Feature","geometry":{"type":"Polygon","coordinates":[[[30.2853012,59.9237842],[30.2850773,59.9237521],[30.2851915,59.9235523],[30.2854155,59.9235844],[30.2853012,59.9237842]]]},"properties":{"layer":"context","id":"H290","name":"Дворовый флигель (ул. Декабристов)","kind":"context","info":"Дворовый флигель рядовой застройки. Схематично.","approx":false,"height":16.6,"floors":4,"generated":true}},{"type":"Feature","geometry":{"type":"Polygon","coordinates":[[[30.2858361,59.9240047],[30.2852252,59.9239171],[30.2853075,59.9237732],[30.2859183,59.9238608],[30.2858361,59.9240047]]]},"properties":{"layer":"context","id":"H291","name":"Жилой дом (ул. Декабристов)","kind":"context","info":"Рядовая историческая застройка: ул. Декабристов. Схематично.","approx":false,"height":24.7,"floors":6,"generated":true}},{"type":"Feature","geometry":{"type":"Polygon","coordinates":[[[30.2861937,59.924056],[30.2858361,59.9240047],[30.2859072,59.9238802],[30.2862649,59.9239315],[30.2861937,59.924056]]]},"properties":{"layer":"context","id":"H292","name":"Жилой дом (ул. Декабристов)","kind":"context","info":"Рядовая историческая застройка: ул. Декабристов. Схематично.","approx":false,"height":24.9,"floors":6,"generated":true}},{"type":"Feature","geometry":{"type":"Polygon","coordinates":[[[30.2860878,59.9239061],[30.2859072,59.9238802],[30.2860018,59.9237147],[30.2861825,59.9237406],[30.2860878,59.9239061]]]},"properties":{"layer":"context","id":"H293","name":"Дворовый флигель (ул. Декабристов)","kind":"context","info":"Дворовый флигель рядовой застройки. Схематично.","approx":false,"height":23.4,"floors":6,"generated":true}},{"type":"Feature","geometry":{"type":"Polygon","coordinates":[[[30.2866809,59.9241259],[30.2861937,59.924056],[30.2862623,59.9239361],[30.2867494,59.9240059],[30.2866809,59.9241259]]]},"properties":{"layer":"context","id":"H294","name":"Жилой дом (ул. Декабристов)","kind":"context","info":"Рядовая историческая застройка: ул. Декабристов. Схематично.","approx":false,"height":24.8,"floors":6,"generated":true}},{"type":"Feature","geometry":{"type":"Polygon","coordinates":[[[30.2867494,59.9240059],[30.2865539,59.9239779],[30.2866508,59.9238084],[30.2868464,59.9238364],[30.2867494,59.9240059]]]},"properties":{"layer":"context","id":"H295","name":"Дворовый флигель (ул. Декабристов)","kind":"context","info":"Дворовый флигель рядовой застройки. Схематично.","approx":false,"height":23.4,"floors":6,"generated":true}},{"type":"Feature","geometry":{"type":"Polygon","coordinates":[[[30.2869904,59.9241702],[30.2866809,59.9241259],[30.286762,59.923984],[30.2870716,59.9240284],[30.2869904,59.9241702]]]},"properties":{"layer":"context","id":"H296","name":"Жилой дом (ул. Декабристов)","kind":"context","info":"Рядовая историческая застройка: ул. Декабристов. Схематично.","approx":false,"height":17.3,"floors":4,"generated":true}},{"type":"Feature","geometry":{"type":"Polygon","coordinates":[[[30.287373,59.9242251],[30.2869904,59.9241702],[30.2870608,59.9240472],[30.2874434,59.9241021],[30.287373,59.9242251]]]},"properties":{"layer":"context","id":"H297","name":"Жилой дом (ул. Декабристов)","kind":"context","info":"Рядовая историческая застройка: ул. Декабристов. Схематично.","approx":false,"height":24.3,"floors":6,"generated":true}},{"type":"Feature","geometry":{"type":"Polygon","coordinates":[[[30.2872518,59.9240746],[30.2870608,59.9240472],[30.2872224,59.9237645],[30.2874134,59.9237919],[30.2872518,59.9240746]]]},"properties":{"layer":"context","id":"H298","name":"Дворовый флигель (ул. Декабристов)","kind":"context","info":"Дворовый флигель рядовой застройки. Схематично.","approx":false,"height":20,"floors":5,"generated":true}},{"type":"Feature","geometry":{"type":"Polygon","coordinates":[[[30.2881186,59.924332],[30.2878038,59.9242869],[30.2878736,59.9241647],[30.2881884,59.9242098],[30.2881186,59.924332]]]},"properties":{"layer":"context","id":"H299","name":"Жилой дом (ул. Декабристов)","kind":"context","info":"Рядовая историческая застройка: ул. Декабристов. Схематично.","approx":false,"height":24.2,"floors":6,"generated":true}},{"type":"Feature","geometry":{"type":"Polygon","coordinates":[[[30.2881884,59.9242098],[30.2879929,59.9241818],[30.2881222,59.9239556],[30.2883178,59.9239836],[30.2881884,59.9242098]]]},"properties":{"layer":"context","id":"H300","name":"Дворовый флигель (ул. Декабристов)","kind":"context","info":"Дворовый флигель рядовой застройки. Схематично.","approx":false,"height":23.4,"floors":6,"generated":true}},{"type":"Feature","geometry":{"type":"Polygon","coordinates":[[[30.2887626,59.9244244],[30.2881186,59.924332],[30.2881927,59.9242025],[30.2888367,59.9242948],[30.2887626,59.9244244]]]},"properties":{"layer":"context","id":"H301","name":"Жилой дом (ул. Декабристов)","kind":"context","info":"Рядовая историческая застройка: ул. Декабристов. Схематично.","approx":false,"height":17.7,"floors":4,"generated":true}},{"type":"Feature","geometry":{"type":"Polygon","coordinates":[[[30.2892281,59.9244912],[30.2887626,59.9244244],[30.2888307,59.9243054],[30.2892962,59.9243721],[30.2892281,59.9244912]]]},"properties":{"layer":"context","id":"H302","name":"Жилой дом (ул. Декабристов)","kind":"context","info":"Рядовая историческая застройка: ул. Декабристов. Схематично.","approx":false,"height":17.5,"floors":4,"generated":true}},{"type":"Feature","geometry":{"type":"Polygon","coordinates":[[[30.2890258,59.9243334],[30.2888307,59.9243054],[30.2889126,59.9241622],[30.2891077,59.9241901],[30.2890258,59.9243334]]]},"properties":{"layer":"context","id":"H303","name":"Дворовый флигель (ул. Декабристов)","kind":"context","info":"Дворовый флигель рядовой застройки. Схематично.","approx":false,"height":16.6,"floors":4,"generated":true}},{"type":"Feature","geometry":{"type":"Polygon","coordinates":[[[30.2896136,59.9245464],[30.2892281,59.9244912],[30.2893033,59.9243597],[30.2896887,59.924415],[30.2896136,59.9245464]]]},"properties":{"layer":"context","id":"H304","name":"Жилой дом (ул. Декабристов)","kind":"context","info":"Рядовая историческая застройка: ул. Декабристов. Схематично.","approx":false,"height":18,"floors":4,"generated":true}},{"type":"Feature","geometry":{"type":"Polygon","coordinates":[[[30.2902092,59.9246318],[30.2896136,59.9245464],[30.2896835,59.9244241],[30.2902791,59.9245095],[30.2902092,59.9246318]]]},"properties":{"layer":"context","id":"H305","name":"Жилой дом (ул. Декабристов)","kind":"context","info":"Рядовая историческая застройка: ул. Декабристов. Схематично.","approx":false,"height":21.5,"floors":5,"generated":true}},{"type":"Feature","geometry":{"type":"Polygon","coordinates":[[[30.2898824,59.9244526],[30.2896835,59.9244241],[30.2898193,59.9241866],[30.2900182,59.9242151],[30.2898824,59.9244526]]]},"properties":{"layer":"context","id":"H306","name":"Дворовый флигель (ул. Декабристов)","kind":"context","info":"Дворовый флигель рядовой застройки. Схематично.","approx":false,"height":16.6,"floors":4,"generated":true}},{"type":"Feature","geometry":{"type":"Polygon","coordinates":[[[30.2905886,59.9246863],[30.2902092,59.9246318],[30.290292,59.924487],[30.2906714,59.9245415],[30.2905886,59.9246863]]]},"properties":{"layer":"context","id":"H307","name":"Жилой дом (ул. Декабристов)","kind":"context","info":"Рядовая историческая застройка: ул. Декабристов. Схематично.","approx":false,"height":17.9,"floors":4,"generated":true}},{"type":"Feature","geometry":{"type":"Polygon","coordinates":[[[30.2904981,59.9245166],[30.290292,59.924487],[30.2903737,59.9243441],[30.2905798,59.9243737],[30.2904981,59.9245166]]]},"properties":{"layer":"context","id":"H308","name":"Дворовый флигель (ул. Декабристов)","kind":"context","info":"Дворовый флигель рядовой застройки. Схематично.","approx":false,"height":13.2,"floors":3,"generated":true}},{"type":"Feature","geometry":{"type":"Polygon","coordinates":[[[30.2907473,59.924709],[30.2905886,59.9246863],[30.2906688,59.924546],[30.2908275,59.9245687],[30.2907473,59.924709]]]},"properties":{"layer":"context","id":"H309","name":"Жилой дом (ул. Декабристов)","kind":"context","info":"Рядовая историческая застройка: ул. Декабристов. Схематично.","approx":false,"height":17.7,"floors":4,"generated":true}},{"type":"Feature","geometry":{"type":"Polygon","coordinates":[[[30.2836743,59.9199788],[30.283528,59.9202352],[30.283257,59.9201964],[30.2834032,59.91994],[30.2836743,59.9199788]]]},"properties":{"layer":"context","id":"H310","name":"Жилой дом (ул. Писарева)","kind":"context","info":"Рядовая историческая застройка: ул. Писарева. Схематично.","approx":false,"height":24.3,"floors":6,"generated":true}},{"type":"Feature","geometry":{"type":"Polygon","coordinates":[[[30.283528,59.9202352],[30.2833437,59.9205582],[30.2830986,59.9205231],[30.2832829,59.9202001],[30.283528,59.9202352]]]},"properties":{"layer":"context","id":"H311","name":"Жилой дом (ул. Писарева)","kind":"context","info":"Рядовая историческая застройка: ул. Писарева. Схематично.","approx":false,"height":20.8,"floors":5,"generated":true}},{"type":"Feature","geometry":{"type":"Polygon","coordinates":[[[30.2832829,59.9202001],[30.2832257,59.9203005],[30.2828074,59.9202406],[30.2828646,59.9201402],[30.2832829,59.9202001]]]},"properties":{"layer":"context","id":"H312","name":"Дворовый флигель (ул. Писарева)","kind":"context","info":"Дворовый флигель рядовой застройки. Схематично.","approx":false,"height":20,"floors":5,"generated":true}},{"type":"Feature","geometry":{"type":"Polygon","coordinates":[[[30.2833437,59.9205582],[30.2832103,59.9207921],[30.2829212,59.9207507],[30.2830546,59.9205168],[30.2833437,59.9205582]]]},"properties":{"layer":"context","id":"H313","name":"Жилой дом (ул. Писарева)","kind":"context","info":"Рядовая историческая застройка: ул. Писарева. Схематично.","approx":false,"height":18,"floors":4,"generated":true}},{"type":"Feature","geometry":{"type":"Polygon","coordinates":[[[30.2830546,59.9205168],[30.2830012,59.9206104],[30.2826095,59.9205544],[30.2826629,59.9204608],[30.2830546,59.9205168]]]},"properties":{"layer":"context","id":"H314","name":"Дворовый флигель (ул. Писарева)","kind":"context","info":"Дворовый флигель рядовой застройки. Схематично.","approx":false,"height":16.6,"floors":4,"generated":true}},{"type":"Feature","geometry":{"type":"Polygon","coordinates":[[[30.2832103,59.9207921],[30.2830286,59.9211106],[30.2827683,59.9210733],[30.2829499,59.9207548],[30.2832103,59.9207921]]]},"properties":{"layer":"context","id":"H315","name":"Жилой дом (ул. Писарева)","kind":"context","info":"Рядовая историческая застройка: ул. Писарева. Схематично.","approx":false,"height":20.5,"floors":5,"generated":true}},{"type":"Feature","geometry":{"type":"Polygon","coordinates":[[[30.2830286,59.9211106],[30.2829082,59.9213217],[30.282664,59.9212867],[30.2827844,59.9210756],[30.2830286,59.9211106]]]},"properties":{"layer":"context","id":"H316","name":"Жилой дом (ул. Писарева)","kind":"context","info":"Рядовая историческая застройка: ул. Писарева. Схематично.","approx":false,"height":17.8,"floors":4,"generated":true}},{"type":"Feature","geometry":{"type":"Polygon","coordinates":[[[30.2829082,59.9213217],[30.2827941,59.9215218],[30.2825633,59.9214887],[30.2826774,59.9212887],[30.2829082,59.9213217]]]},"properties":{"layer":"context","id":"H317","name":"Жилой дом (ул. Писарева)","kind":"context","info":"Рядовая историческая застройка: ул. Писарева. Схематично.","approx":false,"height":24.3,"floors":6,"generated":true}},{"type":"Feature","geometry":{"type":"Polygon","coordinates":[[[30.2826216,59.9213866],[30.2825633,59.9214887],[30.282161,59.9214312],[30.2822192,59.921329],[30.2826216,59.9213866]]]},"properties":{"layer":"context","id":"H318","name":"Дворовый флигель (ул. Писарева)","kind":"context","info":"Дворовый флигель рядовой застройки. Схематично.","approx":false,"height":20,"floors":5,"generated":true}},{"type":"Feature","geometry":{"type":"Polygon","coordinates":[[[30.2827941,59.9215218],[30.2827165,59.9216578],[30.2824295,59.9216167],[30.2825071,59.9214807],[30.2827941,59.9215218]]]},"properties":{"layer":"context","id":"H319","name":"Жилой дом (ул. Писарева)","kind":"context","info":"Рядовая историческая застройка: ул. Писарева. Схематично.","approx":false,"height":24.6,"floors":6,"generated":true}},{"type":"Feature","geometry":{"type":"Polygon","coordinates":[[[30.2826426,59.9217872],[30.2825328,59.9219798],[30.2822714,59.9219424],[30.2823813,59.9217498],[30.2826426,59.9217872]]]},"properties":{"layer":"context","id":"H320","name":"Жилой дом (ул. Писарева)","kind":"context","info":"Рядовая историческая застройка: ул. Писарева. Схематично.","approx":false,"height":24.1,"floors":6,"generated":true}},{"type":"Feature","geometry":{"type":"Polygon","coordinates":[[[30.2825328,59.9219798],[30.2823729,59.9222601],[30.2821082,59.9222223],[30.2822682,59.9219419],[30.2825328,59.9219798]]]},"properties":{"layer":"context","id":"H321","name":"Жилой дом (ул. Писарева)","kind":"context","info":"Рядовая историческая застройка: ул. Писарева. Схематично.","approx":false,"height":17.6,"floors":4,"generated":true}},{"type":"Feature","geometry":{"type":"Polygon","coordinates":[[[30.2822682,59.9219419],[30.2822162,59.922033],[30.2818148,59.9219756],[30.2818668,59.9218845],[30.2822682,59.9219419]]]},"properties":{"layer":"context","id":"H322","name":"Дворовый флигель (ул. Писарева)","kind":"context","info":"Дворовый флигель рядовой застройки. Схематично.","approx":false,"height":13.2,"floors":3,"generated":true}},{"type":"Feature","geometry":{"type":"Polygon","coordinates":[[[30.2823729,59.9222601],[30.2822915,59.9224027],[30.282017,59.9223634],[30.2820983,59.9222208],[30.2823729,59.9222601]]]},"properties":{"layer":"context","id":"H323","name":"Жилой дом (ул. Писарева)","kind":"context","info":"Рядовая историческая застройка: ул. Писарева. Схематично.","approx":false,"height":17.3,"floors":4,"generated":true}},{"type":"Feature","geometry":{"type":"Polygon","coordinates":[[[30.2822915,59.9224027],[30.2821414,59.9226659],[30.2818949,59.9226306],[30.282045,59.9223674],[30.2822915,59.9224027]]]},"properties":{"layer":"context","id":"H324","name":"Жилой дом (ул. Писарева)","kind":"context","info":"Рядовая историческая застройка: ул. Писарева. Схематично.","approx":false,"height":20.4,"floors":5,"generated":true}},{"type":"Feature","geometry":{"type":"Polygon","coordinates":[[[30.2821414,59.9226659],[30.2819774,59.9229534],[30.2816937,59.9229128],[30.2818577,59.9226253],[30.2821414,59.9226659]]]},"properties":{"layer":"context","id":"H325","name":"Жилой дом (ул. Писарева)","kind":"context","info":"Рядовая историческая застройка: ул. Писарева. Схематично.","approx":false,"height":20.8,"floors":5,"generated":true}},{"type":"Feature","geometry":{"type":"Polygon","coordinates":[[[30.2817458,59.9228214],[30.2816937,59.9229128],[30.2811494,59.9228349],[30.2812016,59.9227435],[30.2817458,59.9228214]]]},"properties":{"layer":"context","id":"H326","name":"Дворовый флигель (ул. Писарева)","kind":"context","info":"Дворовый флигель рядовой застройки. Схематично.","approx":false,"height":16.6,"floors":4,"generated":true}},{"type":"Feature","geometry":{"type":"Polygon","coordinates":[[[30.2819774,59.9229534],[30.2818579,59.9231628],[30.2815737,59.9231222],[30.2816932,59.9229127],[30.2819774,59.9229534]]]},"properties":{"layer":"context","id":"H327","name":"Жилой дом (ул. Писарева)","kind":"context","info":"Рядовая историческая застройка: ул. Писарева. Схематично.","approx":false,"height":24.9,"floors":6,"generated":true}},{"type":"Feature","geometry":{"type":"Polygon","coordinates":[[[30.2816932,59.9229127],[30.2816333,59.9230177],[30.2812605,59.9229644],[30.2813204,59.9228594],[30.2816932,59.9229127]]]},"properties":{"layer":"context","id":"H328","name":"Дворовый флигель (ул. Писарева)","kind":"context","info":"Дворовый флигель рядовой застройки. Схематично.","approx":false,"height":20,"floors":5,"generated":true}},{"type":"Feature","geometry":{"type":"Polygon","coordinates":[[[30.2816089,59.923771],[30.2815578,59.9240404],[30.2813101,59.9240286],[30.2813612,59.9237593],[30.2816089,59.923771]]]},"properties":{"layer":"context","id":"H329","name":"Жилой дом (ул. Писарева)","kind":"context","info":"Рядовая историческая застройка: ул. Писарева. Схематично.","approx":false,"height":24.4,"floors":6,"generated":true}},{"type":"Feature","geometry":{"type":"Polygon","coordinates":[[[30.2813318,59.9239144],[30.2813101,59.9240286],[30.2807574,59.9240023],[30.280779,59.9238881],[30.2813318,59.9239144]]]},"properties":{"layer":"context","id":"H330","name":"Дворовый флигель (ул. Писарева)","kind":"context","info":"Дворовый флигель рядовой застройки. Схематично.","approx":false,"height":20,"floors":5,"generated":true}},{"type":"Feature","geometry":{"type":"Polygon","coordinates":[[[30.2815578,59.9240404],[30.2815287,59.9241935],[30.2812771,59.9241815],[30.2813062,59.9240284],[30.2815578,59.9240404]]]},"properties":{"layer":"context","id":"H331","name":"Жилой дом (ул. Писарева)","kind":"context","info":"Рядовая историческая застройка: ул. Писарева. Схематично.","approx":false,"height":20.7,"floors":5,"generated":true}},{"type":"Feature","geometry":{"type":"Polygon","coordinates":[[[30.2815287,59.9241935],[30.2814804,59.924448],[30.2812096,59.9244351],[30.2812579,59.9241806],[30.2815287,59.9241935]]]},"properties":{"layer":"context","id":"H332","name":"Жилой дом (ул. Писарева)","kind":"context","info":"Рядовая историческая застройка: ул. Писарева. Схематично.","approx":false,"height":24.7,"floors":6,"generated":true}},{"type":"Feature","geometry":{"type":"Polygon","coordinates":[[[30.2812579,59.9241806],[30.2812364,59.9242943],[30.2806382,59.9242658],[30.2806598,59.9241521],[30.2812579,59.9241806]]]},"properties":{"layer":"context","id":"H333","name":"Дворовый флигель (ул. Писарева)","kind":"context","info":"Дворовый флигель рядовой застройки. Схематично.","approx":false,"height":20,"floors":5,"generated":true}},{"type":"Feature","geometry":{"type":"Polygon","coordinates":[[[30.2814804,59.924448],[30.2814252,59.9247389],[30.2811655,59.9247265],[30.2812207,59.9244356],[30.2814804,59.924448]]]},"properties":{"layer":"context","id":"H334","name":"Жилой дом (ул. Писарева)","kind":"context","info":"Рядовая историческая застройка: ул. Писарева. Схематично.","approx":false,"height":24.7,"floors":6,"generated":true}},{"type":"Feature","geometry":{"type":"Polygon","coordinates":[[[30.2814252,59.9247389],[30.2813854,59.924949],[30.281102,59.9249355],[30.2811418,59.9247254],[30.2814252,59.9247389]]]},"properties":{"layer":"context","id":"H335","name":"Жилой дом (ул. Писарева)","kind":"context","info":"Рядовая историческая застройка: ул. Писарева. Схематично.","approx":false,"height":24.9,"floors":6,"generated":true}},{"type":"Feature","geometry":{"type":"Polygon","coordinates":[[[30.2811418,59.9247254],[30.2811224,59.924828],[30.2805709,59.9248017],[30.2805903,59.9246992],[30.2811418,59.9247254]]]},"properties":{"layer":"context","id":"H336","name":"Дворовый флигель (ул. Писарева)","kind":"context","info":"Дворовый флигель рядовой застройки. Схематично.","approx":false,"height":23.4,"floors":6,"generated":true}},{"type":"Feature","geometry":{"type":"Polygon","coordinates":[[[30.2813854,59.924949],[30.2813459,59.9251568],[30.2810807,59.9251442],[30.2811201,59.9249363],[30.2813854,59.924949]]]},"properties":{"layer":"context","id":"H337","name":"Жилой дом (ул. Писарева)","kind":"context","info":"Рядовая историческая застройка: ул. Писарева. Схематично.","approx":false,"height":20.8,"floors":5,"generated":true}},{"type":"Feature","geometry":{"type":"Polygon","coordinates":[[[30.2810986,59.9250497],[30.2810807,59.9251442],[30.280569,59.9251198],[30.2805869,59.9250253],[30.2810986,59.9250497]]]},"properties":{"layer":"context","id":"H338","name":"Дворовый флигель (ул. Писарева)","kind":"context","info":"Дворовый флигель рядовой застройки. Схематично.","approx":false,"height":16.6,"floors":4,"generated":true}},{"type":"Feature","geometry":{"type":"Polygon","coordinates":[[[30.2813036,59.9253802],[30.2812472,59.9256772],[30.2809765,59.9256643],[30.2810328,59.9253673],[30.2813036,59.9253802]]]},"properties":{"layer":"context","id":"H339","name":"Жилой дом (ул. Писарева)","kind":"context","info":"Рядовая историческая застройка: ул. Писарева. Схематично.","approx":false,"height":17.5,"floors":4,"generated":true}},{"type":"Feature","geometry":{"type":"Polygon","coordinates":[[[30.2810328,59.9253673],[30.2810139,59.9254672],[30.2804692,59.9254413],[30.2804881,59.9253414],[30.2810328,59.9253673]]]},"properties":{"layer":"context","id":"H340","name":"Дворовый флигель (ул. Писарева)","kind":"context","info":"Дворовый флигель рядовой застройки. Схематично.","approx":false,"height":16.6,"floors":4,"generated":true}},{"type":"Feature","geometry":{"type":"Polygon","coordinates":[[[30.2812472,59.9256772],[30.2812049,59.9259002],[30.2809096,59.9258861],[30.2809519,59.9256632],[30.2812472,59.9256772]]]},"properties":{"layer":"context","id":"H341","name":"Жилой дом (ул. Писарева)","kind":"context","info":"Рядовая историческая застройка: ул. Писарева. Схематично.","approx":false,"height":21.5,"floors":5,"generated":true}},{"type":"Feature","geometry":{"type":"Polygon","coordinates":[[[30.2809276,59.9257909],[30.2809096,59.9258861],[30.2804876,59.9258661],[30.2805057,59.9257708],[30.2809276,59.9257909]]]},"properties":{"layer":"context","id":"H342","name":"Дворовый флигель (ул. Писарева)","kind":"context","info":"Дворовый флигель рядовой застройки. Схематично.","approx":false,"height":20,"floors":5,"generated":true}},{"type":"Feature","geometry":{"type":"Polygon","coordinates":[[[30.2812049,59.9259002],[30.2811452,59.9262147],[30.280853,59.9262008],[30.2809127,59.9258863],[30.2812049,59.9259002]]]},"properties":{"layer":"context","id":"H343","name":"Жилой дом (ул. Писарева)","kind":"context","info":"Рядовая историческая застройка: ул. Писарева. Схематично.","approx":false,"height":25,"floors":6,"generated":true}},{"type":"Feature","geometry":{"type":"Polygon","coordinates":[[[30.2811452,59.9262147],[30.281113,59.9263849],[30.2808348,59.9263716],[30.2808671,59.9262015],[30.2811452,59.9262147]]]},"properties":{"layer":"context","id":"H344","name":"Жилой дом (ул. Писарева)","kind":"context","info":"Рядовая историческая застройка: ул. Писарева. Схематично.","approx":false,"height":24.5,"floors":6,"generated":true}},{"type":"Feature","geometry":{"type":"Polygon","coordinates":[[[30.2808544,59.9262684],[30.2808348,59.9263716],[30.2804486,59.9263533],[30.2804682,59.92625],[30.2808544,59.9262684]]]},"properties":{"layer":"context","id":"H345","name":"Дворовый флигель (ул. Писарева)","kind":"context","info":"Дворовый флигель рядовой застройки. Схематично.","approx":false,"height":20,"floors":5,"generated":true}},{"type":"Feature","geometry":{"type":"Polygon","coordinates":[[[30.2809858,59.927055],[30.2809629,59.9271756],[30.2806783,59.927162],[30.2807011,59.9270415],[30.2809858,59.927055]]]},"properties":{"layer":"context","id":"H346","name":"Жилой дом (ул. Писарева)","kind":"context","info":"Рядовая историческая застройка: ул. Писарева. Схематично.","approx":false,"height":17.3,"floors":4,"generated":true}},{"type":"Feature","geometry":{"type":"Polygon","coordinates":[[[30.283826,59.9202748],[30.2839706,59.9200212],[30.2842453,59.9200605],[30.2841007,59.9203141],[30.283826,59.9202748]]]},"properties":{"layer":"context","id":"H347","name":"Жилой дом (ул. Писарева)","kind":"context","info":"Рядовая историческая застройка: ул. Писарева. Схематично.","approx":false,"height":17.4,"floors":4,"generated":true}},{"type":"Feature","geometry":{"type":"Polygon","coordinates":[[[30.2837378,59.9204295],[30.283826,59.9202748],[30.2840864,59.920312],[30.2839982,59.9204667],[30.2837378,59.9204295]]]},"properties":{"layer":"context","id":"H348","name":"Жилой дом (ул. Писарева)","kind":"context","info":"Рядовая историческая застройка: ул. Писарева. Схематично.","approx":false,"height":25,"floors":6,"generated":true}},{"type":"Feature","geometry":{"type":"Polygon","coordinates":[[[30.2836135,59.9206473],[30.2837378,59.9204295],[30.2840055,59.9204678],[30.2838812,59.9206857],[30.2836135,59.9206473]]]},"properties":{"layer":"context","id":"H349","name":"Жилой дом (ул. Писарева)","kind":"context","info":"Рядовая историческая застройка: ул. Писарева. Схематично.","approx":false,"height":18.1,"floors":4,"generated":true}},{"type":"Feature","geometry":{"type":"Polygon","coordinates":[[[30.2838812,59.9206857],[30.2839403,59.920582],[30.2845081,59.9206632],[30.2844489,59.9207669],[30.2838812,59.9206857]]]},"properties":{"layer":"context","id":"H350","name":"Дворовый флигель (ул. Писарева)","kind":"context","info":"Дворовый флигель рядовой застройки. Схематично.","approx":false,"height":13.2,"floors":3,"generated":true}},{"type":"Feature","geometry":{"type":"Polygon","coordinates":[[[30.2834901,59.9208636],[30.2836135,59.9206473],[30.2838557,59.920682],[30.2837323,59.9208983],[30.2834901,59.9208636]]]},"properties":{"layer":"context","id":"H351","name":"Жилой дом (ул. Писарева)","kind":"context","info":"Рядовая историческая застройка: ул. Писарева. Схематично.","approx":false,"height":23.9,"floors":6,"generated":true}},{"type":"Feature","geometry":{"type":"Polygon","coordinates":[[[30.2837323,59.9208983],[30.2837901,59.920797],[30.2843649,59.9208792],[30.2843072,59.9209805],[30.2837323,59.9208983]]]},"properties":{"layer":"context","id":"H352","name":"Дворовый флигель (ул. Писарева)","kind":"context","info":"Дворовый флигель рядовой застройки. Схематично.","approx":false,"height":20,"floors":5,"generated":true}},{"type":"Feature","geometry":{"type":"Polygon","coordinates":[[[30.2833332,59.9211387],[30.2834901,59.9208636],[30.2837629,59.9209026],[30.283606,59.9211777],[30.2833332,59.9211387]]]},"properties":{"layer":"context","id":"H353","name":"Жилой дом (ул. Писарева)","kind":"context","info":"Рядовая историческая застройка: ул. Писарева. Схематично.","approx":false,"height":17.4,"floors":4,"generated":true}},{"type":"Feature","geometry":{"type":"Polygon","coordinates":[[[30.2832017,59.9213691],[30.2833332,59.9211387],[30.2835869,59.921175],[30.2834555,59.9214054],[30.2832017,59.9213691]]]},"properties":{"layer":"context","id":"H354","name":"Жилой дом (ул. Писарева)","kind":"context","info":"Рядовая историческая застройка: ул. Писарева. Схематично.","approx":false,"height":20.9,"floors":5,"generated":true}},{"type":"Feature","geometry":{"type":"Polygon","coordinates":[[[30.2831053,59.9215382],[30.2832017,59.9213691],[30.2834422,59.9214035],[30.2833458,59.9215726],[30.2831053,59.9215382]]]},"properties":{"layer":"context","id":"H355","name":"Жилой дом (ул. Писарева)","kind":"context","info":"Рядовая историческая застройка: ул. Писарева. Схематично.","approx":false,"height":21,"floors":5,"generated":true}},{"type":"Feature","geometry":{"type":"Polygon","coordinates":[[[30.2830197,59.9216881],[30.2831053,59.9215382],[30.2833966,59.9215799],[30.2833111,59.9217298],[30.2830197,59.9216881]]]},"properties":{"layer":"context","id":"H356","name":"Жилой дом (ул. Писарева)","kind":"context","info":"Рядовая историческая застройка: ул. Писарева. Схематично.","approx":false,"height":20.5,"floors":5,"generated":true}},{"type":"Feature","geometry":{"type":"Polygon","coordinates":[[[30.2833111,59.9217298],[30.2833737,59.92162],[30.2838548,59.9216888],[30.2837921,59.9217986],[30.2833111,59.9217298]]]},"properties":{"layer":"context","id":"H357","name":"Дворовый флигель (ул. Писарева)","kind":"context","info":"Дворовый флигель рядовой застройки. Схематично.","approx":false,"height":16.6,"floors":4,"generated":true}},{"type":"Feature","geometry":{"type":"Polygon","coordinates":[[[30.2827743,59.9221184],[30.2829213,59.9218607],[30.2831479,59.9218931],[30.2830009,59.9221508],[30.2827743,59.9221184]]]},"properties":{"layer":"context","id":"H358","name":"Жилой дом (ул. Писарева)","kind":"context","info":"Рядовая историческая застройка: ул. Писарева. Схематично.","approx":false,"height":20.4,"floors":5,"generated":true}},{"type":"Feature","geometry":{"type":"Polygon","coordinates":[[[30.2830983,59.9219801],[30.2831479,59.9218931],[30.2836115,59.9219595],[30.2835619,59.9220464],[30.2830983,59.9219801]]]},"properties":{"layer":"context","id":"H359","name":"Дворовый флигель (ул. Писарева)","kind":"context","info":"Дворовый флигель рядовой застройки. Схематично.","approx":false,"height":20,"floors":5,"generated":true}},{"type":"Feature","geometry":{"type":"Polygon","coordinates":[[[30.2826357,59.9223613],[30.2827743,59.9221184],[30.2829988,59.9221505],[30.2828602,59.9223934],[30.2826357,59.9223613]]]},"properties":{"layer":"context","id":"H360","name":"Жилой дом (ул. Писарева)","kind":"context","info":"Рядовая историческая застройка: ул. Писарева. Схематично.","approx":false,"height":17.8,"floors":4,"generated":true}},{"type":"Feature","geometry":{"type":"Polygon","coordinates":[[[30.2828602,59.9223934],[30.2829099,59.9223064],[30.2832541,59.9223556],[30.2832045,59.9224427],[30.2828602,59.9223934]]]},"properties":{"layer":"context","id":"H361","name":"Дворовый флигель (ул. Писарева)","kind":"context","info":"Дворовый флигель рядовой застройки. Схематично.","approx":false,"height":13.2,"floors":3,"generated":true}},{"type":"Feature","geometry":{"type":"Polygon","coordinates":[[[30.2824808,59.9226329],[30.2826357,59.9223613],[30.2829272,59.922403],[30.2827723,59.9226746],[30.2824808,59.9226329]]]},"properties":{"layer":"context","id":"H362","name":"Жилой дом (ул. Писарева)","kind":"context","info":"Рядовая историческая застройка: ул. Писарева. Схематично.","approx":false,"height":18.1,"floors":4,"generated":true}},{"type":"Feature","geometry":{"type":"Polygon","coordinates":[[[30.2827723,59.9226746],[30.2828334,59.9225676],[30.283202,59.9226204],[30.283141,59.9227273],[30.2827723,59.9226746]]]},"properties":{"layer":"context","id":"H363","name":"Дворовый флигель (ул. Писарева)","kind":"context","info":"Дворовый флигель рядовой застройки. Схематично.","approx":false,"height":13.2,"floors":3,"generated":true}},{"type":"Feature","geometry":{"type":"Polygon","coordinates":[[[30.2823936,59.9227858],[30.2824808,59.9226329],[30.282721,59.9226672],[30.2826337,59.9228202],[30.2823936,59.9227858]]]},"properties":{"layer":"context","id":"H364","name":"Жилой дом (ул. Писарева)","kind":"context","info":"Рядовая историческая застройка: ул. Писарева. Схематично.","approx":false,"height":20.8,"floors":5,"generated":true}},{"type":"Feature","geometry":{"type":"Polygon","coordinates":[[[30.2826337,59.9228202],[30.2826946,59.9227134],[30.2829991,59.9227569],[30.2829382,59.9228637],[30.2826337,59.9228202]]]},"properties":{"layer":"context","id":"H365","name":"Дворовый флигель (ул. Писарева)","kind":"context","info":"Дворовый флигель рядовой застройки. Схематично.","approx":false,"height":16.6,"floors":4,"generated":true}},{"type":"Feature","geometry":{"type":"Polygon","coordinates":[[[30.2822924,59.9229631],[30.2823936,59.9227858],[30.2826697,59.9228253],[30.2825685,59.9230026],[30.2822924,59.9229631]]]},"properties":{"layer":"context","id":"H366","name":"Жилой дом (ул. Писарева)","kind":"context","info":"Рядовая историческая застройка: ул. Писарева. Схематично.","approx":false,"height":17.4,"floors":4,"generated":true}},{"type":"Feature","geometry":{"type":"Polygon","coordinates":[[[30.2825685,59.9230026],[30.2826211,59.9229106],[30.283179,59.9229904],[30.2831264,59.9230825],[30.2825685,59.9230026]]]},"properties":{"layer":"context","id":"H367","name":"Дворовый флигель (ул. Писарева)","kind":"context","info":"Дворовый флигель рядовой застройки. Схематично.","approx":false,"height":13.2,"floors":3,"generated":true}},{"type":"Feature","geometry":{"type":"Polygon","coordinates":[[[30.2821603,59.9231946],[30.2822924,59.9229631],[30.2825206,59.9229958],[30.2823886,59.9232273],[30.2821603,59.9231946]]]},"properties":{"layer":"context","id":"H368","name":"Жилой дом (ул. Писарева)","kind":"context","info":"Рядовая историческая застройка: ул. Писарева. Схематично.","approx":false,"height":20.7,"floors":5,"generated":true}},{"type":"Feature","geometry":{"type":"Polygon","coordinates":[[[30.2821009,59.9232988],[30.2821603,59.9231946],[30.2824304,59.9232332],[30.2823709,59.9233375],[30.2821009,59.9232988]]]},"properties":{"layer":"context","id":"H369","name":"Жилой дом (ул. Писарева)","kind":"context","info":"Рядовая историческая застройка: ул. Писарева. Схематично.","approx":false,"height":20.8,"floors":5,"generated":true}},{"type":"Feature","geometry":{"type":"Polygon","coordinates":[[[30.2818529,59.9241165],[30.2818818,59.9239644],[30.28215,59.9239771],[30.2821211,59.9241293],[30.2818529,59.9241165]]]},"properties":{"layer":"context","id":"H370","name":"Жилой дом (ул. Писарева)","kind":"context","info":"Рядовая историческая застройка: ул. Писарева. Схематично.","approx":false,"height":23.8,"floors":6,"generated":true}},{"type":"Feature","geometry":{"type":"Polygon","coordinates":[[[30.2817995,59.9243984],[30.2818529,59.9241165],[30.2821319,59.9241298],[30.2820785,59.9244116],[30.2817995,59.9243984]]]},"properties":{"layer":"context","id":"H371","name":"Жилой дом (ул. Писарева)","kind":"context","info":"Рядовая историческая застройка: ул. Писарева. Схематично.","approx":false,"height":21.3,"floors":5,"generated":true}},{"type":"Feature","geometry":{"type":"Polygon","coordinates":[[[30.2820785,59.9244116],[30.2820979,59.9243093],[30.2825383,59.9243303],[30.2825189,59.9244326],[30.2820785,59.9244116]]]},"properties":{"layer":"context","id":"H372","name":"Дворовый флигель (ул. Писарева)","kind":"context","info":"Дворовый флигель рядовой застройки. Схематично.","approx":false,"height":16.6,"floors":4,"generated":true}},{"type":"Feature","geometry":{"type":"Polygon","coordinates":[[[30.2817645,59.9245828],[30.2817995,59.9243984],[30.2820389,59.9244098],[30.2820039,59.9245942],[30.2817645,59.9245828]]]},"properties":{"layer":"context","id":"H373","name":"Жилой дом (ул. Писарева)","kind":"context","info":"Рядовая историческая застройка: ул. Писарева. Схематично.","approx":false,"height":17.9,"floors":4,"generated":true}},{"type":"Feature","geometry":{"type":"Polygon","coordinates":[[[30.2820195,59.9245125],[30.2820389,59.9244098],[30.2826024,59.9244366],[30.2825829,59.9245393],[30.2820195,59.9245125]]]},"properties":{"layer":"context","id":"H374","name":"Дворовый флигель (ул. Писарева)","kind":"context","info":"Дворовый флигель рядовой застройки. Схематично.","approx":false,"height":13.2,"floors":3,"generated":true}},{"type":"Feature","geometry":{"type":"Polygon","coordinates":[[[30.281715,59.9248435],[30.2817645,59.9245828],[30.2820129,59.9245947],[30.2819635,59.9248553],[30.281715,59.9248435]]]},"properties":{"layer":"context","id":"H375","name":"Жилой дом (ул. Писарева)","kind":"context","info":"Рядовая историческая застройка: ул. Писарева. Схематично.","approx":false,"height":20.5,"floors":5,"generated":true}},{"type":"Feature","geometry":{"type":"Polygon","coordinates":[[[30.2819635,59.9248553],[30.2819823,59.9247563],[30.2825007,59.924781],[30.282482,59.92488],[30.2819635,59.9248553]]]},"properties":{"layer":"context","id":"H376","name":"Дворовый флигель (ул. Писарева)","kind":"context","info":"Дворовый флигель рядовой застройки. Схематично.","approx":false,"height":20,"floors":5,"generated":true}},{"type":"Feature","geometry":{"type":"Polygon","coordinates":[[[30.2816775,59.9250412],[30.281715,59.9248435],[30.2819491,59.9248546],[30.2819116,59.9250524],[30.2816775,59.9250412]]]},"properties":{"layer":"context","id":"H377","name":"Жилой дом (ул. Писарева)","kind":"context","info":"Рядовая историческая застройка: ул. Писарева. Схематично.","approx":false,"height":20.5,"floors":5,"generated":true}},{"type":"Feature","geometry":{"type":"Polygon","coordinates":[[[30.2819116,59.9250524],[30.2819296,59.9249574],[30.2824094,59.9249803],[30.2823914,59.9250752],[30.2819116,59.9250524]]]},"properties":{"layer":"context","id":"H378","name":"Дворовый флигель (ул. Писарева)","kind":"context","info":"Дворовый флигель рядовой застройки. Схематично.","approx":false,"height":16.6,"floors":4,"generated":true}},{"type":"Feature","geometry":{"type":"Polygon","coordinates":[[[30.2816323,59.9252793],[30.2816775,59.9250412],[30.2819435,59.9250539],[30.2818983,59.9252919],[30.2816323,59.9252793]]]},"properties":{"layer":"context","id":"H379","name":"Жилой дом (ул. Писарева)","kind":"context","info":"Рядовая историческая застройка: ул. Писарева. Схематично.","approx":false,"height":21.2,"floors":5,"generated":true}},{"type":"Feature","geometry":{"type":"Polygon","coordinates":[[[30.2819251,59.9251505],[30.2819435,59.9250539],[30.2824228,59.9250767],[30.2824044,59.9251733],[30.2819251,59.9251505]]]},"properties":{"layer":"context","id":"H380","name":"Дворовый флигель (ул. Писарева)","kind":"context","info":"Дворовый флигель рядовой застройки. Схематично.","approx":false,"height":20,"floors":5,"generated":true}},{"type":"Feature","geometry":{"type":"Polygon","coordinates":[[[30.2815434,59.9257479],[30.2815984,59.925458],[30.2818319,59.9254691],[30.2817769,59.925759],[30.2815434,59.9257479]]]},"properties":{"layer":"context","id":"H381","name":"Жилой дом (ул. Писарева)","kind":"context","info":"Рядовая историческая застройка: ул. Писарева. Схематично.","approx":false,"height":24.1,"floors":6,"generated":true}},{"type":"Feature","geometry":{"type":"Polygon","coordinates":[[[30.2818137,59.9255649],[30.2818319,59.9254691],[30.2821506,59.9254843],[30.2821324,59.92558],[30.2818137,59.9255649]]]},"properties":{"layer":"context","id":"H382","name":"Дворовый флигель (ул. Писарева)","kind":"context","info":"Дворовый флигель рядовой застройки. Схематично.","approx":false,"height":20,"floors":5,"generated":true}},{"type":"Feature","geometry":{"type":"Polygon","coordinates":[[[30.2814919,59.9260195],[30.2815434,59.9257479],[30.2817812,59.9257592],[30.2817296,59.9260308],[30.2814919,59.9260195]]]},"properties":{"layer":"context","id":"H383","name":"Жилой дом (ул. Писарева)","kind":"context","info":"Рядовая историческая застройка: ул. Писарева. Схематично.","approx":false,"height":21.2,"floors":5,"generated":true}},{"type":"Feature","geometry":{"type":"Polygon","coordinates":[[[30.2817624,59.9258583],[30.2817812,59.9257592],[30.2821428,59.9257764],[30.282124,59.9258755],[30.2817624,59.9258583]]]},"properties":{"layer":"context","id":"H384","name":"Дворовый флигель (ул. Писарева)","kind":"context","info":"Дворовый флигель рядовой застройки. Схематично.","approx":false,"height":16.6,"floors":4,"generated":true}},{"type":"Feature","geometry":{"type":"Polygon","coordinates":[[[30.2814629,59.9261723],[30.2814919,59.9260195],[30.2817608,59.9260323],[30.2817318,59.9261851],[30.2814629,59.9261723]]]},"properties":{"layer":"context","id":"H385","name":"Жилой дом (ул. Писарева)","kind":"context","info":"Рядовая историческая застройка: ул. Писарева. Схематично.","approx":false,"height":17.2,"floors":4,"generated":true}},{"type":"Feature","geometry":{"type":"Polygon","coordinates":[[[30.2817416,59.9261332],[30.2817608,59.9260323],[30.2823481,59.9260602],[30.2823289,59.9261612],[30.2817416,59.9261332]]]},"properties":{"layer":"context","id":"H386","name":"Дворовый флигель (ул. Писарева)","kind":"context","info":"Дворовый флигель рядовой застройки. Схематично.","approx":false,"height":16.6,"floors":4,"generated":true}},{"type":"Feature","geometry":{"type":"Polygon","coordinates":[[[30.2814169,59.9264146],[30.2814629,59.9261723],[30.2817109,59.9261841],[30.281665,59.9264264],[30.2814169,59.9264146]]]},"properties":{"layer":"context","id":"H387","name":"Жилой дом (ул. Писарева)","kind":"context","info":"Рядовая историческая застройка: ул. Писарева. Схематично.","approx":false,"height":20.9,"floors":5,"generated":true}},{"type":"Feature","geometry":{"type":"Polygon","coordinates":[[[30.281665,59.9264264],[30.2816834,59.9263294],[30.2819767,59.9263433],[30.2819583,59.9264404],[30.281665,59.9264264]]]},"properties":{"layer":"context","id":"H388","name":"Дворовый флигель (ул. Писарева)","kind":"context","info":"Дворовый флигель рядовой застройки. Схематично.","approx":false,"height":20,"floors":5,"generated":true}},{"type":"Feature","geometry":{"type":"Polygon","coordinates":[[[30.2813726,59.9266484],[30.2814169,59.9264146],[30.2816988,59.926428],[30.2816545,59.9266618],[30.2813726,59.9266484]]]},"properties":{"layer":"context","id":"H389","name":"Жилой дом (ул. Писарева)","kind":"context","info":"Рядовая историческая застройка: ул. Писарева. Схематично.","approx":false,"height":17.6,"floors":4,"generated":true}},{"type":"Feature","geometry":{"type":"Polygon","coordinates":[[[30.2816796,59.9265293],[30.2816988,59.926428],[30.2820521,59.9264448],[30.2820329,59.9265461],[30.2816796,59.9265293]]]},"properties":{"layer":"context","id":"H390","name":"Дворовый флигель (ул. Писарева)","kind":"context","info":"Дворовый флигель рядовой застройки. Схематично.","approx":false,"height":16.6,"floors":4,"generated":true}},{"type":"Feature","geometry":{"type":"Polygon","coordinates":[[[30.2813288,59.9268792],[30.2813726,59.9266484],[30.2816273,59.9266606],[30.2815836,59.9268914],[30.2813288,59.9268792]]]},"properties":{"layer":"context","id":"H391","name":"Жилой дом (ул. Писарева)","kind":"context","info":"Рядовая историческая застройка: ул. Писарева. Схематично.","approx":false,"height":25,"floors":6,"generated":true}},{"type":"Feature","geometry":{"type":"Polygon","coordinates":[[[30.2815836,59.9268914],[30.2816055,59.9267759],[30.2819873,59.926794],[30.2819653,59.9269095],[30.2815836,59.9268914]]]},"properties":{"layer":"context","id":"H392","name":"Дворовый флигель (ул. Писарева)","kind":"context","info":"Дворовый флигель рядовой застройки. Схематично.","approx":false,"height":23.4,"floors":6,"generated":true}},{"type":"Feature","geometry":{"type":"Polygon","coordinates":[[[30.2812793,59.9271399],[30.2813288,59.9268792],[30.2816299,59.9268936],[30.2815805,59.9271542],[30.2812793,59.9271399]]]},"properties":{"layer":"context","id":"H393","name":"Жилой дом (ул. Писарева)","kind":"context","info":"Рядовая историческая застройка: ул. Писарева. Схематично.","approx":false,"height":20.7,"floors":5,"generated":true}},{"type":"Feature","geometry":{"type":"Polygon","coordinates":[[[30.2812463,59.9273143],[30.2812793,59.9271399],[30.2815358,59.9271521],[30.2815027,59.9273265],[30.2812463,59.9273143]]]},"properties":{"layer":"context","id":"H394","name":"Жилой дом (ул. Писарева)","kind":"context","info":"Рядовая историческая застройка: ул. Писарева. Схематично.","approx":false,"height":18.1,"floors":4,"generated":true}},{"type":"Feature","geometry":{"type":"Polygon","coordinates":[[[30.281515,59.9272616],[30.2815358,59.9271521],[30.2819737,59.9271729],[30.2819529,59.9272825],[30.281515,59.9272616]]]},"properties":{"layer":"context","id":"H395","name":"Дворовый флигель (ул. Писарева)","kind":"context","info":"Дворовый флигель рядовой застройки. Схематично.","approx":false,"height":16.6,"floors":4,"generated":true}},{"type":"Feature","geometry":{"type":"Polygon","coordinates":[[[30.2812262,59.92742],[30.2812463,59.9273143],[30.2815447,59.9273285],[30.2815247,59.9274342],[30.2812262,59.92742]]]},"properties":{"layer":"context","id":"H396","name":"Жилой дом (ул. Писарева)","kind":"context","info":"Рядовая историческая застройка: ул. Писарева. Схематично.","approx":false,"height":17.2,"floors":4,"generated":true}},{"type":"Feature","geometry":{"type":"Polygon","coordinates":[[[30.2893106,59.9209772],[30.2891963,59.9211775],[30.2889508,59.9211424],[30.2890651,59.9209421],[30.2893106,59.9209772]]]},"properties":{"layer":"context","id":"H397","name":"Жилой дом (Мастерская ул.)","kind":"context","info":"Рядовая историческая застройка: Мастерская ул.. Схематично.","approx":false,"height":17.5,"floors":4,"generated":true}},{"type":"Feature","geometry":{"type":"Polygon","coordinates":[[[30.2890651,59.9209421],[30.289011,59.9210368],[30.2887228,59.9209956],[30.2887769,59.9209008],[30.2890651,59.9209421]]]},"properties":{"layer":"context","id":"H398","name":"Дворовый флигель (Мастерская ул.)","kind":"context","info":"Дворовый флигель рядовой застройки. Схематично.","approx":false,"height":13.2,"floors":3,"generated":true}},{"type":"Feature","geometry":{"type":"Polygon","coordinates":[[[30.2891963,59.9211775],[30.2890576,59.9214206],[30.2887835,59.9213814],[30.2889222,59.9211383],[30.2891963,59.9211775]]]},"properties":{"layer":"context","id":"H399","name":"Жилой дом (Мастерская ул.)","kind":"context","info":"Рядовая историческая застройка: Мастерская ул.. Схематично.","approx":false,"height":21.4,"floors":5,"generated":true}},{"type":"Feature","geometry":{"type":"Polygon","coordinates":[[[30.2890576,59.9214206],[30.2888811,59.9217301],[30.2885979,59.9216896],[30.2887744,59.9213801],[30.2890576,59.9214206]]]},"properties":{"layer":"context","id":"H400","name":"Жилой дом (Мастерская ул.)","kind":"context","info":"Рядовая историческая застройка: Мастерская ул.. Схематично.","approx":false,"height":17.3,"floors":4,"generated":true}},{"type":"Feature","geometry":{"type":"Polygon","coordinates":[[[30.2888811,59.9217301],[30.2887412,59.9219753],[30.2884726,59.9219368],[30.2886124,59.9216917],[30.2888811,59.9217301]]]},"properties":{"layer":"context","id":"H401","name":"Жилой дом (Мастерская ул.)","kind":"context","info":"Рядовая историческая застройка: Мастерская ул.. Схематично.","approx":false,"height":24,"floors":6,"generated":true}},{"type":"Feature","geometry":{"type":"Polygon","coordinates":[[[30.2885268,59.9218418],[30.2884726,59.9219368],[30.2879962,59.9218686],[30.2880504,59.9217737],[30.2885268,59.9218418]]]},"properties":{"layer":"context","id":"H402","name":"Дворовый флигель (Мастерская ул.)","kind":"context","info":"Дворовый флигель рядовой застройки. Схематично.","approx":false,"height":23.4,"floors":6,"generated":true}},{"type":"Feature","geometry":{"type":"Polygon","coordinates":[[[30.2887412,59.9219753],[30.2885726,59.9222708],[30.2883349,59.9222368],[30.2885035,59.9219412],[30.2887412,59.9219753]]]},"properties":{"layer":"context","id":"H403","name":"Жилой дом (Мастерская ул.)","kind":"context","info":"Рядовая историческая застройка: Мастерская ул.. Схематично.","approx":false,"height":17.6,"floors":4,"generated":true}},{"type":"Feature","geometry":{"type":"Polygon","coordinates":[[[30.2885035,59.9219412],[30.2884461,59.922042],[30.2880723,59.9219885],[30.2881297,59.9218878],[30.2885035,59.9219412]]]},"properties":{"layer":"context","id":"H404","name":"Дворовый флигель (Мастерская ул.)","kind":"context","info":"Дворовый флигель рядовой застройки. Схематично.","approx":false,"height":13.2,"floors":3,"generated":true}},{"type":"Feature","geometry":{"type":"Polygon","coordinates":[[[30.2885726,59.9222708],[30.2884904,59.922415],[30.2882339,59.9223783],[30.2883162,59.9222341],[30.2885726,59.9222708]]]},"properties":{"layer":"context","id":"H405","name":"Жилой дом (Мастерская ул.)","kind":"context","info":"Рядовая историческая застройка: Мастерская ул.. Схематично.","approx":false,"height":18.1,"floors":4,"generated":true}},{"type":"Feature","geometry":{"type":"Polygon","coordinates":[[[30.2883673,59.9226308],[30.2882246,59.9228809],[30.2880004,59.9228488],[30.288143,59.9225987],[30.2883673,59.9226308]]]},"properties":{"layer":"context","id":"H406","name":"Жилой дом (Мастерская ул.)","kind":"context","info":"Рядовая историческая застройка: Мастерская ул.. Схематично.","approx":false,"height":21.4,"floors":5,"generated":true}},{"type":"Feature","geometry":{"type":"Polygon","coordinates":[[[30.2882246,59.9228809],[30.288048,59.9231904],[30.2877687,59.9231504],[30.2879453,59.9228409],[30.2882246,59.9228809]]]},"properties":{"layer":"context","id":"H407","name":"Жилой дом (Мастерская ул.)","kind":"context","info":"Рядовая историческая застройка: Мастерская ул.. Схематично.","approx":false,"height":17.6,"floors":4,"generated":true}},{"type":"Feature","geometry":{"type":"Polygon","coordinates":[[[30.288048,59.9231904],[30.2879089,59.9234344],[30.2876841,59.9234022],[30.2878232,59.9231582],[30.288048,59.9231904]]]},"properties":{"layer":"context","id":"H408","name":"Жилой дом (Мастерская ул.)","kind":"context","info":"Рядовая историческая застройка: Мастерская ул.. Схематично.","approx":false,"height":23.9,"floors":6,"generated":true}},{"type":"Feature","geometry":{"type":"Polygon","coordinates":[[[30.2877371,59.9233093],[30.2876841,59.9234022],[30.2871265,59.9233224],[30.2871795,59.9232295],[30.2877371,59.9233093]]]},"properties":{"layer":"context","id":"H409","name":"Дворовый флигель (Мастерская ул.)","kind":"context","info":"Дворовый флигель рядовой застройки. Схематично.","approx":false,"height":23.4,"floors":6,"generated":true}},{"type":"Feature","geometry":{"type":"Polygon","coordinates":[[[30.2879089,59.9234344],[30.2877955,59.9236331],[30.2875635,59.9235999],[30.2876769,59.9234012],[30.2879089,59.9234344]]]},"properties":{"layer":"context","id":"H410","name":"Жилой дом (Мастерская ул.)","kind":"context","info":"Рядовая историческая застройка: Мастерская ул.. Схематично.","approx":false,"height":21.2,"floors":5,"generated":true}},{"type":"Feature","geometry":{"type":"Polygon","coordinates":[[[30.2877955,59.9236331],[30.2876411,59.9239037],[30.2873872,59.9238673],[30.2875415,59.9235967],[30.2877955,59.9236331]]]},"properties":{"layer":"context","id":"H411","name":"Жилой дом (Мастерская ул.)","kind":"context","info":"Рядовая историческая застройка: Мастерская ул.. Схематично.","approx":false,"height":18,"floors":4,"generated":true}},{"type":"Feature","geometry":{"type":"Polygon","coordinates":[[[30.2876411,59.9239037],[30.2875544,59.9240558],[30.2872882,59.9240177],[30.287375,59.9238656],[30.2876411,59.9239037]]]},"properties":{"layer":"context","id":"H412","name":"Жилой дом (Мастерская ул.)","kind":"context","info":"Рядовая историческая застройка: Мастерская ул.. Схематично.","approx":false,"height":21.2,"floors":5,"generated":true}},{"type":"Feature","geometry":{"type":"Polygon","coordinates":[[[30.2873121,59.9247299],[30.2872532,59.9250159],[30.2869857,59.925002],[30.2870446,59.9247161],[30.2873121,59.9247299]]]},"properties":{"layer":"context","id":"H413","name":"Жилой дом (Мастерская ул.)","kind":"context","info":"Рядовая историческая застройка: Мастерская ул.. Схематично.","approx":false,"height":20.9,"floors":5,"generated":true}},{"type":"Feature","geometry":{"type":"Polygon","coordinates":[[[30.2870049,59.9249087],[30.2869857,59.925002],[30.2865569,59.9249799],[30.2865761,59.9248866],[30.2870049,59.9249087]]]},"properties":{"layer":"context","id":"H414","name":"Дворовый флигель (Мастерская ул.)","kind":"context","info":"Дворовый флигель рядовой застройки. Схематично.","approx":false,"height":16.6,"floors":4,"generated":true}},{"type":"Feature","geometry":{"type":"Polygon","coordinates":[[[30.2872532,59.9250159],[30.2871913,59.9253161],[30.2869164,59.9253019],[30.2869782,59.9250016],[30.2872532,59.9250159]]]},"properties":{"layer":"context","id":"H415","name":"Жилой дом (Мастерская ул.)","kind":"context","info":"Рядовая историческая застройка: Мастерская ул.. Схематично.","approx":false,"height":21.4,"floors":5,"generated":true}},{"type":"Feature","geometry":{"type":"Polygon","coordinates":[[[30.286939,59.9251923],[30.2869164,59.9253019],[30.2864474,59.9252777],[30.28647,59.925168],[30.286939,59.9251923]]]},"properties":{"layer":"context","id":"H416","name":"Дворовый флигель (Мастерская ул.)","kind":"context","info":"Дворовый флигель рядовой застройки. Схематично.","approx":false,"height":20,"floors":5,"generated":true}},{"type":"Feature","geometry":{"type":"Polygon","coordinates":[[[30.2871913,59.9253161],[30.2871527,59.9255034],[30.2868647,59.9254885],[30.2869033,59.9253012],[30.2871913,59.9253161]]]},"properties":{"layer":"context","id":"H417","name":"Жилой дом (Мастерская ул.)","kind":"context","info":"Рядовая историческая застройка: Мастерская ул.. Схематично.","approx":false,"height":24,"floors":6,"generated":true}},{"type":"Feature","geometry":{"type":"Polygon","coordinates":[[[30.2869033,59.9253012],[30.2868802,59.9254133],[30.2864125,59.9253891],[30.2864356,59.925277],[30.2869033,59.9253012]]]},"properties":{"layer":"context","id":"H418","name":"Дворовый флигель (Мастерская ул.)","kind":"context","info":"Дворовый флигель рядовой застройки. Схематично.","approx":false,"height":23.4,"floors":6,"generated":true}},{"type":"Feature","geometry":{"type":"Polygon","coordinates":[[[30.2871527,59.9255034],[30.2871208,59.9256582],[30.2868228,59.9256428],[30.2868547,59.925488],[30.2871527,59.9255034]]]},"properties":{"layer":"context","id":"H419","name":"Жилой дом (Мастерская ул.)","kind":"context","info":"Рядовая историческая застройка: Мастерская ул.. Схематично.","approx":false,"height":24.1,"floors":6,"generated":true}},{"type":"Feature","geometry":{"type":"Polygon","coordinates":[[[30.2868427,59.9255463],[30.2868228,59.9256428],[30.2864665,59.9256244],[30.2864864,59.9255279],[30.2868427,59.9255463]]]},"properties":{"layer":"context","id":"H420","name":"Дворовый флигель (Мастерская ул.)","kind":"context","info":"Дворовый флигель рядовой застройки. Схематично.","approx":false,"height":20,"floors":5,"generated":true}},{"type":"Feature","geometry":{"type":"Polygon","coordinates":[[[30.2871208,59.9256582],[30.287075,59.9258806],[30.2867864,59.9258657],[30.2868322,59.9256433],[30.2871208,59.9256582]]]},"properties":{"layer":"context","id":"H421","name":"Жилой дом (Мастерская ул.)","kind":"context","info":"Рядовая историческая застройка: Мастерская ул.. Схематично.","approx":false,"height":24.5,"floors":6,"generated":true}},{"type":"Feature","geometry":{"type":"Polygon","coordinates":[[[30.2868322,59.9256433],[30.2868089,59.9257567],[30.286284,59.9257296],[30.2863074,59.9256161],[30.2868322,59.9256433]]]},"properties":{"layer":"context","id":"H422","name":"Дворовый флигель (Мастерская ул.)","kind":"context","info":"Дворовый флигель рядовой застройки. Схематично.","approx":false,"height":20,"floors":5,"generated":true}},{"type":"Feature","geometry":{"type":"Polygon","coordinates":[[[30.287075,59.9258806],[30.2870468,59.9260173],[30.2867836,59.9260037],[30.2868118,59.925867],[30.287075,59.9258806]]]},"properties":{"layer":"context","id":"H423","name":"Жилой дом (Мастерская ул.)","kind":"context","info":"Рядовая историческая застройка: Мастерская ул.. Схематично.","approx":false,"height":24.1,"floors":6,"generated":true}},{"type":"Feature","geometry":{"type":"Polygon","coordinates":[[[30.28701,59.9261959],[30.2869776,59.9263534],[30.2866912,59.9263385],[30.2867236,59.9261811],[30.28701,59.9261959]]]},"properties":{"layer":"context","id":"H424","name":"Жилой дом (Мастерская ул.)","kind":"context","info":"Рядовая историческая застройка: Мастерская ул.. Схематично.","approx":false,"height":17.5,"floors":4,"generated":true}},{"type":"Feature","geometry":{"type":"Polygon","coordinates":[[[30.2867236,59.9261811],[30.2867018,59.9262872],[30.2861814,59.9262603],[30.2862032,59.9261542],[30.2867236,59.9261811]]]},"properties":{"layer":"context","id":"H425","name":"Дворовый флигель (Мастерская ул.)","kind":"context","info":"Дворовый флигель рядовой застройки. Схематично.","approx":false,"height":13.2,"floors":3,"generated":true}},{"type":"Feature","geometry":{"type":"Polygon","coordinates":[[[30.2869776,59.9263534],[30.2869371,59.9265497],[30.2866411,59.9265344],[30.2866816,59.926338],[30.2869776,59.9263534]]]},"properties":{"layer":"context","id":"H426","name":"Жилой дом (Мастерская ул.)","kind":"context","info":"Рядовая историческая застройка: Мастерская ул.. Схематично.","approx":false,"height":18.1,"floors":4,"generated":true}},{"type":"Feature","geometry":{"type":"Polygon","coordinates":[[[30.2866816,59.926338],[30.2866627,59.9264295],[30.2861376,59.9264024],[30.2861564,59.9263109],[30.2866816,59.926338]]]},"properties":{"layer":"context","id":"H427","name":"Дворовый флигель (Мастерская ул.)","kind":"context","info":"Дворовый флигель рядовой застройки. Схематично.","approx":false,"height":13.2,"floors":3,"generated":true}},{"type":"Feature","geometry":{"type":"Polygon","coordinates":[[[30.2869371,59.9265497],[30.2868801,59.9268265],[30.2866337,59.9268138],[30.2866907,59.926537],[30.2869371,59.9265497]]]},"properties":{"layer":"context","id":"H428","name":"Жилой дом (Мастерская ул.)","kind":"context","info":"Рядовая историческая застройка: Мастерская ул.. Схематично.","approx":false,"height":17.5,"floors":4,"generated":true}},{"type":"Feature","geometry":{"type":"Polygon","coordinates":[[[30.2868801,59.9268265],[30.2868153,59.9271409],[30.2865256,59.9271259],[30.2865904,59.9268115],[30.2868801,59.9268265]]]},"properties":{"layer":"context","id":"H429","name":"Жилой дом (Мастерская ул.)","kind":"context","info":"Рядовая историческая застройка: Мастерская ул.. Схематично.","approx":false,"height":20.9,"floors":5,"generated":true}},{"type":"Feature","geometry":{"type":"Polygon","coordinates":[[[30.2865468,59.9270232],[30.2865256,59.9271259],[30.2860277,59.9271001],[30.2860489,59.9269975],[30.2865468,59.9270232]]]},"properties":{"layer":"context","id":"H430","name":"Дворовый флигель (Мастерская ул.)","kind":"context","info":"Дворовый флигель рядовой застройки. Схематично.","approx":false,"height":20,"floors":5,"generated":true}},{"type":"Feature","geometry":{"type":"Polygon","coordinates":[[[30.2868153,59.9271409],[30.2867837,59.927294],[30.2865163,59.9272802],[30.2865478,59.927127],[30.2868153,59.9271409]]]},"properties":{"layer":"context","id":"H431","name":"Жилой дом (Мастерская ул.)","kind":"context","info":"Рядовая историческая застройка: Мастерская ул.. Схематично.","approx":false,"height":24.4,"floors":6,"generated":true}},{"type":"Feature","geometry":{"type":"Polygon","coordinates":[[[30.2867837,59.927294],[30.286747,59.9274725],[30.2864622,59.9274577],[30.2864989,59.9272793],[30.2867837,59.927294]]]},"properties":{"layer":"context","id":"H432","name":"Жилой дом (Мастерская ул.)","kind":"context","info":"Рядовая историческая застройка: Мастерская ул.. Схематично.","approx":false,"height":17.1,"floors":4,"generated":true}},{"type":"Feature","geometry":{"type":"Polygon","coordinates":[[[30.2864829,59.9273569],[30.2864622,59.9274577],[30.2859483,59.9274312],[30.2859691,59.9273303],[30.2864829,59.9273569]]]},"properties":{"layer":"context","id":"H433","name":"Дворовый флигель (Мастерская ул.)","kind":"context","info":"Дворовый флигель рядовой застройки. Схематично.","approx":false,"height":13.2,"floors":3,"generated":true}},{"type":"Feature","geometry":{"type":"Polygon","coordinates":[[[30.286747,59.9274725],[30.2866938,59.9277302],[30.2864528,59.9277178],[30.2865059,59.92746],[30.286747,59.9274725]]]},"properties":{"layer":"context","id":"H434","name":"Жилой дом (Мастерская ул.)","kind":"context","info":"Рядовая историческая застройка: Мастерская ул.. Схематично.","approx":false,"height":24.4,"floors":6,"generated":true}},{"type":"Feature","geometry":{"type":"Polygon","coordinates":[[[30.286473,59.9276198],[30.2864528,59.9277178],[30.2860544,59.9276972],[30.2860746,59.9275992],[30.286473,59.9276198]]]},"properties":{"layer":"context","id":"H435","name":"Дворовый флигель (Мастерская ул.)","kind":"context","info":"Дворовый флигель рядовой застройки. Схематично.","approx":false,"height":20,"floors":5,"generated":true}},{"type":"Feature","geometry":{"type":"Polygon","coordinates":[[[30.2866938,59.9277302],[30.2866497,59.9279444],[30.2863886,59.9279309],[30.2864327,59.9277168],[30.2866938,59.9277302]]]},"properties":{"layer":"context","id":"H436","name":"Жилой дом (Мастерская ул.)","kind":"context","info":"Рядовая историческая застройка: Мастерская ул.. Схематично.","approx":false,"height":21.4,"floors":5,"generated":true}},{"type":"Feature","geometry":{"type":"Polygon","coordinates":[[[30.2864106,59.9278241],[30.2863886,59.9279309],[30.2858575,59.9279035],[30.2858795,59.9277966],[30.2864106,59.9278241]]]},"properties":{"layer":"context","id":"H437","name":"Дворовый флигель (Мастерская ул.)","kind":"context","info":"Дворовый флигель рядовой застройки. Схематично.","approx":false,"height":20,"floors":5,"generated":true}},{"type":"Feature","geometry":{"type":"Polygon","coordinates":[[[30.2866497,59.9279444],[30.2866193,59.928092],[30.2863413,59.9280777],[30.2863717,59.92793],[30.2866497,59.9279444]]]},"properties":{"layer":"context","id":"H438","name":"Жилой дом (Мастерская ул.)","kind":"context","info":"Рядовая историческая застройка: Мастерская ул.. Схематично.","approx":false,"height":20.4,"floors":5,"generated":true}},{"type":"Feature","geometry":{"type":"Polygon","coordinates":[[[30.2866193,59.928092],[30.2866002,59.9281847],[30.2863248,59.9281705],[30.2863439,59.9280778],[30.2866193,59.928092]]]},"properties":{"layer":"context","id":"H439","name":"Жилой дом (Мастерская ул.)","kind":"context","info":"Рядовая историческая застройка: Мастерская ул.. Схематично.","approx":false,"height":24.6,"floors":6,"generated":true}},{"type":"Feature","geometry":{"type":"Polygon","coordinates":[[[30.2894143,59.9213573],[30.2895824,59.9210627],[30.289872,59.9211042],[30.2897039,59.9213988],[30.2894143,59.9213573]]]},"properties":{"layer":"context","id":"H440","name":"Жилой дом (Мастерская ул.)","kind":"context","info":"Рядовая историческая застройка: Мастерская ул.. Схематично.","approx":false,"height":17.1,"floors":4,"generated":true}},{"type":"Feature","geometry":{"type":"Polygon","coordinates":[[[30.2893198,59.921523],[30.2894143,59.9213573],[30.2896799,59.9213953],[30.2895854,59.921561],[30.2893198,59.921523]]]},"properties":{"layer":"context","id":"H441","name":"Жилой дом (Мастерская ул.)","kind":"context","info":"Рядовая историческая застройка: Мастерская ул.. Схематично.","approx":false,"height":24.1,"floors":6,"generated":true}},{"type":"Feature","geometry":{"type":"Polygon","coordinates":[[[30.2891442,59.9218308],[30.2893198,59.921523],[30.2895452,59.9215553],[30.2893696,59.9218631],[30.2891442,59.9218308]]]},"properties":{"layer":"context","id":"H442","name":"Жилой дом (Мастерская ул.)","kind":"context","info":"Рядовая историческая застройка: Мастерская ул.. Схематично.","approx":false,"height":17.4,"floors":4,"generated":true}},{"type":"Feature","geometry":{"type":"Polygon","coordinates":[[[30.2893696,59.9218631],[30.2894288,59.9217593],[30.2897483,59.921805],[30.2896891,59.9219088],[30.2893696,59.9218631]]]},"properties":{"layer":"context","id":"H443","name":"Дворовый флигель (Мастерская ул.)","kind":"context","info":"Дворовый флигель рядовой застройки. Схематично.","approx":false,"height":16.6,"floors":4,"generated":true}},{"type":"Feature","geometry":{"type":"Polygon","coordinates":[[[30.2889941,59.9220939],[30.2891442,59.9218308],[30.2893864,59.9218655],[30.2892364,59.9221285],[30.2889941,59.9220939]]]},"properties":{"layer":"context","id":"H444","name":"Жилой дом (Мастерская ул.)","kind":"context","info":"Рядовая историческая застройка: Мастерская ул.. Схематично.","approx":false,"height":17.5,"floors":4,"generated":true}},{"type":"Feature","geometry":{"type":"Polygon","coordinates":[[[30.2893227,59.9219772],[30.2893864,59.9218655],[30.2899506,59.9219462],[30.2898869,59.9220579],[30.2893227,59.9219772]]]},"properties":{"layer":"context","id":"H445","name":"Дворовый флигель (Мастерская ул.)","kind":"context","info":"Дворовый флигель рядовой застройки. Схематично.","approx":false,"height":16.6,"floors":4,"generated":true}},{"type":"Feature","geometry":{"type":"Polygon","coordinates":[[[30.2888409,59.9223625],[30.2889941,59.9220939],[30.2892457,59.9221299],[30.2890925,59.9223985],[30.2888409,59.9223625]]]},"properties":{"layer":"context","id":"H446","name":"Жилой дом (Мастерская ул.)","kind":"context","info":"Рядовая историческая застройка: Мастерская ул.. Схематично.","approx":false,"height":17,"floors":4,"generated":true}},{"type":"Feature","geometry":{"type":"Polygon","coordinates":[[[30.2891964,59.9222163],[30.2892457,59.9221299],[30.2896891,59.9221933],[30.2896397,59.9222797],[30.2891964,59.9222163]]]},"properties":{"layer":"context","id":"H447","name":"Дворовый флигель (Мастерская ул.)","kind":"context","info":"Дворовый флигель рядовой застройки. Схематично.","approx":false,"height":13.2,"floors":3,"generated":true}},{"type":"Feature","geometry":{"type":"Polygon","coordinates":[[[30.2887514,59.9225195],[30.2888409,59.9223625],[30.2891031,59.9224],[30.2890136,59.922557],[30.2887514,59.9225195]]]},"properties":{"layer":"context","id":"H448","name":"Жилой дом (Мастерская ул.)","kind":"context","info":"Рядовая историческая застройка: Мастерская ул.. Схематично.","approx":false,"height":20.9,"floors":5,"generated":true}},{"type":"Feature","geometry":{"type":"Polygon","coordinates":[[[30.2890136,59.922557],[30.2890646,59.9224675],[30.2895752,59.9225405],[30.2895242,59.92263],[30.2890136,59.922557]]]},"properties":{"layer":"context","id":"H449","name":"Дворовый флигель (Мастерская ул.)","kind":"context","info":"Дворовый флигель рядовой застройки. Схематично.","approx":false,"height":20,"floors":5,"generated":true}},{"type":"Feature","geometry":{"type":"Polygon","coordinates":[[[30.2885323,59.9229034],[30.2886775,59.9226489],[30.2889167,59.9226831],[30.2887715,59.9229377],[30.2885323,59.9229034]]]},"properties":{"layer":"context","id":"H450","name":"Жилой дом (Мастерская ул.)","kind":"context","info":"Рядовая историческая застройка: Мастерская ул.. Схематично.","approx":false,"height":24.3,"floors":6,"generated":true}},{"type":"Feature","geometry":{"type":"Polygon","coordinates":[[[30.2888651,59.9227737],[30.2889167,59.9226831],[30.289326,59.9227417],[30.2892743,59.9228323],[30.2888651,59.9227737]]]},"properties":{"layer":"context","id":"H451","name":"Дворовый флигель (Мастерская ул.)","kind":"context","info":"Дворовый флигель рядовой застройки. Схематично.","approx":false,"height":23.4,"floors":6,"generated":true}},{"type":"Feature","geometry":{"type":"Polygon","coordinates":[[[30.2884041,59.9231282],[30.2885323,59.9229034],[30.2888049,59.9229425],[30.2886767,59.9231672],[30.2884041,59.9231282]]]},"properties":{"layer":"context","id":"H452","name":"Жилой дом (Мастерская ул.)","kind":"context","info":"Рядовая историческая застройка: Мастерская ул.. Схематично.","approx":false,"height":24.5,"floors":6,"generated":true}},{"type":"Feature","geometry":{"type":"Polygon","coordinates":[[[30.2886767,59.9231672],[30.2887307,59.9230725],[30.2891144,59.9231274],[30.2890604,59.9232221],[30.2886767,59.9231672]]]},"properties":{"layer":"context","id":"H453","name":"Дворовый флигель (Мастерская ул.)","kind":"context","info":"Дворовый флигель рядовой застройки. Схематично.","approx":false,"height":23.4,"floors":6,"generated":true}},{"type":"Feature","geometry":{"type":"Polygon","coordinates":[[[30.2882258,59.9234408],[30.2884041,59.9231282],[30.2886551,59.9231641],[30.2884768,59.9234767],[30.2882258,59.9234408]]]},"properties":{"layer":"context","id":"H454","name":"Жилой дом (Мастерская ул.)","kind":"context","info":"Рядовая историческая застройка: Мастерская ул.. Схематично.","approx":false,"height":17.8,"floors":4,"generated":true}},{"type":"Feature","geometry":{"type":"Polygon","coordinates":[[[30.2884768,59.9234767],[30.2885306,59.9233823],[30.2889485,59.9234421],[30.2888947,59.9235365],[30.2884768,59.9234767]]]},"properties":{"layer":"context","id":"H455","name":"Дворовый флигель (Мастерская ул.)","kind":"context","info":"Дворовый флигель рядовой застройки. Схематично.","approx":false,"height":13.2,"floors":3,"generated":true}},{"type":"Feature","geometry":{"type":"Polygon","coordinates":[[[30.2880841,59.9236892],[30.2882258,59.9234408],[30.2884542,59.9234734],[30.2883125,59.9237219],[30.2880841,59.9236892]]]},"properties":{"layer":"context","id":"H456","name":"Жилой дом (Мастерская ул.)","kind":"context","info":"Рядовая историческая застройка: Мастерская ул.. Схематично.","approx":false,"height":18,"floors":4,"generated":true}},{"type":"Feature","geometry":{"type":"Polygon","coordinates":[[[30.2879667,59.9238949],[30.2880841,59.9236892],[30.288324,59.9237235],[30.2882066,59.9239292],[30.2879667,59.9238949]]]},"properties":{"layer":"context","id":"H457","name":"Жилой дом (Мастерская ул.)","kind":"context","info":"Рядовая историческая застройка: Мастерская ул.. Схематично.","approx":false,"height":25,"floors":6,"generated":true}},{"type":"Feature","geometry":{"type":"Polygon","coordinates":[[[30.2882066,59.9239292],[30.2882703,59.9238175],[30.2887863,59.9238914],[30.2887226,59.924003],[30.2882066,59.9239292]]]},"properties":{"layer":"context","id":"H458","name":"Дворовый флигель (Мастерская ул.)","kind":"context","info":"Дворовый флигель рядовой застройки. Схематично.","approx":false,"height":20,"floors":5,"generated":true}},{"type":"Feature","geometry":{"type":"Polygon","coordinates":[[[30.2876051,59.924812],[30.2876464,59.9246118],[30.2879038,59.9246251],[30.2878625,59.9248253],[30.2876051,59.924812]]]},"properties":{"layer":"context","id":"H459","name":"Жилой дом (Мастерская ул.)","kind":"context","info":"Рядовая историческая застройка: Мастерская ул.. Схематично.","approx":false,"height":24.6,"floors":6,"generated":true}},{"type":"Feature","geometry":{"type":"Polygon","coordinates":[[[30.2875697,59.924984],[30.2876051,59.924812],[30.2878889,59.9248267],[30.2878534,59.9249986],[30.2875697,59.924984]]]},"properties":{"layer":"context","id":"H460","name":"Жилой дом (Мастерская ул.)","kind":"context","info":"Рядовая историческая застройка: Мастерская ул.. Схематично.","approx":false,"height":24.2,"floors":6,"generated":true}},{"type":"Feature","geometry":{"type":"Polygon","coordinates":[[[30.2878534,59.9249986],[30.2878755,59.9248914],[30.2883973,59.9249184],[30.2883752,59.9250256],[30.2878534,59.9249986]]]},"properties":{"layer":"context","id":"H461","name":"Дворовый флигель (Мастерская ул.)","kind":"context","info":"Дворовый флигель рядовой застройки. Схематично.","approx":false,"height":23.4,"floors":6,"generated":true}},{"type":"Feature","geometry":{"type":"Polygon","coordinates":[[[30.2875228,59.9252114],[30.2875697,59.924984],[30.2878571,59.9249988],[30.2878103,59.9252263],[30.2875228,59.9252114]]]},"properties":{"layer":"context","id":"H462","name":"Жилой дом (Мастерская ул.)","kind":"context","info":"Рядовая историческая застройка: Мастерская ул.. Схематично.","approx":false,"height":24.6,"floors":6,"generated":true}},{"type":"Feature","geometry":{"type":"Polygon","coordinates":[[[30.2878103,59.9252263],[30.2878308,59.9251264],[30.288305,59.9251509],[30.2882844,59.9252508],[30.2878103,59.9252263]]]},"properties":{"layer":"context","id":"H463","name":"Дворовый флигель (Мастерская ул.)","kind":"context","info":"Дворовый флигель рядовой застройки. Схематично.","approx":false,"height":20,"floors":5,"generated":true}},{"type":"Feature","geometry":{"type":"Polygon","coordinates":[[[30.2874792,59.9254232],[30.2875228,59.9252114],[30.2877642,59.9252239],[30.2877205,59.9254357],[30.2874792,59.9254232]]]},"properties":{"layer":"context","id":"H464","name":"Жилой дом (Мастерская ул.)","kind":"context","info":"Рядовая историческая застройка: Мастерская ул.. Схематично.","approx":false,"height":17.9,"floors":4,"generated":true}},{"type":"Feature","geometry":{"type":"Polygon","coordinates":[[[30.2877205,59.9254357],[30.287742,59.9253317],[30.2880978,59.9253501],[30.2880764,59.9254541],[30.2877205,59.9254357]]]},"properties":{"layer":"context","id":"H465","name":"Дворовый флигель (Мастерская ул.)","kind":"context","info":"Дворовый флигель рядовой застройки. Схематично.","approx":false,"height":13.2,"floors":3,"generated":true}},{"type":"Feature","geometry":{"type":"Polygon","coordinates":[[[30.2874242,59.9256896],[30.2874792,59.9254232],[30.2877245,59.9254359],[30.2876696,59.9257023],[30.2874242,59.9256896]]]},"properties":{"layer":"context","id":"H466","name":"Жилой дом (Мастерская ул.)","kind":"context","info":"Рядовая историческая застройка: Мастерская ул.. Схематично.","approx":false,"height":17.5,"floors":4,"generated":true}},{"type":"Feature","geometry":{"type":"Polygon","coordinates":[[[30.2877029,59.9255408],[30.2877245,59.9254359],[30.2881589,59.9254583],[30.2881373,59.9255632],[30.2877029,59.9255408]]]},"properties":{"layer":"context","id":"H467","name":"Дворовый флигель (Мастерская ул.)","kind":"context","info":"Дворовый флигель рядовой застройки. Схематично.","approx":false,"height":13.2,"floors":3,"generated":true}},{"type":"Feature","geometry":{"type":"Polygon","coordinates":[[[30.2873902,59.9258549],[30.2874242,59.9256896],[30.287698,59.9257038],[30.287664,59.925869],[30.2873902,59.9258549]]]},"properties":{"layer":"context","id":"H468","name":"Жилой дом (Мастерская ул.)","kind":"context","info":"Рядовая историческая застройка: Мастерская ул.. Схематично.","approx":false,"height":24.1,"floors":6,"generated":true}},{"type":"Feature","geometry":{"type":"Polygon","coordinates":[[[30.2876744,59.9258182],[30.287698,59.9257038],[30.2881586,59.9257276],[30.288135,59.925842],[30.2876744,59.9258182]]]},"properties":{"layer":"context","id":"H469","name":"Дворовый флигель (Мастерская ул.)","kind":"context","info":"Дворовый флигель рядовой застройки. Схематично.","approx":false,"height":20,"floors":5,"generated":true}},{"type":"Feature","geometry":{"type":"Polygon","coordinates":[[[30.2873595,59.9260036],[30.2873902,59.9258549],[30.287627,59.9258671],[30.2875963,59.9260158],[30.2873595,59.9260036]]]},"properties":{"layer":"context","id":"H470","name":"Жилой дом (Мастерская ул.)","kind":"context","info":"Рядовая историческая застройка: Мастерская ул.. Схематично.","approx":false,"height":17.9,"floors":4,"generated":true}},{"type":"Feature","geometry":{"type":"Polygon","coordinates":[[[30.2875963,59.9260158],[30.2876158,59.9259213],[30.2880125,59.9259418],[30.287993,59.9260363],[30.2875963,59.9260158]]]},"properties":{"layer":"context","id":"H471","name":"Дворовый флигель (Мастерская ул.)","kind":"context","info":"Дворовый флигель рядовой застройки. Схематично.","approx":false,"height":13.2,"floors":3,"generated":true}},{"type":"Feature","geometry":{"type":"Polygon","coordinates":[[[30.2872621,59.9264763],[30.2873044,59.9262714],[30.2875641,59.9262849],[30.2875219,59.9264897],[30.2872621,59.9264763]]]},"properties":{"layer":"context","id":"H472","name":"Жилой дом (Мастерская ул.)","kind":"context","info":"Рядовая историческая застройка: Мастерская ул.. Схематично.","approx":false,"height":20.6,"floors":5,"generated":true}},{"type":"Feature","geometry":{"type":"Polygon","coordinates":[[[30.2875219,59.9264897],[30.287545,59.9263773],[30.288018,59.9264018],[30.2879948,59.9265142],[30.2875219,59.9264897]]]},"properties":{"layer":"context","id":"H473","name":"Дворовый флигель (Мастерская ул.)","kind":"context","info":"Дворовый флигель рядовой застройки. Схематично.","approx":false,"height":20,"floors":5,"generated":true}},{"type":"Feature","geometry":{"type":"Polygon","coordinates":[[[30.2871996,59.9267798],[30.2872621,59.9264763],[30.2875326,59.9264903],[30.28747,59.9267938],[30.2871996,59.9267798]]]},"properties":{"layer":"context","id":"H474","name":"Жилой дом (Мастерская ул.)","kind":"context","info":"Рядовая историческая застройка: Мастерская ул.. Схематично.","approx":false,"height":18.2,"floors":4,"generated":true}},{"type":"Feature","geometry":{"type":"Polygon","coordinates":[[[30.2871605,59.9269695],[30.2871996,59.9267798],[30.2874878,59.9267947],[30.2874487,59.9269844],[30.2871605,59.9269695]]]},"properties":{"layer":"context","id":"H475","name":"Жилой дом (Мастерская ул.)","kind":"context","info":"Рядовая историческая застройка: Мастерская ул.. Схематично.","approx":false,"height":24,"floors":6,"generated":true}},{"type":"Feature","geometry":{"type":"Polygon","coordinates":[[[30.2874487,59.9269844],[30.2874674,59.9268937],[30.2880405,59.9269233],[30.2880218,59.927014],[30.2874487,59.9269844]]]},"properties":{"layer":"context","id":"H476","name":"Дворовый флигель (Мастерская ул.)","kind":"context","info":"Дворовый флигель рядовой застройки. Схематично.","approx":false,"height":20,"floors":5,"generated":true}},{"type":"Feature","geometry":{"type":"Polygon","coordinates":[[[30.2871121,59.9272045],[30.2871605,59.9269695],[30.287415,59.9269826],[30.2873665,59.9272177],[30.2871121,59.9272045]]]},"properties":{"layer":"context","id":"H477","name":"Жилой дом (Мастерская ул.)","kind":"context","info":"Рядовая историческая застройка: Мастерская ул.. Схематично.","approx":false,"height":17.8,"floors":4,"generated":true}},{"type":"Feature","geometry":{"type":"Polygon","coordinates":[[[30.2873665,59.9272177],[30.2873858,59.927124],[30.2877628,59.9271435],[30.2877435,59.9272372],[30.2873665,59.9272177]]]},"properties":{"layer":"context","id":"H478","name":"Дворовый флигель (Мастерская ул.)","kind":"context","info":"Дворовый флигель рядовой застройки. Схематично.","approx":false,"height":13.2,"floors":3,"generated":true}},{"type":"Feature","geometry":{"type":"Polygon","coordinates":[[[30.287064,59.9274377],[30.2871121,59.9272045],[30.2873955,59.9272192],[30.2873475,59.9274523],[30.287064,59.9274377]]]},"properties":{"layer":"context","id":"H479","name":"Жилой дом (Мастерская ул.)","kind":"context","info":"Рядовая историческая застройка: Мастерская ул.. Схематично.","approx":false,"height":24.4,"floors":6,"generated":true}},{"type":"Feature","geometry":{"type":"Polygon","coordinates":[[[30.2873756,59.9273157],[30.2873955,59.9272192],[30.287825,59.9272414],[30.2878051,59.9273379],[30.2873756,59.9273157]]]},"properties":{"layer":"context","id":"H480","name":"Дворовый флигель (Мастерская ул.)","kind":"context","info":"Дворовый флигель рядовой застройки. Схематично.","approx":false,"height":23.4,"floors":6,"generated":true}},{"type":"Feature","geometry":{"type":"Polygon","coordinates":[[[30.2870185,59.9276585],[30.287064,59.9274377],[30.2873324,59.9274516],[30.2872869,59.9276724],[30.2870185,59.9276585]]]},"properties":{"layer":"context","id":"H481","name":"Жилой дом (Мастерская ул.)","kind":"context","info":"Рядовая историческая застройка: Мастерская ул.. Схематично.","approx":false,"height":17.5,"floors":4,"generated":true}},{"type":"Feature","geometry":{"type":"Polygon","coordinates":[[[30.2869691,59.9278982],[30.2870185,59.9276585],[30.2873023,59.9276732],[30.2872529,59.9279129],[30.2869691,59.9278982]]]},"properties":{"layer":"context","id":"H482","name":"Жилой дом (Мастерская ул.)","kind":"context","info":"Рядовая историческая застройка: Мастерская ул.. Схематично.","approx":false,"height":24.7,"floors":6,"generated":true}},{"type":"Feature","geometry":{"type":"Polygon","coordinates":[[[30.2869169,59.9281516],[30.2869691,59.9278982],[30.2872286,59.9279116],[30.2871764,59.928165],[30.2869169,59.9281516]]]},"properties":{"layer":"context","id":"H483","name":"Жилой дом (Мастерская ул.)","kind":"context","info":"Рядовая историческая застройка: Мастерская ул.. Схематично.","approx":false,"height":23.9,"floors":6,"generated":true}},{"type":"Feature","geometry":{"type":"Polygon","coordinates":[[[30.2782571,59.9203767],[30.2776761,59.9202931],[30.2777538,59.9201577],[30.2783348,59.9202413],[30.2782571,59.9203767]]]},"properties":{"layer":"context","id":"H484","name":"Жилой дом (наб. реки Пряжки)","kind":"context","info":"Рядовая историческая застройка: наб. реки Пряжки. Схематично.","approx":false,"height":24.5,"floors":6,"generated":true}},{"type":"Feature","geometry":{"type":"Polygon","coordinates":[[[30.2785356,59.9204168],[30.2782571,59.9203767],[30.2783291,59.9202513],[30.2786076,59.9202914],[30.2785356,59.9204168]]]},"properties":{"layer":"context","id":"H485","name":"Жилой дом (наб. реки Пряжки)","kind":"context","info":"Рядовая историческая застройка: наб. реки Пряжки. Схематично.","approx":false,"height":23.9,"floors":6,"generated":true}},{"type":"Feature","geometry":{"type":"Polygon","coordinates":[[[30.2785128,59.9202777],[30.2783291,59.9202513],[30.2784783,59.9199913],[30.278662,59.9200177],[30.2785128,59.9202777]]]},"properties":{"layer":"context","id":"H486","name":"Дворовый флигель (наб. реки Пряжки)","kind":"context","info":"Дворовый флигель рядовой застройки. Схематично.","approx":false,"height":20,"floors":5,"generated":true}},{"type":"Feature","geometry":{"type":"Polygon","coordinates":[[[30.2790541,59.9205852],[30.2788104,59.9204761],[30.2789823,59.9203797],[30.2792261,59.9204888],[30.2790541,59.9205852]]]},"properties":{"layer":"context","id":"H487","name":"Жилой дом (наб. реки Пряжки)","kind":"context","info":"Рядовая историческая застройка: наб. реки Пряжки. Схематично.","approx":false,"height":21,"floors":5,"generated":true}},{"type":"Feature","geometry":{"type":"Polygon","coordinates":[[[30.2791553,59.9204571],[30.2789823,59.9203797],[30.2792051,59.9202548],[30.2793781,59.9203323],[30.2791553,59.9204571]]]},"properties":{"layer":"context","id":"H488","name":"Дворовый флигель (наб. реки Пряжки)","kind":"context","info":"Дворовый флигель рядовой застройки. Схематично.","approx":false,"height":20,"floors":5,"generated":true}},{"type":"Feature","geometry":{"type":"Polygon","coordinates":[[[30.2793481,59.9207167],[30.2790541,59.9205852],[30.2792206,59.9204919],[30.2795145,59.9206234],[30.2793481,59.9207167]]]},"properties":{"layer":"context","id":"H489","name":"Жилой дом (наб. реки Пряжки)","kind":"context","info":"Рядовая историческая застройка: наб. реки Пряжки. Схематично.","approx":false,"height":21.4,"floors":5,"generated":true}},{"type":"Feature","geometry":{"type":"Polygon","coordinates":[[[30.2795858,59.9208231],[30.2793481,59.9207167],[30.2795496,59.9206037],[30.2797874,59.9207102],[30.2795858,59.9208231]]]},"properties":{"layer":"context","id":"H490","name":"Жилой дом (наб. реки Пряжки)","kind":"context","info":"Рядовая историческая застройка: наб. реки Пряжки. Схематично.","approx":false,"height":24.8,"floors":6,"generated":true}},{"type":"Feature","geometry":{"type":"Polygon","coordinates":[[[30.2797226,59.9206812],[30.2795496,59.9206037],[30.2799116,59.9204009],[30.2800846,59.9204783],[30.2797226,59.9206812]]]},"properties":{"layer":"context","id":"H491","name":"Дворовый флигель (наб. реки Пряжки)","kind":"context","info":"Дворовый флигель рядовой застройки. Схематично.","approx":false,"height":23.4,"floors":6,"generated":true}},{"type":"Feature","geometry":{"type":"Polygon","coordinates":[[[30.2797317,59.9211885],[30.2796663,59.9209076],[30.2799569,59.9208906],[30.2800224,59.9211715],[30.2797317,59.9211885]]]},"properties":{"layer":"context","id":"H492","name":"Жилой дом (наб. реки Пряжки)","kind":"context","info":"Рядовая историческая застройка: наб. реки Пряжки. Схематично.","approx":false,"height":20.6,"floors":5,"generated":true}},{"type":"Feature","geometry":{"type":"Polygon","coordinates":[[[30.2800224,59.9211715],[30.2799976,59.9210653],[30.2804249,59.9210403],[30.2804497,59.9211466],[30.2800224,59.9211715]]]},"properties":{"layer":"context","id":"H493","name":"Дворовый флигель (наб. реки Пряжки)","kind":"context","info":"Дворовый флигель рядовой застройки. Схематично.","approx":false,"height":16.6,"floors":4,"generated":true}},{"type":"Feature","geometry":{"type":"Polygon","coordinates":[[[30.2797865,59.9217755],[30.2797865,59.9214548],[30.2800579,59.9214548],[30.2800579,59.9217755],[30.2797865,59.9217755]]]},"properties":{"layer":"context","id":"H494","name":"Жилой дом (наб. реки Пряжки)","kind":"context","info":"Рядовая историческая застройка: наб. реки Пряжки. Схематично.","approx":false,"height":21,"floors":5,"generated":true}},{"type":"Feature","geometry":{"type":"Polygon","coordinates":[[[30.2797865,59.9219793],[30.2797865,59.9217755],[30.2800429,59.9217755],[30.2800429,59.9219793],[30.2797865,59.9219793]]]},"properties":{"layer":"context","id":"H495","name":"Жилой дом (наб. реки Пряжки)","kind":"context","info":"Рядовая историческая застройка: наб. реки Пряжки. Схематично.","approx":false,"height":17.6,"floors":4,"generated":true}},{"type":"Feature","geometry":{"type":"Polygon","coordinates":[[[30.2800429,59.9219793],[30.2800429,59.9218739],[30.2805639,59.9218739],[30.2805639,59.9219793],[30.2800429,59.9219793]]]},"properties":{"layer":"context","id":"H496","name":"Дворовый флигель (наб. реки Пряжки)","kind":"context","info":"Дворовый флигель рядовой застройки. Схематично.","approx":false,"height":16.6,"floors":4,"generated":true}},{"type":"Feature","geometry":{"type":"Polygon","coordinates":[[[30.2797865,59.9222724],[30.2797865,59.9219793],[30.2800302,59.9219793],[30.2800302,59.9222724],[30.2797865,59.9222724]]]},"properties":{"layer":"context","id":"H497","name":"Жилой дом (наб. реки Пряжки)","kind":"context","info":"Рядовая историческая застройка: наб. реки Пряжки. Схематично.","approx":false,"height":17.7,"floors":4,"generated":true}},{"type":"Feature","geometry":{"type":"Polygon","coordinates":[[[30.2800302,59.9222724],[30.2800302,59.9221767],[30.2803692,59.9221767],[30.2803692,59.9222724],[30.2800302,59.9222724]]]},"properties":{"layer":"context","id":"H498","name":"Дворовый флигель (наб. реки Пряжки)","kind":"context","info":"Дворовый флигель рядовой застройки. Схематично.","approx":false,"height":13.2,"floors":3,"generated":true}},{"type":"Feature","geometry":{"type":"Polygon","coordinates":[[[30.2797865,59.922509],[30.2797865,59.9222724],[30.2800229,59.9222724],[30.2800229,59.922509],[30.2797865,59.922509]]]},"properties":{"layer":"context","id":"H499","name":"Жилой дом (наб. реки Пряжки)","kind":"context","info":"Рядовая историческая застройка: наб. реки Пряжки. Схематично.","approx":false,"height":18,"floors":4,"generated":true}},{"type":"Feature","geometry":{"type":"Polygon","coordinates":[[[30.2800229,59.922509],[30.2800229,59.9224138],[30.2806,59.9224138],[30.2806,59.922509],[30.2800229,59.922509]]]},"properties":{"layer":"context","id":"H500","name":"Дворовый флигель (наб. реки Пряжки)","kind":"context","info":"Дворовый флигель рядовой застройки. Схематично.","approx":false,"height":16.6,"floors":4,"generated":true}},{"type":"Feature","geometry":{"type":"Polygon","coordinates":[[[30.2797865,59.9228144],[30.2797865,59.922509],[30.2800354,59.922509],[30.2800354,59.9228144],[30.2797865,59.9228144]]]},"properties":{"layer":"context","id":"H501","name":"Жилой дом (наб. реки Пряжки)","kind":"context","info":"Рядовая историческая застройка: наб. реки Пряжки. Схематично.","approx":false,"height":23.8,"floors":6,"generated":true}},{"type":"Feature","geometry":{"type":"Polygon","coordinates":[[[30.2800354,59.9226006],[30.2800354,59.922509],[30.2803355,59.922509],[30.2803355,59.9226006],[30.2800354,59.9226006]]]},"properties":{"layer":"context","id":"H502","name":"Дворовый флигель (наб. реки Пряжки)","kind":"context","info":"Дворовый флигель рядовой застройки. Схематично.","approx":false,"height":23.4,"floors":6,"generated":true}},{"type":"Feature","geometry":{"type":"Polygon","coordinates":[[[30.2797865,59.9230144],[30.2797865,59.9228144],[30.2800257,59.9228144],[30.2800257,59.9230144],[30.2797865,59.9230144]]]},"properties":{"layer":"context","id":"H503","name":"Жилой дом (наб. реки Пряжки)","kind":"context","info":"Рядовая историческая застройка: наб. реки Пряжки. Схематично.","approx":false,"height":25,"floors":6,"generated":true}},{"type":"Feature","geometry":{"type":"Polygon","coordinates":[[[30.2797865,59.9237763],[30.2797865,59.9235081],[30.280061,59.9235081],[30.280061,59.9237763],[30.2797865,59.9237763]]]},"properties":{"layer":"context","id":"H504","name":"Жилой дом (наб. реки Пряжки)","kind":"context","info":"Рядовая историческая застройка: наб. реки Пряжки. Схематично.","approx":false,"height":24.2,"floors":6,"generated":true}},{"type":"Feature","geometry":{"type":"Polygon","coordinates":[[[30.2797865,59.9239461],[30.2797865,59.9237763],[30.2800806,59.9237763],[30.2800806,59.9239461],[30.2797865,59.9239461]]]},"properties":{"layer":"context","id":"H505","name":"Жилой дом (наб. реки Пряжки)","kind":"context","info":"Рядовая историческая застройка: наб. реки Пряжки. Схематично.","approx":false,"height":24.8,"floors":6,"generated":true}},{"type":"Feature","geometry":{"type":"Polygon","coordinates":[[[30.2800806,59.9238762],[30.2800806,59.9237763],[30.2804284,59.9237763],[30.2804284,59.9238762],[30.2800806,59.9238762]]]},"properties":{"layer":"context","id":"H506","name":"Дворовый флигель (наб. реки Пряжки)","kind":"context","info":"Дворовый флигель рядовой застройки. Схематично.","approx":false,"height":23.4,"floors":6,"generated":true}},{"type":"Feature","geometry":{"type":"Polygon","coordinates":[[[30.2797865,59.9242546],[30.2797865,59.9239461],[30.280032,59.9239461],[30.280032,59.9242546],[30.2797865,59.9242546]]]},"properties":{"layer":"context","id":"H507","name":"Жилой дом (наб. реки Пряжки)","kind":"context","info":"Рядовая историческая застройка: наб. реки Пряжки. Схематично.","approx":false,"height":17.1,"floors":4,"generated":true}},{"type":"Feature","geometry":{"type":"Polygon","coordinates":[[[30.2797865,59.924543],[30.2797865,59.9242546],[30.2800348,59.9242546],[30.2800348,59.924543],[30.2797865,59.924543]]]},"properties":{"layer":"context","id":"H508","name":"Жилой дом (наб. реки Пряжки)","kind":"context","info":"Рядовая историческая застройка: наб. реки Пряжки. Схематично.","approx":false,"height":20.7,"floors":5,"generated":true}},{"type":"Feature","geometry":{"type":"Polygon","coordinates":[[[30.2800348,59.924543],[30.2800348,59.9244305],[30.2805963,59.9244305],[30.2805963,59.924543],[30.2800348,59.924543]]]},"properties":{"layer":"context","id":"H509","name":"Дворовый флигель (наб. реки Пряжки)","kind":"context","info":"Дворовый флигель рядовой застройки. Схематично.","approx":false,"height":16.6,"floors":4,"generated":true}},{"type":"Feature","geometry":{"type":"Polygon","coordinates":[[[30.2797865,59.9247299],[30.2797865,59.924543],[30.2800761,59.924543],[30.2800761,59.9247299],[30.2797865,59.9247299]]]},"properties":{"layer":"context","id":"H510","name":"Жилой дом (наб. реки Пряжки)","kind":"context","info":"Рядовая историческая застройка: наб. реки Пряжки. Схематично.","approx":false,"height":24.3,"floors":6,"generated":true}},{"type":"Feature","geometry":{"type":"Polygon","coordinates":[[[30.2800761,59.9247299],[30.2800761,59.9246305],[30.2805092,59.9246305],[30.2805092,59.9247299],[30.2800761,59.9247299]]]},"properties":{"layer":"context","id":"H511","name":"Дворовый флигель (наб. реки Пряжки)","kind":"context","info":"Дворовый флигель рядовой застройки. Схематично.","approx":false,"height":23.4,"floors":6,"generated":true}},{"type":"Feature","geometry":{"type":"Polygon","coordinates":[[[30.2797865,59.9248784],[30.2797865,59.9247299],[30.2800738,59.9247299],[30.2800738,59.9248784],[30.2797865,59.9248784]]]},"properties":{"layer":"context","id":"H512","name":"Жилой дом (наб. реки Пряжки)","kind":"context","info":"Рядовая историческая застройка: наб. реки Пряжки. Схематично.","approx":false,"height":24.5,"floors":6,"generated":true}},{"type":"Feature","geometry":{"type":"Polygon","coordinates":[[[30.2797865,59.9251147],[30.2797865,59.9248784],[30.2800372,59.9248784],[30.2800372,59.9251147],[30.2797865,59.9251147]]]},"properties":{"layer":"context","id":"H513","name":"Жилой дом (наб. реки Пряжки)","kind":"context","info":"Рядовая историческая застройка: наб. реки Пряжки. Схематично.","approx":false,"height":17.4,"floors":4,"generated":true}},{"type":"Feature","geometry":{"type":"Polygon","coordinates":[[[30.2800372,59.9251147],[30.2800372,59.9250058],[30.2803572,59.9250058],[30.2803572,59.9251147],[30.2800372,59.9251147]]]},"properties":{"layer":"context","id":"H514","name":"Дворовый флигель (наб. реки Пряжки)","kind":"context","info":"Дворовый флигель рядовой застройки. Схематично.","approx":false,"height":13.2,"floors":3,"generated":true}},{"type":"Feature","geometry":{"type":"Polygon","coordinates":[[[30.2797865,59.9254071],[30.2797865,59.9251147],[30.2800471,59.9251147],[30.2800471,59.9254071],[30.2797865,59.9254071]]]},"properties":{"layer":"context","id":"H515","name":"Жилой дом (наб. реки Пряжки)","kind":"context","info":"Рядовая историческая застройка: наб. реки Пряжки. Схематично.","approx":false,"height":18,"floors":4,"generated":true}},{"type":"Feature","geometry":{"type":"Polygon","coordinates":[[[30.2800471,59.9252099],[30.2800471,59.9251147],[30.2803481,59.9251147],[30.2803481,59.9252099],[30.2800471,59.9252099]]]},"properties":{"layer":"context","id":"H516","name":"Дворовый флигель (наб. реки Пряжки)","kind":"context","info":"Дворовый флигель рядовой застройки. Схематично.","approx":false,"height":16.6,"floors":4,"generated":true}},{"type":"Feature","geometry":{"type":"Polygon","coordinates":[[[30.2797865,59.9256988],[30.2797865,59.9254071],[30.2800821,59.9254071],[30.2800821,59.9256988],[30.2797865,59.9256988]]]},"properties":{"layer":"context","id":"H517","name":"Жилой дом (наб. реки Пряжки)","kind":"context","info":"Рядовая историческая застройка: наб. реки Пряжки. Схематично.","approx":false,"height":24.5,"floors":6,"generated":true}},{"type":"Feature","geometry":{"type":"Polygon","coordinates":[[[30.2797865,59.9259816],[30.2797865,59.9256988],[30.2800319,59.9256988],[30.2800319,59.9259816],[30.2797865,59.9259816]]]},"properties":{"layer":"context","id":"H518","name":"Жилой дом (наб. реки Пряжки)","kind":"context","info":"Рядовая историческая застройка: наб. реки Пряжки. Схематично.","approx":false,"height":17,"floors":4,"generated":true}},{"type":"Feature","geometry":{"type":"Polygon","coordinates":[[[30.2797865,59.9261349],[30.2797865,59.9259816],[30.2800282,59.9259816],[30.2800282,59.9261349],[30.2797865,59.9261349]]]},"properties":{"layer":"context","id":"H519","name":"Жилой дом (наб. реки Пряжки)","kind":"context","info":"Рядовая историческая застройка: наб. реки Пряжки. Схематично.","approx":false,"height":20.6,"floors":5,"generated":true}},{"type":"Feature","geometry":{"type":"Polygon","coordinates":[[[30.2800282,59.9261349],[30.2800282,59.9260201],[30.2804246,59.9260201],[30.2804246,59.9261349],[30.2800282,59.9261349]]]},"properties":{"layer":"context","id":"H520","name":"Дворовый флигель (наб. реки Пряжки)","kind":"context","info":"Дворовый флигель рядовой застройки. Схематично.","approx":false,"height":20,"floors":5,"generated":true}},{"type":"Feature","geometry":{"type":"Polygon","coordinates":[[[30.2797865,59.9263141],[30.2797865,59.9261349],[30.2800512,59.9261349],[30.2800512,59.9263141],[30.2797865,59.9263141]]]},"properties":{"layer":"context","id":"H521","name":"Жилой дом (наб. реки Пряжки)","kind":"context","info":"Рядовая историческая застройка: наб. реки Пряжки. Схематично.","approx":false,"height":21.5,"floors":5,"generated":true}},{"type":"Feature","geometry":{"type":"Polygon","coordinates":[[[30.2800512,59.9262305],[30.2800512,59.9261349],[30.2804705,59.9261349],[30.2804705,59.9262305],[30.2800512,59.9262305]]]},"properties":{"layer":"context","id":"H522","name":"Дворовый флигель (наб. реки Пряжки)","kind":"context","info":"Дворовый флигель рядовой застройки. Схематично.","approx":false,"height":20,"floors":5,"generated":true}},{"type":"Feature","geometry":{"type":"Polygon","coordinates":[[[30.2820062,59.9276001],[30.2815423,59.9275072],[30.2816444,59.9273794],[30.2821082,59.9274723],[30.2820062,59.9276001]]]},"properties":{"layer":"context","id":"H523","name":"Жилой дом (наб. реки Мойки)","kind":"context","info":"Рядовая историческая застройка: наб. реки Мойки. Схематично.","approx":false,"height":20.5,"floors":5,"generated":true}},{"type":"Feature","geometry":{"type":"Polygon","coordinates":[[[30.2825539,59.9277098],[30.2820062,59.9276001],[30.2821044,59.9274771],[30.2826521,59.9275868],[30.2825539,59.9277098]]]},"properties":{"layer":"context","id":"H524","name":"Жилой дом (наб. реки Мойки)","kind":"context","info":"Рядовая историческая застройка: наб. реки Мойки. Схематично.","approx":false,"height":24,"floors":6,"generated":true}},{"type":"Feature","geometry":{"type":"Polygon","coordinates":[[[30.2822816,59.9275126],[30.2821044,59.9274771],[30.2822205,59.9273316],[30.2823978,59.9273672],[30.2822816,59.9275126]]]},"properties":{"layer":"context","id":"H525","name":"Дворовый флигель (наб. реки Мойки)","kind":"context","info":"Дворовый флигель рядовой застройки. Схематично.","approx":false,"height":20,"floors":5,"generated":true}},{"type":"Feature","geometry":{"type":"Polygon","coordinates":[[[30.2836746,59.9279343],[30.2830531,59.9278098],[30.2831483,59.9276906],[30.2837698,59.9278151],[30.2836746,59.9279343]]]},"properties":{"layer":"context","id":"H526","name":"Жилой дом (наб. реки Мойки)","kind":"context","info":"Рядовая историческая застройка: наб. реки Мойки. Схематично.","approx":false,"height":24.8,"floors":6,"generated":true}},{"type":"Feature","geometry":{"type":"Polygon","coordinates":[[[30.2839809,59.9279957],[30.2836746,59.9279343],[30.283785,59.927796],[30.2840914,59.9278574],[30.2839809,59.9279957]]]},"properties":{"layer":"context","id":"H527","name":"Жилой дом (наб. реки Мойки)","kind":"context","info":"Рядовая историческая застройка: наб. реки Мойки. Схематично.","approx":false,"height":17.9,"floors":4,"generated":true}},{"type":"Feature","geometry":{"type":"Polygon","coordinates":[[[30.2840914,59.9278574],[30.2838965,59.9278183],[30.2840412,59.9276371],[30.2842361,59.9276762],[30.2840914,59.9278574]]]},"properties":{"layer":"context","id":"H528","name":"Дворовый флигель (наб. реки Мойки)","kind":"context","info":"Дворовый флигель рядовой застройки. Схематично.","approx":false,"height":16.6,"floors":4,"generated":true}},{"type":"Feature","geometry":{"type":"Polygon","coordinates":[[[30.2846462,59.928071],[30.284044,59.9280046],[30.2841068,59.9278617],[30.284709,59.927928],[30.2846462,59.928071]]]},"properties":{"layer":"context","id":"H529","name":"Жилой дом (наб. реки Мойки)","kind":"context","info":"Рядовая историческая застройка: наб. реки Мойки. Схематично.","approx":false,"height":21.5,"floors":5,"generated":true}},{"type":"Feature","geometry":{"type":"Polygon","coordinates":[[[30.284709,59.927928],[30.2845339,59.9279087],[30.2846512,59.9276418],[30.2848262,59.9276611],[30.284709,59.927928]]]},"properties":{"layer":"context","id":"H530","name":"Дворовый флигель (наб. реки Мойки)","kind":"context","info":"Дворовый флигель рядовой застройки. Схематично.","approx":false,"height":16.6,"floors":4,"generated":true}},{"type":"Feature","geometry":{"type":"Polygon","coordinates":[[[30.2851382,59.9281252],[30.2846462,59.928071],[30.284705,59.9279371],[30.285197,59.9279914],[30.2851382,59.9281252]]]},"properties":{"layer":"context","id":"H531","name":"Жилой дом (наб. реки Мойки)","kind":"context","info":"Рядовая историческая застройка: наб. реки Мойки. Схематично.","approx":false,"height":24.8,"floors":6,"generated":true}},{"type":"Feature","geometry":{"type":"Polygon","coordinates":[[[30.285197,59.9279914],[30.2849959,59.9279692],[30.2851228,59.9276803],[30.2853239,59.9277024],[30.285197,59.9279914]]]},"properties":{"layer":"context","id":"H532","name":"Дворовый флигель (наб. реки Мойки)","kind":"context","info":"Дворовый флигель рядовой застройки. Схематично.","approx":false,"height":23.4,"floors":6,"generated":true}},{"type":"Feature","geometry":{"type":"Polygon","coordinates":[[[30.2855289,59.9281682],[30.2851382,59.9281252],[30.2851943,59.9279975],[30.2855849,59.9280406],[30.2855289,59.9281682]]]},"properties":{"layer":"context","id":"H533","name":"Жилой дом (наб. реки Мойки)","kind":"context","info":"Рядовая историческая застройка: наб. реки Мойки. Схематично.","approx":false,"height":17,"floors":4,"generated":true}},{"type":"Feature","geometry":{"type":"Polygon","coordinates":[[[30.2857486,59.9281925],[30.2855289,59.9281682],[30.2855864,59.9280372],[30.2858062,59.9280614],[30.2857486,59.9281925]]]},"properties":{"layer":"context","id":"H534","name":"Жилой дом (наб. реки Мойки)","kind":"context","info":"Рядовая историческая застройка: наб. реки Мойки. Схематично.","approx":false,"height":24.8,"floors":6,"generated":true}},{"type":"Feature","geometry":{"type":"Polygon","coordinates":[[[30.2861009,59.9281956],[30.285807,59.9281948],[30.2858086,59.9280588],[30.2861025,59.9280596],[30.2861009,59.9281956]]]},"properties":{"layer":"context","id":"H535","name":"Жилой дом (наб. реки Мойки)","kind":"context","info":"Рядовая историческая застройка: наб. реки Мойки. Схематично.","approx":false,"height":17.4,"floors":4,"generated":true}},{"type":"Feature","geometry":{"type":"Polygon","coordinates":[[[30.2863,59.9281962],[30.2861009,59.9281956],[30.2861023,59.9280707],[30.2863014,59.9280713],[30.2863,59.9281962]]]},"properties":{"layer":"context","id":"H536","name":"Жилой дом (наб. реки Мойки)","kind":"context","info":"Рядовая историческая застройка: наб. реки Мойки. Схематично.","approx":false,"height":20.5,"floors":5,"generated":true}},{"type":"Feature","geometry":{"type":"Polygon","coordinates":[[[30.2874923,59.9281996],[30.287196,59.9281988],[30.2871974,59.928078],[30.2874936,59.9280789],[30.2874923,59.9281996]]]},"properties":{"layer":"context","id":"H537","name":"Жилой дом (наб. реки Мойки)","kind":"context","info":"Рядовая историческая застройка: наб. реки Мойки. Схематично.","approx":false,"height":21.3,"floors":5,"generated":true}},{"type":"Feature","geometry":{"type":"Polygon","coordinates":[[[30.2877953,59.9282005],[30.2874923,59.9281996],[30.2874938,59.9280615],[30.2877968,59.9280624],[30.2877953,59.9282005]]]},"properties":{"layer":"context","id":"H538","name":"Жилой дом (наб. реки Мойки)","kind":"context","info":"Рядовая историческая застройка: наб. реки Мойки. Схематично.","approx":false,"height":18,"floors":4,"generated":true}},{"type":"Feature","geometry":{"type":"Polygon","coordinates":[[[30.2877968,59.9280624],[30.2875701,59.9280617],[30.2875733,59.9277881],[30.2878,59.9277888],[30.2877968,59.9280624]]]},"properties":{"layer":"context","id":"H539","name":"Дворовый флигель (наб. реки Мойки)","kind":"context","info":"Дворовый флигель рядовой застройки. Схематично.","approx":false,"height":16.6,"floors":4,"generated":true}},{"type":"Feature","geometry":{"type":"Polygon","coordinates":[[[30.2883023,59.9282019],[30.2877953,59.9282005],[30.2877967,59.9280785],[30.2883037,59.9280799],[30.2883023,59.9282019]]]},"properties":{"layer":"context","id":"H540","name":"Жилой дом (наб. реки Мойки)","kind":"context","info":"Рядовая историческая застройка: наб. реки Мойки. Схематично.","approx":false,"height":18.1,"floors":4,"generated":true}},{"type":"Feature","geometry":{"type":"Polygon","coordinates":[[[30.2879973,59.9280791],[30.2877967,59.9280785],[30.2877997,59.9278149],[30.2880003,59.9278155],[30.2879973,59.9280791]]]},"properties":{"layer":"context","id":"H541","name":"Дворовый флигель (наб. реки Мойки)","kind":"context","info":"Дворовый флигель рядовой застройки. Схематично.","approx":false,"height":16.6,"floors":4,"generated":true}},{"type":"Feature","geometry":{"type":"Polygon","coordinates":[[[30.2888149,59.9282034],[30.2883023,59.9282019],[30.2883038,59.928068],[30.2888164,59.9280695],[30.2888149,59.9282034]]]},"properties":{"layer":"context","id":"H542","name":"Жилой дом (наб. реки Мойки)","kind":"context","info":"Рядовая историческая застройка: наб. реки Мойки. Схематично.","approx":false,"height":24.6,"floors":6,"generated":true}},{"type":"Feature","geometry":{"type":"Polygon","coordinates":[[[30.2891851,59.9282044],[30.2888149,59.9282034],[30.2888165,59.9280662],[30.2891867,59.9280672],[30.2891851,59.9282044]]]},"properties":{"layer":"context","id":"H543","name":"Жилой дом (наб. реки Мойки)","kind":"context","info":"Рядовая историческая застройка: наб. реки Мойки. Схематично.","approx":false,"height":21.1,"floors":5,"generated":true}},{"type":"Feature","geometry":{"type":"Polygon","coordinates":[[[30.289007,59.9280667],[30.2888165,59.9280662],[30.2888188,59.9278655],[30.2890093,59.9278661],[30.289007,59.9280667]]]},"properties":{"layer":"context","id":"H544","name":"Дворовый флигель (наб. реки Мойки)","kind":"context","info":"Дворовый флигель рядовой застройки. Схематично.","approx":false,"height":20,"floors":5,"generated":true}},{"type":"Feature","geometry":{"type":"Polygon","coordinates":[[[30.289807,59.9282062],[30.2891851,59.9282044],[30.2891869,59.928053],[30.2898088,59.9280548],[30.289807,59.9282062]]]},"properties":{"layer":"context","id":"H545","name":"Жилой дом (наб. реки Мойки)","kind":"context","info":"Рядовая историческая застройка: наб. реки Мойки. Схематично.","approx":false,"height":18,"floors":4,"generated":true}},{"type":"Feature","geometry":{"type":"Polygon","coordinates":[[[30.289406,59.9280536],[30.2891869,59.928053],[30.2891902,59.9277593],[30.2894094,59.9277599],[30.289406,59.9280536]]]},"properties":{"layer":"context","id":"H546","name":"Дворовый флигель (наб. реки Мойки)","kind":"context","info":"Дворовый флигель рядовой застройки. Схематично.","approx":false,"height":13.2,"floors":3,"generated":true}},{"type":"Feature","geometry":{"type":"Polygon","coordinates":[[[30.2903558,59.9282078],[30.289807,59.9282062],[30.2898087,59.9280609],[30.2903575,59.9280624],[30.2903558,59.9282078]]]},"properties":{"layer":"context","id":"H547","name":"Жилой дом (наб. реки Мойки)","kind":"context","info":"Рядовая историческая застройка: наб. реки Мойки. Схематично.","approx":false,"height":20.8,"floors":5,"generated":true}},{"type":"Feature","geometry":{"type":"Polygon","coordinates":[[[30.2903575,59.9280624],[30.2901632,59.9280619],[30.2901655,59.9278636],[30.2903598,59.9278641],[30.2903575,59.9280624]]]},"properties":{"layer":"context","id":"H548","name":"Дворовый флигель (наб. реки Мойки)","kind":"context","info":"Дворовый флигель рядовой застройки. Схематично.","approx":false,"height":20,"floors":5,"generated":true}},{"type":"Feature","geometry":{"type":"Polygon","coordinates":[[[30.2907039,59.9282088],[30.2903558,59.9282078],[30.2903574,59.9280708],[30.2907054,59.9280718],[30.2907039,59.9282088]]]},"properties":{"layer":"context","id":"H549","name":"Жилой дом (наб. реки Мойки)","kind":"context","info":"Рядовая историческая застройка: наб. реки Мойки. Схематично.","approx":false,"height":17.9,"floors":4,"generated":true}},{"type":"Feature","geometry":{"type":"Polygon","coordinates":[[[30.2905463,59.9280713],[30.2903574,59.9280708],[30.2903608,59.9277701],[30.2905497,59.9277707],[30.2905463,59.9280713]]]},"properties":{"layer":"context","id":"H550","name":"Дворовый флигель (наб. реки Мойки)","kind":"context","info":"Дворовый флигель рядовой застройки. Схематично.","approx":false,"height":13.2,"floors":3,"generated":true}},{"type":"Feature","geometry":{"type":"Polygon","coordinates":[[[30.2851091,59.930962],[30.2851091,59.9306818],[30.2853775,59.9306818],[30.2853775,59.930962],[30.2851091,59.930962]]]},"properties":{"layer":"context","id":"H551","name":"Жилой дом (наб. Ново-Адмиралтейского канала)","kind":"context","info":"Рядовая историческая застройка: наб. Ново-Адмиралтейского канала. Схематично.","approx":false,"height":24.2,"floors":6,"generated":true}},{"type":"Feature","geometry":{"type":"Polygon","coordinates":[[[30.2853775,59.9307773],[30.2853775,59.9306818],[30.2857494,59.9306818],[30.2857494,59.9307773],[30.2853775,59.9307773]]]},"properties":{"layer":"context","id":"H552","name":"Дворовый флигель (наб. Ново-Адмиралтейского канала)","kind":"context","info":"Дворовый флигель рядовой застройки. Схематично.","approx":false,"height":23.4,"floors":6,"generated":true}},{"type":"Feature","geometry":{"type":"Polygon","coordinates":[[[30.2851091,59.9311423],[30.2851091,59.930962],[30.2853828,59.930962],[30.2853828,59.9311423],[30.2851091,59.9311423]]]},"properties":{"layer":"context","id":"H553","name":"Жилой дом (наб. Ново-Адмиралтейского канала)","kind":"context","info":"Рядовая историческая застройка: наб. Ново-Адмиралтейского канала. Схематично.","approx":false,"height":17.7,"floors":4,"generated":true}},{"type":"Feature","geometry":{"type":"Polygon","coordinates":[[[30.2853828,59.9311423],[30.2853828,59.9310461],[30.2859301,59.9310461],[30.2859301,59.9311423],[30.2853828,59.9311423]]]},"properties":{"layer":"context","id":"H554","name":"Дворовый флигель (наб. Ново-Адмиралтейского канала)","kind":"context","info":"Дворовый флигель рядовой застройки. Схематично.","approx":false,"height":13.2,"floors":3,"generated":true}},{"type":"Feature","geometry":{"type":"Polygon","coordinates":[[[30.2851091,59.9316918],[30.2851091,59.9313667],[30.285359,59.9313667],[30.285359,59.9316918],[30.2851091,59.9316918]]]},"properties":{"layer":"context","id":"H555","name":"Жилой дом (наб. Ново-Адмиралтейского канала)","kind":"context","info":"Рядовая историческая застройка: наб. Ново-Адмиралтейского канала. Схематично.","approx":false,"height":24.3,"floors":6,"generated":true}},{"type":"Feature","geometry":{"type":"Polygon","coordinates":[[[30.285359,59.9316918],[30.285359,59.9315827],[30.2858502,59.9315827],[30.2858502,59.9316918],[30.285359,59.9316918]]]},"properties":{"layer":"context","id":"H556","name":"Дворовый флигель (наб. Ново-Адмиралтейского канала)","kind":"context","info":"Дворовый флигель рядовой застройки. Схематично.","approx":false,"height":23.4,"floors":6,"generated":true}},{"type":"Feature","geometry":{"type":"Polygon","coordinates":[[[30.2854391,59.9313405],[30.285975,59.9313992],[30.2859224,59.9315196],[30.2853865,59.9314608],[30.2854391,59.9313405]]]},"properties":{"layer":"context","id":"H557","name":"Жилой дом (Галерная ул.)","kind":"context","info":"Рядовая историческая застройка: Галерная ул.. Схематично.","approx":false,"height":24.1,"floors":6,"generated":true}},{"type":"Feature","geometry":{"type":"Polygon","coordinates":[[[30.285975,59.9313992],[30.2865834,59.9314659],[30.2865255,59.9315985],[30.285917,59.9315318],[30.285975,59.9313992]]]},"properties":{"layer":"context","id":"H558","name":"Жилой дом (Галерная ул.)","kind":"context","info":"Рядовая историческая застройка: Галерная ул.. Схематично.","approx":false,"height":24.1,"floors":6,"generated":true}},{"type":"Feature","geometry":{"type":"Polygon","coordinates":[[[30.2865834,59.9314659],[30.2869685,59.9315081],[30.2869136,59.9316338],[30.2865285,59.9315916],[30.2865834,59.9314659]]]},"properties":{"layer":"context","id":"H559","name":"Жилой дом (Галерная ул.)","kind":"context","info":"Рядовая историческая застройка: Галерная ул.. Схематично.","approx":false,"height":21.5,"floors":5,"generated":true}},{"type":"Feature","geometry":{"type":"Polygon","coordinates":[[[30.28673,59.9316137],[30.2869136,59.9316338],[30.2868126,59.931865],[30.286629,59.9318448],[30.28673,59.9316137]]]},"properties":{"layer":"context","id":"H560","name":"Дворовый флигель (Галерная ул.)","kind":"context","info":"Дворовый флигель рядовой застройки. Схематично.","approx":false,"height":16.6,"floors":4,"generated":true}},{"type":"Feature","geometry":{"type":"Polygon","coordinates":[[[30.2869685,59.9315081],[30.2875523,59.9315721],[30.2874962,59.9317005],[30.2869124,59.9316365],[30.2869685,59.9315081]]]},"properties":{"layer":"context","id":"H561","name":"Жилой дом (Галерная ул.)","kind":"context","info":"Рядовая историческая застройка: Галерная ул.. Схематично.","approx":false,"height":17.6,"floors":4,"generated":true}},{"type":"Feature","geometry":{"type":"Polygon","coordinates":[[[30.2875523,59.9315721],[30.2878504,59.9316048],[30.2877976,59.9317255],[30.2874996,59.9316929],[30.2875523,59.9315721]]]},"properties":{"layer":"context","id":"H562","name":"Жилой дом (Галерная ул.)","kind":"context","info":"Рядовая историческая застройка: Галерная ул.. Схематично.","approx":false,"height":17.7,"floors":4,"generated":true}},{"type":"Feature","geometry":{"type":"Polygon","coordinates":[[[30.2878504,59.9316048],[30.288363,59.9316609],[30.2883041,59.9317956],[30.2877915,59.9317394],[30.2878504,59.9316048]]]},"properties":{"layer":"context","id":"H563","name":"Жилой дом (Галерная ул.)","kind":"context","info":"Рядовая историческая застройка: Галерная ул.. Схематично.","approx":false,"height":17,"floors":4,"generated":true}},{"type":"Feature","geometry":{"type":"Polygon","coordinates":[[[30.2877915,59.9317394],[30.2879793,59.93176],[30.2878929,59.9319577],[30.2877052,59.9319371],[30.2877915,59.9317394]]]},"properties":{"layer":"context","id":"H564","name":"Дворовый флигель (Галерная ул.)","kind":"context","info":"Дворовый флигель рядовой застройки. Схематично.","approx":false,"height":13.2,"floors":3,"generated":true}},{"type":"Feature","geometry":{"type":"Polygon","coordinates":[[[30.288363,59.9316609],[30.2889191,59.9317219],[30.2888572,59.9318636],[30.2883011,59.9318026],[30.288363,59.9316609]]]},"properties":{"layer":"context","id":"H565","name":"Жилой дом (Галерная ул.)","kind":"context","info":"Рядовая историческая застройка: Галерная ул.. Схематично.","approx":false,"height":24.5,"floors":6,"generated":true}},{"type":"Feature","geometry":{"type":"Polygon","coordinates":[[[30.2883011,59.9318026],[30.2885096,59.9318255],[30.2884249,59.9320194],[30.2882164,59.9319965],[30.2883011,59.9318026]]]},"properties":{"layer":"context","id":"H566","name":"Дворовый флигель (Галерная ул.)","kind":"context","info":"Дворовый флигель рядовой застройки. Схематично.","approx":false,"height":20,"floors":5,"generated":true}},{"type":"Feature","geometry":{"type":"Polygon","coordinates":[[[30.2889191,59.9317219],[30.2892063,59.9317534],[30.2891519,59.9318779],[30.2888647,59.9318464],[30.2889191,59.9317219]]]},"properties":{"layer":"context","id":"H567","name":"Жилой дом (Галерная ул.)","kind":"context","info":"Рядовая историческая застройка: Галерная ул.. Схематично.","approx":false,"height":20.9,"floors":5,"generated":true}},{"type":"Feature","geometry":{"type":"Polygon","coordinates":[[[30.2889566,59.9318565],[30.2891519,59.9318779],[30.2890678,59.9320704],[30.2888725,59.932049],[30.2889566,59.9318565]]]},"properties":{"layer":"context","id":"H568","name":"Дворовый флигель (Галерная ул.)","kind":"context","info":"Дворовый флигель рядовой застройки. Схематично.","approx":false,"height":20,"floors":5,"generated":true}},{"type":"Feature","geometry":{"type":"Polygon","coordinates":[[[30.2892063,59.9317534],[30.2896626,59.9318034],[30.2896001,59.9319464],[30.2891438,59.9318964],[30.2892063,59.9317534]]]},"properties":{"layer":"context","id":"H569","name":"Жилой дом (Галерная ул.)","kind":"context","info":"Рядовая историческая застройка: Галерная ул.. Схематично.","approx":false,"height":23.9,"floors":6,"generated":true}},{"type":"Feature","geometry":{"type":"Polygon","coordinates":[[[30.2891438,59.9318964],[30.2893524,59.9319193],[30.2892769,59.932092],[30.2890683,59.9320692],[30.2891438,59.9318964]]]},"properties":{"layer":"context","id":"H570","name":"Дворовый флигель (Галерная ул.)","kind":"context","info":"Дворовый флигель рядовой застройки. Схематично.","approx":false,"height":20,"floors":5,"generated":true}},{"type":"Feature","geometry":{"type":"Polygon","coordinates":[[[30.2896626,59.9318034],[30.2902738,59.9318704],[30.2902228,59.9319871],[30.2896116,59.9319201],[30.2896626,59.9318034]]]},"properties":{"layer":"context","id":"H571","name":"Жилой дом (Галерная ул.)","kind":"context","info":"Рядовая историческая застройка: Галерная ул.. Схематично.","approx":false,"height":21.5,"floors":5,"generated":true}},{"type":"Feature","geometry":{"type":"Polygon","coordinates":[[[30.2896116,59.9319201],[30.2897975,59.9319404],[30.2896937,59.932178],[30.2895078,59.9321577],[30.2896116,59.9319201]]]},"properties":{"layer":"context","id":"H572","name":"Дворовый флигель (Галерная ул.)","kind":"context","info":"Дворовый флигель рядовой застройки. Схематично.","approx":false,"height":20,"floors":5,"generated":true}},{"type":"Feature","geometry":{"type":"Polygon","coordinates":[[[30.2902738,59.9318704],[30.2906982,59.9319169],[30.2906356,59.93206],[30.2902112,59.9320135],[30.2902738,59.9318704]]]},"properties":{"layer":"context","id":"H573","name":"Жилой дом (Галерная ул.)","kind":"context","info":"Рядовая историческая застройка: Галерная ул.. Схематично.","approx":false,"height":20.6,"floors":5,"generated":true}},{"type":"Feature","geometry":{"type":"Polygon","coordinates":[[[30.2906982,59.9319169],[30.2908634,59.931935],[30.2908099,59.9320573],[30.2906447,59.9320392],[30.2906982,59.9319169]]]},"properties":{"layer":"context","id":"H574","name":"Жилой дом (Галерная ул.)","kind":"context","info":"Рядовая историческая застройка: Галерная ул.. Схематично.","approx":false,"height":17.2,"floors":4,"generated":true}},{"type":"Feature","geometry":{"type":"Polygon","coordinates":[[[30.2862859,59.9312753],[30.2859426,59.9312376],[30.2859992,59.9311081],[30.2863425,59.9311457],[30.2862859,59.9312753]]]},"properties":{"layer":"context","id":"H575","name":"Жилой дом (Галерная ул.)","kind":"context","info":"Рядовая историческая застройка: Галерная ул.. Схематично.","approx":false,"height":21.4,"floors":5,"generated":true}},{"type":"Feature","geometry":{"type":"Polygon","coordinates":[[[30.2861977,59.9311298],[30.2859992,59.9311081],[30.286077,59.9309302],[30.2862754,59.930952],[30.2861977,59.9311298]]]},"properties":{"layer":"context","id":"H576","name":"Дворовый флигель (Галерная ул.)","kind":"context","info":"Дворовый флигель рядовой застройки. Схематично.","approx":false,"height":20,"floors":5,"generated":true}},{"type":"Feature","geometry":{"type":"Polygon","coordinates":[[[30.2867674,59.931328],[30.2862859,59.9312753],[30.28634,59.9311514],[30.2868216,59.9312042],[30.2867674,59.931328]]]},"properties":{"layer":"context","id":"H577","name":"Жилой дом (Галерная ул.)","kind":"context","info":"Рядовая историческая застройка: Галерная ул.. Схематично.","approx":false,"height":20.6,"floors":5,"generated":true}},{"type":"Feature","geometry":{"type":"Polygon","coordinates":[[[30.2872661,59.9313827],[30.2867674,59.931328],[30.2868217,59.9312038],[30.2873203,59.9312585],[30.2872661,59.9313827]]]},"properties":{"layer":"context","id":"H578","name":"Жилой дом (Галерная ул.)","kind":"context","info":"Рядовая историческая застройка: Галерная ул.. Схематично.","approx":false,"height":21.4,"floors":5,"generated":true}},{"type":"Feature","geometry":{"type":"Polygon","coordinates":[[[30.2876094,59.9314203],[30.2872661,59.9313827],[30.2873307,59.9312348],[30.287674,59.9312724],[30.2876094,59.9314203]]]},"properties":{"layer":"context","id":"H579","name":"Жилой дом (Галерная ул.)","kind":"context","info":"Рядовая историческая застройка: Галерная ул.. Схематично.","approx":false,"height":24.7,"floors":6,"generated":true}},{"type":"Feature","geometry":{"type":"Polygon","coordinates":[[[30.2879543,59.9314581],[30.2876094,59.9314203],[30.2876602,59.9313039],[30.2880051,59.9313417],[30.2879543,59.9314581]]]},"properties":{"layer":"context","id":"H580","name":"Жилой дом (Галерная ул.)","kind":"context","info":"Рядовая историческая застройка: Галерная ул.. Схематично.","approx":false,"height":21,"floors":5,"generated":true}},{"type":"Feature","geometry":{"type":"Polygon","coordinates":[[[30.2878405,59.9313237],[30.2876602,59.9313039],[30.2877632,59.9310683],[30.2879434,59.931088],[30.2878405,59.9313237]]]},"properties":{"layer":"context","id":"H581","name":"Дворовый флигель (Галерная ул.)","kind":"context","info":"Дворовый флигель рядовой застройки. Схематично.","approx":false,"height":20,"floors":5,"generated":true}},{"type":"Feature","geometry":{"type":"Polygon","coordinates":[[[30.2885674,59.9315253],[30.2879543,59.9314581],[30.2880086,59.9313338],[30.2886217,59.931401],[30.2885674,59.9315253]]]},"properties":{"layer":"context","id":"H582","name":"Жилой дом (Галерная ул.)","kind":"context","info":"Рядовая историческая застройка: Галерная ул.. Схематично.","approx":false,"height":24.3,"floors":6,"generated":true}},{"type":"Feature","geometry":{"type":"Polygon","coordinates":[[[30.2886217,59.931401],[30.2884238,59.9313793],[30.2885316,59.9311325],[30.2887295,59.9311542],[30.2886217,59.931401]]]},"properties":{"layer":"context","id":"H583","name":"Дворовый флигель (Галерная ул.)","kind":"context","info":"Дворовый флигель рядовой застройки. Схематично.","approx":false,"height":20,"floors":5,"generated":true}},{"type":"Feature","geometry":{"type":"Polygon","coordinates":[[[30.2890792,59.9315814],[30.2885674,59.9315253],[30.288618,59.9314095],[30.2891298,59.9314656],[30.2890792,59.9315814]]]},"properties":{"layer":"context","id":"H584","name":"Жилой дом (Галерная ул.)","kind":"context","info":"Рядовая историческая застройка: Галерная ул.. Схематично.","approx":false,"height":23.8,"floors":6,"generated":true}},{"type":"Feature","geometry":{"type":"Polygon","coordinates":[[[30.2894462,59.9316216],[30.2890792,59.9315814],[30.289135,59.9314537],[30.289502,59.9314939],[30.2894462,59.9316216]]]},"properties":{"layer":"context","id":"H585","name":"Жилой дом (Галерная ул.)","kind":"context","info":"Рядовая историческая застройка: Галерная ул.. Схематично.","approx":false,"height":21.4,"floors":5,"generated":true}},{"type":"Feature","geometry":{"type":"Polygon","coordinates":[[[30.2898133,59.9316619],[30.2894462,59.9316216],[30.289502,59.9314939],[30.2898691,59.9315341],[30.2898133,59.9316619]]]},"properties":{"layer":"context","id":"H586","name":"Жилой дом (Галерная ул.)","kind":"context","info":"Рядовая историческая застройка: Галерная ул.. Схематично.","approx":false,"height":17.7,"floors":4,"generated":true}},{"type":"Feature","geometry":{"type":"Polygon","coordinates":[[[30.2903372,59.9317193],[30.2898133,59.9316619],[30.2898721,59.9315273],[30.290396,59.9315848],[30.2903372,59.9317193]]]},"properties":{"layer":"context","id":"H587","name":"Жилой дом (Галерная ул.)","kind":"context","info":"Рядовая историческая застройка: Галерная ул.. Схематично.","approx":false,"height":25,"floors":6,"generated":true}},{"type":"Feature","geometry":{"type":"Polygon","coordinates":[[[30.290396,59.9315848],[30.2902174,59.9315652],[30.2903089,59.9313558],[30.2904875,59.9313754],[30.290396,59.9315848]]]},"properties":{"layer":"context","id":"H588","name":"Дворовый флигель (Галерная ул.)","kind":"context","info":"Дворовый флигель рядовой застройки. Схематично.","approx":false,"height":20,"floors":5,"generated":true}},{"type":"Feature","geometry":{"type":"Polygon","coordinates":[[[30.2907608,59.9317657],[30.2903372,59.9317193],[30.2903912,59.9315957],[30.2908149,59.9316421],[30.2907608,59.9317657]]]},"properties":{"layer":"context","id":"H589","name":"Жилой дом (Галерная ул.)","kind":"context","info":"Рядовая историческая застройка: Галерная ул.. Схематично.","approx":false,"height":21.5,"floors":5,"generated":true}},{"type":"Feature","geometry":{"type":"Polygon","coordinates":[[[30.2862405,59.9318503],[30.285858,59.9317963],[30.2859277,59.9316725],[30.2863102,59.9317265],[30.2862405,59.9318503]]]},"properties":{"layer":"context","id":"H590","name":"Жилой дом (Английская наб.)","kind":"context","info":"Рядовая историческая застройка: Английская наб.. Схематично.","approx":false,"height":21,"floors":5,"generated":true}},{"type":"Feature","geometry":{"type":"Polygon","coordinates":[[[30.286585,59.9318989],[30.2862405,59.9318503],[30.2863062,59.9317336],[30.2866507,59.9317822],[30.286585,59.9318989]]]},"properties":{"layer":"context","id":"H591","name":"Жилой дом (Английская наб.)","kind":"context","info":"Рядовая историческая застройка: Английская наб.. Схематично.","approx":false,"height":18.1,"floors":4,"generated":true}},{"type":"Feature","geometry":{"type":"Polygon","coordinates":[[[30.2873935,59.9320131],[30.2868437,59.9319355],[30.2869132,59.931812],[30.2874629,59.9318896],[30.2873935,59.9320131]]]},"properties":{"layer":"context","id":"H592","name":"Жилой дом (Английская наб.)","kind":"context","info":"Рядовая историческая застройка: Английская наб.. Схематично.","approx":false,"height":21.3,"floors":5,"generated":true}},{"type":"Feature","geometry":{"type":"Polygon","coordinates":[[[30.2876393,59.9320478],[30.2873935,59.9320131],[30.2874615,59.9318922],[30.2877073,59.9319269],[30.2876393,59.9320478]]]},"properties":{"layer":"context","id":"H593","name":"Жилой дом (Английская наб.)","kind":"context","info":"Рядовая историческая застройка: Английская наб.. Схематично.","approx":false,"height":17.8,"floors":4,"generated":true}},{"type":"Feature","geometry":{"type":"Polygon","coordinates":[[[30.2883215,59.9321441],[30.2878118,59.9320721],[30.2878766,59.9319571],[30.2883863,59.932029],[30.2883215,59.9321441]]]},"properties":{"layer":"context","id":"H594","name":"Жилой дом (Английская наб.)","kind":"context","info":"Рядовая историческая застройка: Английская наб.. Схематично.","approx":false,"height":17.1,"floors":4,"generated":true}},{"type":"Feature","geometry":{"type":"Polygon","coordinates":[[[30.2887194,59.9322002],[30.2883215,59.9321441],[30.2883925,59.9320179],[30.2887903,59.9320741],[30.2887194,59.9322002]]]},"properties":{"layer":"context","id":"H595","name":"Жилой дом (Английская наб.)","kind":"context","info":"Рядовая историческая застройка: Английская наб.. Схематично.","approx":false,"height":24.6,"floors":6,"generated":true}},{"type":"Feature","geometry":{"type":"Polygon","coordinates":[[[30.2887903,59.9320741],[30.2885949,59.9320465],[30.288683,59.93189],[30.2888784,59.9319176],[30.2887903,59.9320741]]]},"properties":{"layer":"context","id":"H596","name":"Дворовый флигель (Английская наб.)","kind":"context","info":"Дворовый флигель рядовой застройки. Схематично.","approx":false,"height":20,"floors":5,"generated":true}},{"type":"Feature","geometry":{"type":"Polygon","coordinates":[[[30.2893593,59.9322903],[30.288938,59.932231],[30.2890033,59.9321147],[30.2894245,59.932174],[30.2893593,59.9322903]]]},"properties":{"layer":"context","id":"H597","name":"Жилой дом (Английская наб.)","kind":"context","info":"Рядовая историческая застройка: Английская наб.. Схематично.","approx":false,"height":24.9,"floors":6,"generated":true}},{"type":"Feature","geometry":{"type":"Polygon","coordinates":[[[30.2898373,59.9323576],[30.2893593,59.9322903],[30.2894345,59.9321562],[30.2899125,59.9322235],[30.2898373,59.9323576]]]},"properties":{"layer":"context","id":"H598","name":"Жилой дом (Английская наб.)","kind":"context","info":"Рядовая историческая застройка: Английская наб.. Схематично.","approx":false,"height":17.9,"floors":4,"generated":true}},{"type":"Feature","geometry":{"type":"Polygon","coordinates":[[[30.2903878,59.932435],[30.2898373,59.9323576],[30.2899083,59.932231],[30.2904588,59.9323085],[30.2903878,59.932435]]]},"properties":{"layer":"context","id":"H599","name":"Жилой дом (Английская наб.)","kind":"context","info":"Рядовая историческая застройка: Английская наб.. Схематично.","approx":false,"height":17.3,"floors":4,"generated":true}},{"type":"Feature","geometry":{"type":"Polygon","coordinates":[[[30.2907539,59.9324865],[30.2903878,59.932435],[30.2904556,59.932314],[30.2908217,59.9323655],[30.2907539,59.9324865]]]},"properties":{"layer":"context","id":"H600","name":"Жилой дом (Английская наб.)","kind":"context","info":"Рядовая историческая застройка: Английская наб.. Схематично.","approx":false,"height":21.2,"floors":5,"generated":true}},{"type":"Feature","geometry":{"type":"Polygon","coordinates":[[[30.2731787,59.9155384],[30.2728809,59.9155239],[30.2729064,59.9153922],[30.2732043,59.9154067],[30.2731787,59.9155384]]]},"properties":{"layer":"context","id":"H601","name":"Жилой дом (наб. реки Фонтанки)","kind":"context","info":"Рядовая историческая застройка: наб. реки Фонтанки. Схематично.","approx":false,"height":21.6,"floors":5,"generated":true}},{"type":"Feature","geometry":{"type":"Polygon","coordinates":[[[30.2735131,59.9155547],[30.2731787,59.9155384],[30.2732075,59.91539],[30.2735419,59.9154063],[30.2735131,59.9155547]]]},"properties":{"layer":"context","id":"H602","name":"Жилой дом (наб. реки Фонтанки)","kind":"context","info":"Рядовая историческая застройка: наб. реки Фонтанки. Схематично.","approx":false,"height":24,"floors":6,"generated":true}},{"type":"Feature","geometry":{"type":"Polygon","coordinates":[[[30.27397,59.9155769],[30.2735131,59.9155547],[30.2735386,59.9154237],[30.2739954,59.915446],[30.27397,59.9155769]]]},"properties":{"layer":"context","id":"H603","name":"Жилой дом (наб. реки Фонтанки)","kind":"context","info":"Рядовая историческая застройка: наб. реки Фонтанки. Схематично.","approx":false,"height":24.5,"floors":6,"generated":true}},{"type":"Feature","geometry":{"type":"Polygon","coordinates":[[[30.2748085,59.9156071],[30.2741669,59.9155857],[30.2741827,59.915467],[30.2748243,59.9154884],[30.2748085,59.9156071]]]},"properties":{"layer":"context","id":"H604","name":"Жилой дом (наб. реки Фонтанки)","kind":"context","info":"Рядовая историческая застройка: наб. реки Фонтанки. Схематично.","approx":false,"height":24.4,"floors":6,"generated":true}},{"type":"Feature","geometry":{"type":"Polygon","coordinates":[[[30.2753129,59.915624],[30.2748085,59.9156071],[30.2748287,59.9154554],[30.2753331,59.9154722],[30.2753129,59.915624]]]},"properties":{"layer":"context","id":"H605","name":"Жилой дом (наб. реки Фонтанки)","kind":"context","info":"Рядовая историческая застройка: наб. реки Фонтанки. Схематично.","approx":false,"height":20.7,"floors":5,"generated":true}},{"type":"Feature","geometry":{"type":"Polygon","coordinates":[[[30.2750153,59.9154616],[30.2748287,59.9154554],[30.2748589,59.9152284],[30.2750455,59.9152346],[30.2750153,59.9154616]]]},"properties":{"layer":"context","id":"H606","name":"Дворовый флигель (наб. реки Фонтанки)","kind":"context","info":"Дворовый флигель рядовой застройки. Схематично.","approx":false,"height":16.6,"floors":4,"generated":true}},{"type":"Feature","geometry":{"type":"Polygon","coordinates":[[[30.2757473,59.9156385],[30.2753129,59.915624],[30.2753331,59.9154726],[30.2757675,59.9154871],[30.2757473,59.9156385]]]},"properties":{"layer":"context","id":"H607","name":"Жилой дом (наб. реки Фонтанки)","kind":"context","info":"Рядовая историческая застройка: наб. реки Фонтанки. Схематично.","approx":false,"height":21,"floors":5,"generated":true}},{"type":"Feature","geometry":{"type":"Polygon","coordinates":[[[30.2757675,59.9154871],[30.2755443,59.9154797],[30.2755752,59.9152474],[30.2757984,59.9152549],[30.2757675,59.9154871]]]},"properties":{"layer":"context","id":"H608","name":"Дворовый флигель (наб. реки Фонтанки)","kind":"context","info":"Дворовый флигель рядовой застройки. Схематично.","approx":false,"height":16.6,"floors":4,"generated":true}},{"type":"Feature","geometry":{"type":"Polygon","coordinates":[[[30.2763481,59.9156586],[30.2757473,59.9156385],[30.2757667,59.915493],[30.2763675,59.9155131],[30.2763481,59.9156586]]]},"properties":{"layer":"context","id":"H609","name":"Жилой дом (наб. реки Фонтанки)","kind":"context","info":"Рядовая историческая застройка: наб. реки Фонтанки. Схематично.","approx":false,"height":17.3,"floors":4,"generated":true}},{"type":"Feature","geometry":{"type":"Polygon","coordinates":[[[30.2767232,59.9156711],[30.2763481,59.9156586],[30.276365,59.915532],[30.27674,59.9155445],[30.2767232,59.9156711]]]},"properties":{"layer":"context","id":"H610","name":"Жилой дом (наб. реки Фонтанки)","kind":"context","info":"Рядовая историческая застройка: наб. реки Фонтанки. Схематично.","approx":false,"height":23.9,"floors":6,"generated":true}},{"type":"Feature","geometry":{"type":"Polygon","coordinates":[[[30.2765631,59.9155386],[30.276365,59.915532],[30.2763965,59.9152954],[30.2765946,59.915302],[30.2765631,59.9155386]]]},"properties":{"layer":"context","id":"H611","name":"Дворовый флигель (наб. реки Фонтанки)","kind":"context","info":"Дворовый флигель рядовой застройки. Схематично.","approx":false,"height":20,"floors":5,"generated":true}},{"type":"Feature","geometry":{"type":"Polygon","coordinates":[[[30.2773365,59.9156881],[30.2768533,59.9156751],[30.2768688,59.9155302],[30.277352,59.9155432],[30.2773365,59.9156881]]]},"properties":{"layer":"context","id":"H612","name":"Жилой дом (наб. реки Фонтанки)","kind":"context","info":"Рядовая историческая застройка: наб. реки Фонтанки. Схематично.","approx":false,"height":24.2,"floors":6,"generated":true}},{"type":"Feature","geometry":{"type":"Polygon","coordinates":[[[30.2777541,59.9156993],[30.2773365,59.9156881],[30.2773528,59.9155365],[30.2777704,59.9155477],[30.2777541,59.9156993]]]},"properties":{"layer":"context","id":"H613","name":"Жилой дом (наб. реки Фонтанки)","kind":"context","info":"Рядовая историческая застройка: наб. реки Фонтанки. Схематично.","approx":false,"height":17.2,"floors":4,"generated":true}},{"type":"Feature","geometry":{"type":"Polygon","coordinates":[[[30.2782377,59.9157124],[30.2777541,59.9156993],[30.2777689,59.9155618],[30.2782525,59.9155748],[30.2782377,59.9157124]]]},"properties":{"layer":"context","id":"H614","name":"Жилой дом (наб. реки Фонтанки)","kind":"context","info":"Рядовая историческая застройка: наб. реки Фонтанки. Схематично.","approx":false,"height":17.2,"floors":4,"generated":true}},{"type":"Feature","geometry":{"type":"Polygon","coordinates":[[[30.2779917,59.9155678],[30.2777689,59.9155618],[30.2777924,59.9153427],[30.2780152,59.9153487],[30.2779917,59.9155678]]]},"properties":{"layer":"context","id":"H615","name":"Дворовый флигель (наб. реки Фонтанки)","kind":"context","info":"Дворовый флигель рядовой застройки. Схематично.","approx":false,"height":16.6,"floors":4,"generated":true}},{"type":"Feature","geometry":{"type":"Polygon","coordinates":[[[30.2787318,59.9157257],[30.2782377,59.9157124],[30.2782539,59.9155618],[30.2787479,59.9155751],[30.2787318,59.9157257]]]},"properties":{"layer":"context","id":"H616","name":"Жилой дом (наб. реки Фонтанки)","kind":"context","info":"Рядовая историческая застройка: наб. реки Фонтанки. Схематично.","approx":false,"height":24.9,"floors":6,"generated":true}},{"type":"Feature","geometry":{"type":"Polygon","coordinates":[[[30.2787479,59.9155751],[30.2785307,59.9155692],[30.2785497,59.9153922],[30.2787669,59.915398],[30.2787479,59.9155751]]]},"properties":{"layer":"context","id":"H617","name":"Дворовый флигель (наб. реки Фонтанки)","kind":"context","info":"Дворовый флигель рядовой застройки. Схематично.","approx":false,"height":20,"floors":5,"generated":true}},{"type":"Feature","geometry":{"type":"Polygon","coordinates":[[[30.2791807,59.9157378],[30.2787318,59.9157257],[30.2787456,59.9155967],[30.2791946,59.9156088],[30.2791807,59.9157378]]]},"properties":{"layer":"context","id":"H618","name":"Жилой дом (наб. реки Фонтанки)","kind":"context","info":"Рядовая историческая застройка: наб. реки Фонтанки. Схематично.","approx":false,"height":21,"floors":5,"generated":true}},{"type":"Feature","geometry":{"type":"Polygon","coordinates":[[[30.2791946,59.9156088],[30.2789662,59.9156026],[30.2789833,59.915443],[30.2792117,59.9154492],[30.2791946,59.9156088]]]},"properties":{"layer":"context","id":"H619","name":"Дворовый флигель (наб. реки Фонтанки)","kind":"context","info":"Дворовый флигель рядовой застройки. Схематично.","approx":false,"height":20,"floors":5,"generated":true}},{"type":"Feature","geometry":{"type":"Polygon","coordinates":[[[30.2815477,59.9157672],[30.2809862,59.9157657],[30.2809876,59.9156315],[30.2815492,59.9156331],[30.2815477,59.9157672]]]},"properties":{"layer":"context","id":"H620","name":"Жилой дом (наб. реки Фонтанки)","kind":"context","info":"Рядовая историческая застройка: наб. реки Фонтанки. Схематично.","approx":false,"height":24,"floors":6,"generated":true}},{"type":"Feature","geometry":{"type":"Polygon","coordinates":[[[30.2819994,59.9157684],[30.2815477,59.9157672],[30.2815492,59.9156363],[30.2820009,59.9156375],[30.2819994,59.9157684]]]},"properties":{"layer":"context","id":"H621","name":"Жилой дом (наб. реки Фонтанки)","kind":"context","info":"Рядовая историческая застройка: наб. реки Фонтанки. Схематично.","approx":false,"height":24.4,"floors":6,"generated":true}},{"type":"Feature","geometry":{"type":"Polygon","coordinates":[[[30.2825176,59.9157699],[30.2819994,59.9157684],[30.2820008,59.9156424],[30.2825189,59.9156438],[30.2825176,59.9157699]]]},"properties":{"layer":"context","id":"H622","name":"Жилой дом (наб. реки Фонтанки)","kind":"context","info":"Рядовая историческая застройка: наб. реки Фонтанки. Схематично.","approx":false,"height":24,"floors":6,"generated":true}},{"type":"Feature","geometry":{"type":"Polygon","coordinates":[[[30.2825189,59.9156438],[30.2823372,59.9156433],[30.2823391,59.9154706],[30.2825208,59.9154711],[30.2825189,59.9156438]]]},"properties":{"layer":"context","id":"H623","name":"Дворовый флигель (наб. реки Фонтанки)","kind":"context","info":"Дворовый флигель рядовой застройки. Схематично.","approx":false,"height":23.4,"floors":6,"generated":true}},{"type":"Feature","geometry":{"type":"Polygon","coordinates":[[[30.2831319,59.9157716],[30.2825176,59.9157699],[30.2825189,59.91565],[30.2831332,59.9156517],[30.2831319,59.9157716]]]},"properties":{"layer":"context","id":"H624","name":"Жилой дом (наб. реки Фонтанки)","kind":"context","info":"Рядовая историческая застройка: наб. реки Фонтанки. Схематично.","approx":false,"height":17.7,"floors":4,"generated":true}},{"type":"Feature","geometry":{"type":"Polygon","coordinates":[[[30.283527,59.9157726],[30.2831319,59.9157716],[30.2831333,59.9156477],[30.2835283,59.9156488],[30.283527,59.9157726]]]},"properties":{"layer":"context","id":"H625","name":"Жилой дом (наб. реки Фонтанки)","kind":"context","info":"Рядовая историческая застройка: наб. реки Фонтанки. Схематично.","approx":false,"height":21.4,"floors":5,"generated":true}},{"type":"Feature","geometry":{"type":"Polygon","coordinates":[[[30.2839137,59.9157737],[30.283527,59.9157726],[30.2835284,59.915645],[30.2839151,59.9156461],[30.2839137,59.9157737]]]},"properties":{"layer":"context","id":"H626","name":"Жилой дом (наб. реки Фонтанки)","kind":"context","info":"Рядовая историческая застройка: наб. реки Фонтанки. Схематично.","approx":false,"height":24.6,"floors":6,"generated":true}},{"type":"Feature","geometry":{"type":"Polygon","coordinates":[[[30.2839151,59.9156461],[30.2836958,59.9156455],[30.283699,59.9153505],[30.2839183,59.9153511],[30.2839151,59.9156461]]]},"properties":{"layer":"context","id":"H627","name":"Дворовый флигель (наб. реки Фонтанки)","kind":"context","info":"Дворовый флигель рядовой застройки. Схематично.","approx":false,"height":23.4,"floors":6,"generated":true}},{"type":"Feature","geometry":{"type":"Polygon","coordinates":[[[30.2845457,59.9157755],[30.2839137,59.9157737],[30.2839151,59.9156403],[30.2845472,59.915642],[30.2845457,59.9157755]]]},"properties":{"layer":"context","id":"H628","name":"Жилой дом (наб. реки Фонтанки)","kind":"context","info":"Рядовая историческая застройка: наб. реки Фонтанки. Схематично.","approx":false,"height":20.9,"floors":5,"generated":true}},{"type":"Feature","geometry":{"type":"Polygon","coordinates":[[[30.2845472,59.915642],[30.2843306,59.9156414],[30.284334,59.9153369],[30.2845505,59.9153375],[30.2845472,59.915642]]]},"properties":{"layer":"context","id":"H629","name":"Дворовый флигель (наб. реки Фонтанки)","kind":"context","info":"Дворовый флигель рядовой застройки. Схематично.","approx":false,"height":16.6,"floors":4,"generated":true}},{"type":"Feature","geometry":{"type":"Polygon","coordinates":[[[30.2849439,59.9157765],[30.2845457,59.9157755],[30.2845473,59.9156343],[30.2849454,59.9156354],[30.2849439,59.9157765]]]},"properties":{"layer":"context","id":"H630","name":"Жилой дом (наб. реки Фонтанки)","kind":"context","info":"Рядовая историческая застройка: наб. реки Фонтанки. Схематично.","approx":false,"height":20.4,"floors":5,"generated":true}},{"type":"Feature","geometry":{"type":"Polygon","coordinates":[[[30.2855828,59.9157783],[30.2849439,59.9157765],[30.2849454,59.9156352],[30.2855844,59.915637],[30.2855828,59.9157783]]]},"properties":{"layer":"context","id":"H631","name":"Жилой дом (наб. реки Фонтанки)","kind":"context","info":"Рядовая историческая застройка: наб. реки Фонтанки. Схематично.","approx":false,"height":20.5,"floors":5,"generated":true}},{"type":"Feature","geometry":{"type":"Polygon","coordinates":[[[30.2860677,59.9157796],[30.2855828,59.9157783],[30.2855845,59.9156268],[30.2860693,59.9156281],[30.2860677,59.9157796]]]},"properties":{"layer":"context","id":"H632","name":"Жилой дом (наб. реки Фонтанки)","kind":"context","info":"Рядовая историческая застройка: наб. реки Фонтанки. Схематично.","approx":false,"height":23.9,"floors":6,"generated":true}},{"type":"Feature","geometry":{"type":"Polygon","coordinates":[[[30.2858053,59.9156274],[30.2855845,59.9156268],[30.2855865,59.9154419],[30.2858074,59.9154425],[30.2858053,59.9156274]]]},"properties":{"layer":"context","id":"H633","name":"Дворовый флигель (наб. реки Фонтанки)","kind":"context","info":"Дворовый флигель рядовой застройки. Схематично.","approx":false,"height":23.4,"floors":6,"generated":true}},{"type":"Feature","geometry":{"type":"Polygon","coordinates":[[[30.2866135,59.9157811],[30.2860677,59.9157796],[30.286069,59.9156587],[30.2866148,59.9156602],[30.2866135,59.9157811]]]},"properties":{"layer":"context","id":"H634","name":"Жилой дом (наб. реки Фонтанки)","kind":"context","info":"Рядовая историческая застройка: наб. реки Фонтанки. Схематично.","approx":false,"height":17.3,"floors":4,"generated":true}},{"type":"Feature","geometry":{"type":"Polygon","coordinates":[[[30.2870556,59.9157751],[30.2866979,59.9157805],[30.2866907,59.915661],[30.2870484,59.9156556],[30.2870556,59.9157751]]]},"properties":{"layer":"context","id":"H635","name":"Жилой дом (наб. реки Фонтанки)","kind":"context","info":"Рядовая историческая застройка: наб. реки Фонтанки. Схематично.","approx":false,"height":24.1,"floors":6,"generated":true}},{"type":"Feature","geometry":{"type":"Polygon","coordinates":[[[30.2875965,59.915767],[30.2870556,59.9157751],[30.2870474,59.9156378],[30.2875883,59.9156296],[30.2875965,59.915767]]]},"properties":{"layer":"context","id":"H636","name":"Жилой дом (наб. реки Фонтанки)","kind":"context","info":"Рядовая историческая застройка: наб. реки Фонтанки. Схематично.","approx":false,"height":17.1,"floors":4,"generated":true}},{"type":"Feature","geometry":{"type":"Polygon","coordinates":[[[30.2875883,59.9156296],[30.2873829,59.9156327],[30.2873708,59.915431],[30.2875762,59.9154279],[30.2875883,59.9156296]]]},"properties":{"layer":"context","id":"H637","name":"Дворовый флигель (наб. реки Фонтанки)","kind":"context","info":"Дворовый флигель рядовой застройки. Схематично.","approx":false,"height":13.2,"floors":3,"generated":true}},{"type":"Feature","geometry":{"type":"Polygon","coordinates":[[[30.2880239,59.9157605],[30.2875965,59.915767],[30.2875888,59.9156388],[30.2880162,59.9156324],[30.2880239,59.9157605]]]},"properties":{"layer":"context","id":"H638","name":"Жилой дом (наб. реки Фонтанки)","kind":"context","info":"Рядовая историческая застройка: наб. реки Фонтанки. Схематично.","approx":false,"height":20.5,"floors":5,"generated":true}},{"type":"Feature","geometry":{"type":"Polygon","coordinates":[[[30.2877752,59.915636],[30.2875888,59.9156388],[30.2875796,59.9154852],[30.287766,59.9154824],[30.2877752,59.915636]]]},"properties":{"layer":"context","id":"H639","name":"Дворовый флигель (наб. реки Фонтанки)","kind":"context","info":"Дворовый флигель рядовой застройки. Схематично.","approx":false,"height":16.6,"floors":4,"generated":true}},{"type":"Feature","geometry":{"type":"Polygon","coordinates":[[[30.2886849,59.9157506],[30.2880239,59.9157605],[30.2880154,59.9156185],[30.2886763,59.9156086],[30.2886849,59.9157506]]]},"properties":{"layer":"context","id":"H640","name":"Жилой дом (наб. реки Фонтанки)","kind":"context","info":"Рядовая историческая застройка: наб. реки Фонтанки. Схематично.","approx":false,"height":20.4,"floors":5,"generated":true}},{"type":"Feature","geometry":{"type":"Polygon","coordinates":[[[30.2890142,59.9157457],[30.2886849,59.9157506],[30.288677,59.9156189],[30.2890063,59.9156139],[30.2890142,59.9157457]]]},"properties":{"layer":"context","id":"H641","name":"Жилой дом (наб. реки Фонтанки)","kind":"context","info":"Рядовая историческая застройка: наб. реки Фонтанки. Схематично.","approx":false,"height":21,"floors":5,"generated":true}},{"type":"Feature","geometry":{"type":"Polygon","coordinates":[[[30.2895646,59.9157374],[30.2890142,59.9157457],[30.2890067,59.9156212],[30.2895572,59.915613],[30.2895646,59.9157374]]]},"properties":{"layer":"context","id":"H642","name":"Жилой дом (наб. реки Фонтанки)","kind":"context","info":"Рядовая историческая застройка: наб. реки Фонтанки. Схематично.","approx":false,"height":24.6,"floors":6,"generated":true}},{"type":"Feature","geometry":{"type":"Polygon","coordinates":[[[30.2902316,59.9157274],[30.2895646,59.9157374],[30.2895566,59.9156038],[30.2902236,59.9155938],[30.2902316,59.9157274]]]},"properties":{"layer":"context","id":"H643","name":"Жилой дом (наб. реки Фонтанки)","kind":"context","info":"Рядовая историческая застройка: наб. реки Фонтанки. Схематично.","approx":false,"height":20.5,"floors":5,"generated":true}},{"type":"Feature","geometry":{"type":"Polygon","coordinates":[[[30.2906164,59.9157216],[30.2902316,59.9157274],[30.2902246,59.9156096],[30.2906094,59.9156038],[30.2906164,59.9157216]]]},"properties":{"layer":"context","id":"H644","name":"Жилой дом (наб. реки Фонтанки)","kind":"context","info":"Рядовая историческая застройка: наб. реки Фонтанки. Схематично.","approx":false,"height":20.5,"floors":5,"generated":true}},{"type":"Feature","geometry":{"type":"Polygon","coordinates":[[[30.2908549,59.915718],[30.2906164,59.9157216],[30.2906092,59.9156013],[30.2908477,59.9155977],[30.2908549,59.915718]]]},"properties":{"layer":"context","id":"H645","name":"Жилой дом (наб. реки Фонтанки)","kind":"context","info":"Рядовая историческая застройка: наб. реки Фонтанки. Схематично.","approx":false,"height":24,"floors":6,"generated":true}},{"type":"Feature","geometry":{"type":"Polygon","coordinates":[[[30.2803237,59.9154014],[30.2803024,59.9150991],[30.2805486,59.9150947],[30.2805699,59.9153971],[30.2803237,59.9154014]]]},"properties":{"layer":"context","id":"H646","name":"Жилой дом (Старо-Петергофский пр.)","kind":"context","info":"Рядовая историческая застройка: Старо-Петергофский пр.. Схематично.","approx":false,"height":21.3,"floors":5,"generated":true}},{"type":"Feature","geometry":{"type":"Polygon","coordinates":[[[30.2803024,59.9150991],[30.2802882,59.9148971],[30.2805471,59.9148925],[30.2805613,59.9150945],[30.2803024,59.9150991]]]},"properties":{"layer":"context","id":"H647","name":"Жилой дом (Старо-Петергофский пр.)","kind":"context","info":"Рядовая историческая застройка: Старо-Петергофский пр.. Схематично.","approx":false,"height":17.4,"floors":4,"generated":true}},{"type":"Feature","geometry":{"type":"Polygon","coordinates":[[[30.2805613,59.9150945],[30.2805531,59.9149783],[30.2811004,59.9149687],[30.2811085,59.9150848],[30.2805613,59.9150945]]]},"properties":{"layer":"context","id":"H648","name":"Дворовый флигель (Старо-Петергофский пр.)","kind":"context","info":"Дворовый флигель рядовой застройки. Схематично.","approx":false,"height":13.2,"floors":3,"generated":true}},{"type":"Feature","geometry":{"type":"Polygon","coordinates":[[[30.2802882,59.9148971],[30.2802732,59.9146846],[30.280566,59.9146795],[30.2805809,59.9148919],[30.2802882,59.9148971]]]},"properties":{"layer":"context","id":"H649","name":"Жилой дом (Старо-Петергофский пр.)","kind":"context","info":"Рядовая историческая застройка: Старо-Петергофский пр.. Схематично.","approx":false,"height":17.9,"floors":4,"generated":true}},{"type":"Feature","geometry":{"type":"Polygon","coordinates":[[[30.2805741,59.914795],[30.280566,59.9146795],[30.2809117,59.9146734],[30.2809198,59.9147889],[30.2805741,59.914795]]]},"properties":{"layer":"context","id":"H650","name":"Дворовый флигель (Старо-Петергофский пр.)","kind":"context","info":"Дворовый флигель рядовой застройки. Схематично.","approx":false,"height":13.2,"floors":3,"generated":true}},{"type":"Feature","geometry":{"type":"Polygon","coordinates":[[[30.2802732,59.9146846],[30.2802574,59.91446],[30.2805404,59.9144551],[30.2805562,59.9146796],[30.2802732,59.9146846]]]},"properties":{"layer":"context","id":"H651","name":"Жилой дом (Старо-Петергофский пр.)","kind":"context","info":"Рядовая историческая застройка: Старо-Петергофский пр.. Схематично.","approx":false,"height":21.6,"floors":5,"generated":true}},{"type":"Feature","geometry":{"type":"Polygon","coordinates":[[[30.2802574,59.91446],[30.2802341,59.9141292],[30.2805364,59.9141238],[30.2805597,59.9144547],[30.2802574,59.91446]]]},"properties":{"layer":"context","id":"H652","name":"Жилой дом (Старо-Петергофский пр.)","kind":"context","info":"Рядовая историческая застройка: Старо-Петергофский пр.. Схематично.","approx":false,"height":17.2,"floors":4,"generated":true}},{"type":"Feature","geometry":{"type":"Polygon","coordinates":[[[30.2802341,59.9141292],[30.2802113,59.9138046],[30.2805025,59.9137995],[30.2805253,59.914124],[30.2802341,59.9141292]]]},"properties":{"layer":"context","id":"H653","name":"Жилой дом (Старо-Петергофский пр.)","kind":"context","info":"Рядовая историческая застройка: Старо-Петергофский пр.. Схематично.","approx":false,"height":20.9,"floors":5,"generated":true}},{"type":"Feature","geometry":{"type":"Polygon","coordinates":[[[30.2805092,59.9138953],[30.2805025,59.9137995],[30.2810581,59.9137897],[30.2810648,59.9138855],[30.2805092,59.9138953]]]},"properties":{"layer":"context","id":"H654","name":"Дворовый флигель (Старо-Петергофский пр.)","kind":"context","info":"Дворовый флигель рядовой застройки. Схематично.","approx":false,"height":20,"floors":5,"generated":true}},{"type":"Feature","geometry":{"type":"Polygon","coordinates":[[[30.2802113,59.9138046],[30.2801896,59.9134972],[30.2804592,59.9134924],[30.2804809,59.9137998],[30.2802113,59.9138046]]]},"properties":{"layer":"context","id":"H655","name":"Жилой дом (Старо-Петергофский пр.)","kind":"context","info":"Рядовая историческая застройка: Старо-Петергофский пр.. Схематично.","approx":false,"height":17.8,"floors":4,"generated":true}},{"type":"Feature","geometry":{"type":"Polygon","coordinates":[[[30.2804658,59.9135856],[30.2804592,59.9134924],[30.2807787,59.9134868],[30.2807853,59.91358],[30.2804658,59.9135856]]]},"properties":{"layer":"context","id":"H656","name":"Дворовый флигель (Старо-Петергофский пр.)","kind":"context","info":"Дворовый флигель рядовой застройки. Схематично.","approx":false,"height":13.2,"floors":3,"generated":true}},{"type":"Feature","geometry":{"type":"Polygon","coordinates":[[[30.2801896,59.9134972],[30.280176,59.9133031],[30.2804123,59.9132989],[30.280426,59.913493],[30.2801896,59.9134972]]]},"properties":{"layer":"context","id":"H657","name":"Жилой дом (Старо-Петергофский пр.)","kind":"context","info":"Рядовая историческая застройка: Старо-Петергофский пр.. Схематично.","approx":false,"height":20.6,"floors":5,"generated":true}},{"type":"Feature","geometry":{"type":"Polygon","coordinates":[[[30.280426,59.913493],[30.2804192,59.9133973],[30.2807874,59.9133908],[30.2807941,59.9134865],[30.280426,59.913493]]]},"properties":{"layer":"context","id":"H658","name":"Дворовый флигель (Старо-Петергофский пр.)","kind":"context","info":"Дворовый флигель рядовой застройки. Схематично.","approx":false,"height":16.6,"floors":4,"generated":true}},{"type":"Feature","geometry":{"type":"Polygon","coordinates":[[[30.2798495,59.9150847],[30.2798597,59.91523],[30.2795959,59.9152346],[30.2795857,59.9150894],[30.2798495,59.9150847]]]},"properties":{"layer":"context","id":"H659","name":"Жилой дом (Старо-Петергофский пр.)","kind":"context","info":"Рядовая историческая застройка: Старо-Петергофский пр.. Схематично.","approx":false,"height":21.2,"floors":5,"generated":true}},{"type":"Feature","geometry":{"type":"Polygon","coordinates":[[[30.2798363,59.9148967],[30.2798495,59.9150847],[30.2796126,59.9150889],[30.2795994,59.9149009],[30.2798363,59.9148967]]]},"properties":{"layer":"context","id":"H660","name":"Жилой дом (Старо-Петергофский пр.)","kind":"context","info":"Рядовая историческая застройка: Старо-Петергофский пр.. Схематично.","approx":false,"height":17.4,"floors":4,"generated":true}},{"type":"Feature","geometry":{"type":"Polygon","coordinates":[[[30.2795994,59.9149009],[30.279606,59.914995],[30.2792728,59.9150009],[30.2792661,59.9149068],[30.2795994,59.9149009]]]},"properties":{"layer":"context","id":"H661","name":"Дворовый флигель (Старо-Петергофский пр.)","kind":"context","info":"Дворовый флигель рядовой застройки. Схематично.","approx":false,"height":13.2,"floors":3,"generated":true}},{"type":"Feature","geometry":{"type":"Polygon","coordinates":[[[30.2798171,59.9146246],[30.2798363,59.9148967],[30.2796016,59.9149009],[30.2795824,59.9146287],[30.2798171,59.9146246]]]},"properties":{"layer":"context","id":"H662","name":"Жилой дом (Старо-Петергофский пр.)","kind":"context","info":"Рядовая историческая застройка: Старо-Петергофский пр.. Схематично.","approx":false,"height":17.2,"floors":4,"generated":true}},{"type":"Feature","geometry":{"type":"Polygon","coordinates":[[[30.2797957,59.9143209],[30.2798171,59.9146246],[30.2795325,59.9146296],[30.2795111,59.9143259],[30.2797957,59.9143209]]]},"properties":{"layer":"context","id":"H663","name":"Жилой дом (Старо-Петергофский пр.)","kind":"context","info":"Рядовая историческая застройка: Старо-Петергофский пр.. Схематично.","approx":false,"height":18,"floors":4,"generated":true}},{"type":"Feature","geometry":{"type":"Polygon","coordinates":[[[30.2795245,59.914515],[30.2795325,59.9146296],[30.2791196,59.9146369],[30.2791116,59.9145223],[30.2795245,59.914515]]]},"properties":{"layer":"context","id":"H664","name":"Дворовый флигель (Старо-Петергофский пр.)","kind":"context","info":"Дворовый флигель рядовой застройки. Схематично.","approx":false,"height":13.2,"floors":3,"generated":true}},{"type":"Feature","geometry":{"type":"Polygon","coordinates":[[[30.2797761,59.9140424],[30.2797957,59.9143209],[30.2795257,59.9143257],[30.2795061,59.9140471],[30.2797761,59.9140424]]]},"properties":{"layer":"context","id":"H665","name":"Жилой дом (Старо-Петергофский пр.)","kind":"context","info":"Рядовая историческая застройка: Старо-Петергофский пр.. Схематично.","approx":false,"height":17.4,"floors":4,"generated":true}},{"type":"Feature","geometry":{"type":"Polygon","coordinates":[[[30.2795182,59.9142194],[30.2795257,59.9143257],[30.27919,59.9143316],[30.2791825,59.9142253],[30.2795182,59.9142194]]]},"properties":{"layer":"context","id":"H666","name":"Дворовый флигель (Старо-Петергофский пр.)","kind":"context","info":"Дворовый флигель рядовой застройки. Схематично.","approx":false,"height":13.2,"floors":3,"generated":true}},{"type":"Feature","geometry":{"type":"Polygon","coordinates":[[[30.2797596,59.9138074],[30.2797761,59.9140424],[30.2794914,59.9140474],[30.2794748,59.9138124],[30.2797596,59.9138074]]]},"properties":{"layer":"context","id":"H667","name":"Жилой дом (Старо-Петергофский пр.)","kind":"context","info":"Рядовая историческая застройка: Старо-Петергофский пр.. Схематично.","approx":false,"height":21.1,"floors":5,"generated":true}},{"type":"Feature","geometry":{"type":"Polygon","coordinates":[[[30.2794833,59.9139329],[30.2794914,59.9140474],[30.2790695,59.9140549],[30.2790615,59.9139404],[30.2794833,59.9139329]]]},"properties":{"layer":"context","id":"H668","name":"Дворовый флигель (Старо-Петергофский пр.)","kind":"context","info":"Дворовый флигель рядовой застройки. Схематично.","approx":false,"height":16.6,"floors":4,"generated":true}},{"type":"Feature","geometry":{"type":"Polygon","coordinates":[[[30.2797466,59.9136234],[30.2797596,59.9138074],[30.2795171,59.9138117],[30.2795041,59.9136277],[30.2797466,59.9136234]]]},"properties":{"layer":"context","id":"H669","name":"Жилой дом (Старо-Петергофский пр.)","kind":"context","info":"Рядовая историческая застройка: Старо-Петергофский пр.. Схематично.","approx":false,"height":21.6,"floors":5,"generated":true}},{"type":"Feature","geometry":{"type":"Polygon","coordinates":[[[30.2797363,59.9134763],[30.2797466,59.9136234],[30.2794521,59.9136286],[30.2794418,59.9134815],[30.2797363,59.9134763]]]},"properties":{"layer":"context","id":"H670","name":"Жилой дом (Старо-Петергофский пр.)","kind":"context","info":"Рядовая историческая застройка: Старо-Петергофский пр.. Схематично.","approx":false,"height":24.8,"floors":6,"generated":true}},{"type":"Feature","geometry":{"type":"Polygon","coordinates":[[[30.2794418,59.9134815],[30.2794492,59.9135875],[30.2790278,59.913595],[30.2790204,59.9134889],[30.2794418,59.9134815]]]},"properties":{"layer":"context","id":"H671","name":"Дворовый флигель (Старо-Петергофский пр.)","kind":"context","info":"Дворовый флигель рядовой застройки. Схематично.","approx":false,"height":23.4,"floors":6,"generated":true}},{"type":"Feature","geometry":{"type":"Polygon","coordinates":[[[30.2797237,59.9132973],[30.2797363,59.9134763],[30.279484,59.9134807],[30.2794714,59.9133017],[30.2797237,59.9132973]]]},"properties":{"layer":"context","id":"H672","name":"Жилой дом (Старо-Петергофский пр.)","kind":"context","info":"Рядовая историческая застройка: Старо-Петергофский пр.. Схематично.","approx":false,"height":24.2,"floors":6,"generated":true}},{"type":"Feature","geometry":{"type":"Polygon","coordinates":[[[30.2794714,59.9133017],[30.2794787,59.9134053],[30.2789891,59.9134139],[30.2789818,59.9133104],[30.2794714,59.9133017]]]},"properties":{"layer":"context","id":"H673","name":"Дворовый флигель (Старо-Петергофский пр.)","kind":"context","info":"Дворовый флигель рядовой застройки. Схематично.","approx":false,"height":23.4,"floors":6,"generated":true}},{"type":"Feature","geometry":{"type":"Polygon","coordinates":[[[30.2794708,59.9152556],[30.2791834,59.915228],[30.2792294,59.9151076],[30.2795168,59.9151351],[30.2794708,59.9152556]]]},"properties":{"layer":"context","id":"H674","name":"Жилой дом (Рижский пр.)","kind":"context","info":"Рядовая историческая застройка: Рижский пр.. Схематично.","approx":false,"height":23.9,"floors":6,"generated":true}},{"type":"Feature","geometry":{"type":"Polygon","coordinates":[[[30.2791834,59.915228],[30.2785733,59.9151696],[30.2786212,59.915044],[30.2792314,59.9151024],[30.2791834,59.915228]]]},"properties":{"layer":"context","id":"H675","name":"Жилой дом (Рижский пр.)","kind":"context","info":"Рядовая историческая застройка: Рижский пр.. Схематично.","approx":false,"height":18.1,"floors":4,"generated":true}},{"type":"Feature","geometry":{"type":"Polygon","coordinates":[[[30.2785733,59.9151696],[30.27811,59.9151253],[30.2781558,59.9150053],[30.2786191,59.9150496],[30.2785733,59.9151696]]]},"properties":{"layer":"context","id":"H676","name":"Жилой дом (Рижский пр.)","kind":"context","info":"Рядовая историческая застройка: Рижский пр.. Схематично.","approx":false,"height":20.7,"floors":5,"generated":true}},{"type":"Feature","geometry":{"type":"Polygon","coordinates":[[[30.2783771,59.9150265],[30.2781558,59.9150053],[30.2782188,59.9148401],[30.2784402,59.9148613],[30.2783771,59.9150265]]]},"properties":{"layer":"context","id":"H677","name":"Дворовый флигель (Рижский пр.)","kind":"context","info":"Дворовый флигель рядовой застройки. Схематично.","approx":false,"height":16.6,"floors":4,"generated":true}},{"type":"Feature","geometry":{"type":"Polygon","coordinates":[[[30.27811,59.9151253],[30.277721,59.9150881],[30.2777777,59.9149396],[30.2781667,59.9149768],[30.27811,59.9151253]]]},"properties":{"layer":"context","id":"H678","name":"Жилой дом (Рижский пр.)","kind":"context","info":"Рядовая историческая застройка: Рижский пр.. Схематично.","approx":false,"height":24.9,"floors":6,"generated":true}},{"type":"Feature","geometry":{"type":"Polygon","coordinates":[[[30.2781667,59.9149768],[30.2779747,59.9149584],[30.2780769,59.9146906],[30.2782689,59.914709],[30.2781667,59.9149768]]]},"properties":{"layer":"context","id":"H679","name":"Дворовый флигель (Рижский пр.)","kind":"context","info":"Дворовый флигель рядовой застройки. Схематично.","approx":false,"height":20,"floors":5,"generated":true}},{"type":"Feature","geometry":{"type":"Polygon","coordinates":[[[30.277721,59.9150881],[30.2773354,59.9150512],[30.2773867,59.9149166],[30.2777723,59.9149535],[30.277721,59.9150881]]]},"properties":{"layer":"context","id":"H680","name":"Жилой дом (Рижский пр.)","kind":"context","info":"Рядовая историческая застройка: Рижский пр.. Схематично.","approx":false,"height":17.2,"floors":4,"generated":true}},{"type":"Feature","geometry":{"type":"Polygon","coordinates":[[[30.2777723,59.9149535],[30.2775581,59.914933],[30.2776353,59.9147307],[30.2778495,59.9147512],[30.2777723,59.9149535]]]},"properties":{"layer":"context","id":"H681","name":"Дворовый флигель (Рижский пр.)","kind":"context","info":"Дворовый флигель рядовой застройки. Схематично.","approx":false,"height":16.6,"floors":4,"generated":true}},{"type":"Feature","geometry":{"type":"Polygon","coordinates":[[[30.2773354,59.9150512],[30.2769758,59.9150167],[30.2770259,59.9148854],[30.2773855,59.9149198],[30.2773354,59.9150512]]]},"properties":{"layer":"context","id":"H682","name":"Жилой дом (Рижский пр.)","kind":"context","info":"Рядовая историческая застройка: Рижский пр.. Схематично.","approx":false,"height":24,"floors":6,"generated":true}},{"type":"Feature","geometry":{"type":"Polygon","coordinates":[[[30.2773855,59.9149198],[30.2772018,59.9149022],[30.2773,59.9146449],[30.2774837,59.9146625],[30.2773855,59.9149198]]]},"properties":{"layer":"context","id":"H683","name":"Дворовый флигель (Рижский пр.)","kind":"context","info":"Дворовый флигель рядовой застройки. Схематично.","approx":false,"height":23.4,"floors":6,"generated":true}},{"type":"Feature","geometry":{"type":"Polygon","coordinates":[[[30.2769758,59.9150167],[30.2766737,59.9149878],[30.2767182,59.9148712],[30.2770203,59.9149001],[30.2769758,59.9150167]]]},"properties":{"layer":"context","id":"H684","name":"Жилой дом (Рижский пр.)","kind":"context","info":"Рядовая историческая застройка: Рижский пр.. Схематично.","approx":false,"height":17.8,"floors":4,"generated":true}},{"type":"Feature","geometry":{"type":"Polygon","coordinates":[[[30.2770203,59.9149001],[30.2768409,59.914883],[30.2768991,59.9147304],[30.2770786,59.9147476],[30.2770203,59.9149001]]]},"properties":{"layer":"context","id":"H685","name":"Дворовый флигель (Рижский пр.)","kind":"context","info":"Дворовый флигель рядовой застройки. Схематично.","approx":false,"height":13.2,"floors":3,"generated":true}},{"type":"Feature","geometry":{"type":"Polygon","coordinates":[[[30.2766737,59.9149878],[30.2761031,59.9149332],[30.2761594,59.9147858],[30.27673,59.9148404],[30.2766737,59.9149878]]]},"properties":{"layer":"context","id":"H686","name":"Жилой дом (Рижский пр.)","kind":"context","info":"Рядовая историческая застройка: Рижский пр.. Схематично.","approx":false,"height":24.9,"floors":6,"generated":true}},{"type":"Feature","geometry":{"type":"Polygon","coordinates":[[[30.2763788,59.9148068],[30.2761594,59.9147858],[30.276255,59.9145353],[30.2764744,59.9145563],[30.2763788,59.9148068]]]},"properties":{"layer":"context","id":"H687","name":"Дворовый флигель (Рижский пр.)","kind":"context","info":"Дворовый флигель рядовой застройки. Схематично.","approx":false,"height":20,"floors":5,"generated":true}},{"type":"Feature","geometry":{"type":"Polygon","coordinates":[[[30.2758809,59.9149116],[30.2753514,59.9148577],[30.2754024,59.914732],[30.2759319,59.9147859],[30.2758809,59.9149116]]]},"properties":{"layer":"context","id":"H688","name":"Жилой дом (Рижский пр.)","kind":"context","info":"Рядовая историческая застройка: Рижский пр.. Схематично.","approx":false,"height":23.9,"floors":6,"generated":true}},{"type":"Feature","geometry":{"type":"Polygon","coordinates":[[[30.2756073,59.9147528],[30.2754024,59.914732],[30.2755208,59.9144405],[30.2757256,59.9144613],[30.2756073,59.9147528]]]},"properties":{"layer":"context","id":"H689","name":"Дворовый флигель (Рижский пр.)","kind":"context","info":"Дворовый флигель рядовой застройки. Схематично.","approx":false,"height":23.4,"floors":6,"generated":true}},{"type":"Feature","geometry":{"type":"Polygon","coordinates":[[[30.2753514,59.9148577],[30.2748388,59.9148055],[30.2748882,59.9146838],[30.2754008,59.914736],[30.2753514,59.9148577]]]},"properties":{"layer":"context","id":"H690","name":"Жилой дом (Рижский пр.)","kind":"context","info":"Рядовая историческая застройка: Рижский пр.. Схематично.","approx":false,"height":24.6,"floors":6,"generated":true}},{"type":"Feature","geometry":{"type":"Polygon","coordinates":[[[30.2748388,59.9148055],[30.2742727,59.9147479],[30.2743267,59.9146149],[30.2748927,59.9146725],[30.2748388,59.9148055]]]},"properties":{"layer":"context","id":"H691","name":"Жилой дом (Рижский пр.)","kind":"context","info":"Рядовая историческая застройка: Рижский пр.. Схематично.","approx":false,"height":24.1,"floors":6,"generated":true}},{"type":"Feature","geometry":{"type":"Polygon","coordinates":[[[30.2745512,59.9146378],[30.2743267,59.9146149],[30.2744349,59.9143483],[30.2746594,59.9143711],[30.2745512,59.9146378]]]},"properties":{"layer":"context","id":"H692","name":"Дворовый флигель (Рижский пр.)","kind":"context","info":"Дворовый флигель рядовой застройки. Схематично.","approx":false,"height":23.4,"floors":6,"generated":true}},{"type":"Feature","geometry":{"type":"Polygon","coordinates":[[[30.2742727,59.9147479],[30.2739391,59.9147139],[30.2739928,59.9145815],[30.2743265,59.9146154],[30.2742727,59.9147479]]]},"properties":{"layer":"context","id":"H693","name":"Жилой дом (Рижский пр.)","kind":"context","info":"Рядовая историческая застройка: Рижский пр.. Схематично.","approx":false,"height":18.2,"floors":4,"generated":true}},{"type":"Feature","geometry":{"type":"Polygon","coordinates":[[[30.2739391,59.9147139],[30.2736545,59.9146849],[30.2737056,59.914559],[30.2739902,59.914588],[30.2739391,59.9147139]]]},"properties":{"layer":"context","id":"H694","name":"Жилой дом (Рижский пр.)","kind":"context","info":"Рядовая историческая застройка: Рижский пр.. Схематично.","approx":false,"height":24.6,"floors":6,"generated":true}},{"type":"Feature","geometry":{"type":"Polygon","coordinates":[[[30.2736545,59.9146849],[30.2731604,59.9146346],[30.273213,59.9145049],[30.2737072,59.9145552],[30.2736545,59.9146849]]]},"properties":{"layer":"context","id":"H695","name":"Жилой дом (Рижский пр.)","kind":"context","info":"Рядовая историческая застройка: Рижский пр.. Схематично.","approx":false,"height":20.5,"floors":5,"generated":true}},{"type":"Feature","geometry":{"type":"Polygon","coordinates":[[[30.2737072,59.9145552],[30.2734812,59.9145322],[30.2735452,59.9143746],[30.2737712,59.9143976],[30.2737072,59.9145552]]]},"properties":{"layer":"context","id":"H696","name":"Дворовый флигель (Рижский пр.)","kind":"context","info":"Дворовый флигель рядовой застройки. Схематично.","approx":false,"height":16.6,"floors":4,"generated":true}},{"type":"Feature","geometry":{"type":"Polygon","coordinates":[[[30.2731604,59.9146346],[30.2727071,59.9145885],[30.272757,59.9144654],[30.2732103,59.9145116],[30.2731604,59.9146346]]]},"properties":{"layer":"context","id":"H697","name":"Жилой дом (Рижский пр.)","kind":"context","info":"Рядовая историческая застройка: Рижский пр.. Схематично.","approx":false,"height":17.8,"floors":4,"generated":true}},{"type":"Feature","geometry":{"type":"Polygon","coordinates":[[[30.2732103,59.9145116],[30.2729998,59.9144902],[30.2730642,59.9143317],[30.2732747,59.9143531],[30.2732103,59.9145116]]]},"properties":{"layer":"context","id":"H698","name":"Дворовый флигель (Рижский пр.)","kind":"context","info":"Дворовый флигель рядовой застройки. Схематично.","approx":false,"height":13.2,"floors":3,"generated":true}},{"type":"Feature","geometry":{"type":"Polygon","coordinates":[[[30.2726168,59.9145796],[30.2722897,59.9145484],[30.2723381,59.9144212],[30.2726652,59.9144524],[30.2726168,59.9145796]]]},"properties":{"layer":"context","id":"H699","name":"Жилой дом (Рижский пр.)","kind":"context","info":"Рядовая историческая застройка: Рижский пр.. Схематично.","approx":false,"height":23.9,"floors":6,"generated":true}},{"type":"Feature","geometry":{"type":"Polygon","coordinates":[[[30.2713985,59.9144638],[30.2708182,59.9144102],[30.2708652,59.9142827],[30.2714455,59.9143364],[30.2713985,59.9144638]]]},"properties":{"layer":"context","id":"H700","name":"Жилой дом (Рижский пр.)","kind":"context","info":"Рядовая историческая застройка: Рижский пр.. Схематично.","approx":false,"height":24.8,"floors":6,"generated":true}},{"type":"Feature","geometry":{"type":"Polygon","coordinates":[[[30.2708182,59.9144102],[30.2702713,59.9143596],[30.2703182,59.9142325],[30.2708651,59.9142831],[30.2708182,59.9144102]]]},"properties":{"layer":"context","id":"H701","name":"Жилой дом (Рижский пр.)","kind":"context","info":"Рядовая историческая застройка: Рижский пр.. Схематично.","approx":false,"height":18.1,"floors":4,"generated":true}},{"type":"Feature","geometry":{"type":"Polygon","coordinates":[[[30.2702713,59.9143596],[30.269785,59.9143146],[30.2698321,59.9141869],[30.2703184,59.9142319],[30.2702713,59.9143596]]]},"properties":{"layer":"context","id":"H702","name":"Жилой дом (Рижский пр.)","kind":"context","info":"Рядовая историческая застройка: Рижский пр.. Схематично.","approx":false,"height":24.6,"floors":6,"generated":true}},{"type":"Feature","geometry":{"type":"Polygon","coordinates":[[[30.2703184,59.9142319],[30.2701237,59.9142139],[30.2701891,59.9140365],[30.2703838,59.9140545],[30.2703184,59.9142319]]]},"properties":{"layer":"context","id":"H703","name":"Дворовый флигель (Рижский пр.)","kind":"context","info":"Дворовый флигель рядовой застройки. Схематично.","approx":false,"height":23.4,"floors":6,"generated":true}},{"type":"Feature","geometry":{"type":"Polygon","coordinates":[[[30.269785,59.9143146],[30.269201,59.9142606],[30.2692556,59.9141126],[30.2698395,59.9141666],[30.269785,59.9143146]]]},"properties":{"layer":"context","id":"H704","name":"Жилой дом (Рижский пр.)","kind":"context","info":"Рядовая историческая застройка: Рижский пр.. Схематично.","approx":false,"height":18.2,"floors":4,"generated":true}},{"type":"Feature","geometry":{"type":"Polygon","coordinates":[[[30.2698395,59.9141666],[30.2696262,59.9141468],[30.2697006,59.9139449],[30.269914,59.9139646],[30.2698395,59.9141666]]]},"properties":{"layer":"context","id":"H705","name":"Дворовый флигель (Рижский пр.)","kind":"context","info":"Дворовый флигель рядовой застройки. Схематично.","approx":false,"height":16.6,"floors":4,"generated":true}},{"type":"Feature","geometry":{"type":"Polygon","coordinates":[[[30.269201,59.9142606],[30.2687756,59.9142213],[30.2688233,59.914092],[30.2692487,59.9141313],[30.269201,59.9142606]]]},"properties":{"layer":"context","id":"H706","name":"Жилой дом (Рижский пр.)","kind":"context","info":"Рядовая историческая застройка: Рижский пр.. Схематично.","approx":false,"height":20.5,"floors":5,"generated":true}},{"type":"Feature","geometry":{"type":"Polygon","coordinates":[[[30.2687756,59.9142213],[30.2684685,59.9141929],[30.2685163,59.9140631],[30.2688235,59.9140915],[30.2687756,59.9142213]]]},"properties":{"layer":"context","id":"H707","name":"Жилой дом (Рижский пр.)","kind":"context","info":"Рядовая историческая застройка: Рижский пр.. Схематично.","approx":false,"height":20.8,"floors":5,"generated":true}},{"type":"Feature","geometry":{"type":"Polygon","coordinates":[[[30.2686938,59.9140795],[30.2685163,59.9140631],[30.2685834,59.913881],[30.2687609,59.9138974],[30.2686938,59.9140795]]]},"properties":{"layer":"context","id":"H708","name":"Дворовый флигель (Рижский пр.)","kind":"context","info":"Дворовый флигель рядовой застройки. Схематично.","approx":false,"height":16.6,"floors":4,"generated":true}},{"type":"Feature","geometry":{"type":"Polygon","coordinates":[[[30.2684685,59.9141929],[30.2680801,59.914157],[30.268132,59.9140163],[30.2685203,59.9140522],[30.2684685,59.9141929]]]},"properties":{"layer":"context","id":"H709","name":"Жилой дом (Рижский пр.)","kind":"context","info":"Рядовая историческая застройка: Рижский пр.. Схематично.","approx":false,"height":21.5,"floors":5,"generated":true}},{"type":"Feature","geometry":{"type":"Polygon","coordinates":[[[30.2782199,59.9153296],[30.2785194,59.9153582],[30.2784707,59.9154857],[30.2781713,59.915457],[30.2782199,59.9153296]]]},"properties":{"layer":"context","id":"H710","name":"Жилой дом (Рижский пр.)","kind":"context","info":"Рядовая историческая застройка: Рижский пр.. Схематично.","approx":false,"height":21.6,"floors":5,"generated":true}},{"type":"Feature","geometry":{"type":"Polygon","coordinates":[[[30.2773718,59.9152484],[30.2777798,59.9152874],[30.2777353,59.9154042],[30.2773272,59.9153651],[30.2773718,59.9152484]]]},"properties":{"layer":"context","id":"H711","name":"Жилой дом (Рижский пр.)","kind":"context","info":"Рядовая историческая застройка: Рижский пр.. Схематично.","approx":false,"height":24.3,"floors":6,"generated":true}},{"type":"Feature","geometry":{"type":"Polygon","coordinates":[[[30.2769704,59.9152099],[30.2773718,59.9152484],[30.2773238,59.9153741],[30.2769224,59.9153357],[30.2769704,59.9152099]]]},"properties":{"layer":"context","id":"H712","name":"Жилой дом (Рижский пр.)","kind":"context","info":"Рядовая историческая застройка: Рижский пр.. Схематично.","approx":false,"height":24.8,"floors":6,"generated":true}},{"type":"Feature","geometry":{"type":"Polygon","coordinates":[[[30.2765763,59.9151722],[30.2769704,59.9152099],[30.2769235,59.9153329],[30.2765294,59.9152951],[30.2765763,59.9151722]]]},"properties":{"layer":"context","id":"H713","name":"Жилой дом (Рижский пр.)","kind":"context","info":"Рядовая историческая застройка: Рижский пр.. Схематично.","approx":false,"height":24.1,"floors":6,"generated":true}},{"type":"Feature","geometry":{"type":"Polygon","coordinates":[[[30.2761497,59.9151314],[30.2764882,59.9151638],[30.2764376,59.9152965],[30.2760991,59.9152641],[30.2761497,59.9151314]]]},"properties":{"layer":"context","id":"H714","name":"Жилой дом (Рижский пр.)","kind":"context","info":"Рядовая историческая застройка: Рижский пр.. Схематично.","approx":false,"height":24.2,"floors":6,"generated":true}},{"type":"Feature","geometry":{"type":"Polygon","coordinates":[[[30.2758953,59.915107],[30.2761497,59.9151314],[30.2761053,59.9152476],[30.2758509,59.9152233],[30.2758953,59.915107]]]},"properties":{"layer":"context","id":"H715","name":"Жилой дом (Рижский пр.)","kind":"context","info":"Рядовая историческая застройка: Рижский пр.. Схематично.","approx":false,"height":24.8,"floors":6,"generated":true}},{"type":"Feature","geometry":{"type":"Polygon","coordinates":[[[30.2754824,59.9150652],[30.2758052,59.9150981],[30.2757586,59.915213],[30.2754358,59.9151802],[30.2754824,59.9150652]]]},"properties":{"layer":"context","id":"H716","name":"Жилой дом (Рижский пр.)","kind":"context","info":"Рядовая историческая застройка: Рижский пр.. Схематично.","approx":false,"height":17.6,"floors":4,"generated":true}},{"type":"Feature","geometry":{"type":"Polygon","coordinates":[[[30.2751441,59.9150308],[30.2754824,59.9150652],[30.2754221,59.9152139],[30.2750838,59.9151794],[30.2751441,59.9150308]]]},"properties":{"layer":"context","id":"H717","name":"Жилой дом (Рижский пр.)","kind":"context","info":"Рядовая историческая застройка: Рижский пр.. Схематично.","approx":false,"height":17.6,"floors":4,"generated":true}},{"type":"Feature","geometry":{"type":"Polygon","coordinates":[[[30.2747069,59.9149863],[30.2751441,59.9150308],[30.2750879,59.9151692],[30.2746507,59.9151247],[30.2747069,59.9149863]]]},"properties":{"layer":"context","id":"H718","name":"Жилой дом (Рижский пр.)","kind":"context","info":"Рядовая историческая застройка: Рижский пр.. Схематично.","approx":false,"height":17.4,"floors":4,"generated":true}},{"type":"Feature","geometry":{"type":"Polygon","coordinates":[[[30.2743268,59.9149476],[30.2747069,59.9149863],[30.2746481,59.9151312],[30.274268,59.9150925],[30.2743268,59.9149476]]]},"properties":{"layer":"context","id":"H719","name":"Жилой дом (Рижский пр.)","kind":"context","info":"Рядовая историческая застройка: Рижский пр.. Схематично.","approx":false,"height":20.9,"floors":5,"generated":true}},{"type":"Feature","geometry":{"type":"Polygon","coordinates":[[[30.2744434,59.9151104],[30.2746481,59.9151312],[30.2745733,59.9153154],[30.2743687,59.9152945],[30.2744434,59.9151104]]]},"properties":{"layer":"context","id":"H720","name":"Дворовый флигель (Рижский пр.)","kind":"context","info":"Дворовый флигель рядовой застройки. Схематично.","approx":false,"height":16.6,"floors":4,"generated":true}},{"type":"Feature","geometry":{"type":"Polygon","coordinates":[[[30.2737139,59.9148852],[30.2743268,59.9149476],[30.2742706,59.9150859],[30.2736577,59.9150235],[30.2737139,59.9148852]]]},"properties":{"layer":"context","id":"H721","name":"Жилой дом (Рижский пр.)","kind":"context","info":"Рядовая историческая застройка: Рижский пр.. Схематично.","approx":false,"height":17.2,"floors":4,"generated":true}},{"type":"Feature","geometry":{"type":"Polygon","coordinates":[[[30.274046,59.915063],[30.2742706,59.9150859],[30.2742067,59.9152435],[30.273982,59.9152206],[30.274046,59.915063]]]},"properties":{"layer":"context","id":"H722","name":"Дворовый флигель (Рижский пр.)","kind":"context","info":"Дворовый флигель рядовой застройки. Схематично.","approx":false,"height":16.6,"floors":4,"generated":true}},{"type":"Feature","geometry":{"type":"Polygon","coordinates":[[[30.2731119,59.9148239],[30.2737139,59.9148852],[30.2736639,59.9150083],[30.2730619,59.914947],[30.2731119,59.9148239]]]},"properties":{"layer":"context","id":"H723","name":"Жилой дом (Рижский пр.)","kind":"context","info":"Рядовая историческая застройка: Рижский пр.. Схематично.","approx":false,"height":24.8,"floors":6,"generated":true}},{"type":"Feature","geometry":{"type":"Polygon","coordinates":[[[30.2730619,59.914947],[30.2732405,59.9149652],[30.2731703,59.9151381],[30.2729917,59.9151199],[30.2730619,59.914947]]]},"properties":{"layer":"context","id":"H724","name":"Дворовый флигель (Рижский пр.)","kind":"context","info":"Дворовый флигель рядовой застройки. Схематично.","approx":false,"height":23.4,"floors":6,"generated":true}},{"type":"Feature","geometry":{"type":"Polygon","coordinates":[[[30.2726385,59.9147757],[30.2731119,59.9148239],[30.2730604,59.9149506],[30.272587,59.9149024],[30.2726385,59.9147757]]]},"properties":{"layer":"context","id":"H725","name":"Жилой дом (Рижский пр.)","kind":"context","info":"Рядовая историческая застройка: Рижский пр.. Схематично.","approx":false,"height":20.7,"floors":5,"generated":true}},{"type":"Feature","geometry":{"type":"Polygon","coordinates":[[[30.272587,59.9149024],[30.2727632,59.9149203],[30.2727023,59.9150703],[30.2725261,59.9150524],[30.272587,59.9149024]]]},"properties":{"layer":"context","id":"H726","name":"Дворовый флигель (Рижский пр.)","kind":"context","info":"Дворовый флигель рядовой застройки. Схематично.","approx":false,"height":16.6,"floors":4,"generated":true}},{"type":"Feature","geometry":{"type":"Polygon","coordinates":[[[30.2715047,59.9146672],[30.2717535,59.914691],[30.2716997,59.9148324],[30.2714509,59.9148087],[30.2715047,59.9146672]]]},"properties":{"layer":"context","id":"H727","name":"Жилой дом (Рижский пр.)","kind":"context","info":"Рядовая историческая застройка: Рижский пр.. Схематично.","approx":false,"height":24,"floors":6,"generated":true}},{"type":"Feature","geometry":{"type":"Polygon","coordinates":[[[30.270991,59.9146196],[30.2714177,59.9146591],[30.271374,59.9147776],[30.2709473,59.9147382],[30.270991,59.9146196]]]},"properties":{"layer":"context","id":"H728","name":"Жилой дом (Рижский пр.)","kind":"context","info":"Рядовая историческая застройка: Рижский пр.. Схематично.","approx":false,"height":24.1,"floors":6,"generated":true}},{"type":"Feature","geometry":{"type":"Polygon","coordinates":[[[30.2711662,59.9147584],[30.271374,59.9147776],[30.2713069,59.9149595],[30.2710991,59.9149403],[30.2711662,59.9147584]]]},"properties":{"layer":"context","id":"H729","name":"Дворовый флигель (Рижский пр.)","kind":"context","info":"Дворовый флигель рядовой застройки. Схематично.","approx":false,"height":23.4,"floors":6,"generated":true}},{"type":"Feature","geometry":{"type":"Polygon","coordinates":[[[30.2704825,59.9145726],[30.270991,59.9146196],[30.2709401,59.9147578],[30.2704315,59.9147108],[30.2704825,59.9145726]]]},"properties":{"layer":"context","id":"H730","name":"Жилой дом (Рижский пр.)","kind":"context","info":"Рядовая историческая застройка: Рижский пр.. Схематично.","approx":false,"height":24.9,"floors":6,"generated":true}},{"type":"Feature","geometry":{"type":"Polygon","coordinates":[[[30.2698173,59.9145111],[30.2704825,59.9145726],[30.2704329,59.914707],[30.2697678,59.9146455],[30.2698173,59.9145111]]]},"properties":{"layer":"context","id":"H731","name":"Жилой дом (Рижский пр.)","kind":"context","info":"Рядовая историческая застройка: Рижский пр.. Схематично.","approx":false,"height":24.5,"floors":6,"generated":true}},{"type":"Feature","geometry":{"type":"Polygon","coordinates":[[[30.2692224,59.9144561],[30.2698173,59.9145111],[30.2697651,59.9146528],[30.2691701,59.9145978],[30.2692224,59.9144561]]]},"properties":{"layer":"context","id":"H732","name":"Жилой дом (Рижский пр.)","kind":"context","info":"Рядовая историческая застройка: Рижский пр.. Схематично.","approx":false,"height":20.8,"floors":5,"generated":true}},{"type":"Feature","geometry":{"type":"Polygon","coordinates":[[[30.2695827,59.914636],[30.2697651,59.9146528],[30.2697107,59.9148003],[30.2695283,59.9147834],[30.2695827,59.914636]]]},"properties":{"layer":"context","id":"H733","name":"Дворовый флигель (Рижский пр.)","kind":"context","info":"Дворовый флигель рядовой застройки. Схематично.","approx":false,"height":16.6,"floors":4,"generated":true}},{"type":"Feature","geometry":{"type":"Polygon","coordinates":[[[30.2688821,59.9144246],[30.2692224,59.9144561],[30.2691736,59.9145883],[30.2688334,59.9145568],[30.2688821,59.9144246]]]},"properties":{"layer":"context","id":"H734","name":"Жилой дом (Рижский пр.)","kind":"context","info":"Рядовая историческая застройка: Рижский пр.. Схематично.","approx":false,"height":17.4,"floors":4,"generated":true}},{"type":"Feature","geometry":{"type":"Polygon","coordinates":[[[30.2684263,59.9143825],[30.2688821,59.9144246],[30.2688337,59.9145559],[30.2683779,59.9145138],[30.2684263,59.9143825]]]},"properties":{"layer":"context","id":"H735","name":"Жилой дом (Рижский пр.)","kind":"context","info":"Рядовая историческая застройка: Рижский пр.. Схематично.","approx":false,"height":21.4,"floors":5,"generated":true}},{"type":"Feature","geometry":{"type":"Polygon","coordinates":[[[30.2683779,59.9145138],[30.2685753,59.914532],[30.2684935,59.9147538],[30.2682962,59.9147355],[30.2683779,59.9145138]]]},"properties":{"layer":"context","id":"H736","name":"Дворовый флигель (Рижский пр.)","kind":"context","info":"Дворовый флигель рядовой застройки. Схематично.","approx":false,"height":16.6,"floors":4,"generated":true}},{"type":"Feature","geometry":{"type":"Polygon","coordinates":[[[30.2680112,59.9143441],[30.2684263,59.9143825],[30.2683818,59.9145031],[30.2679667,59.9144647],[30.2680112,59.9143441]]]},"properties":{"layer":"context","id":"H737","name":"Жилой дом (Рижский пр.)","kind":"context","info":"Рядовая историческая застройка: Рижский пр.. Схематично.","approx":false,"height":20.9,"floors":5,"generated":true}},{"type":"Feature","geometry":{"type":"Polygon","coordinates":[[[30.2681736,59.9144838],[30.2683818,59.9145031],[30.2682797,59.9147801],[30.2680715,59.9147608],[30.2681736,59.9144838]]]},"properties":{"layer":"context","id":"H738","name":"Дворовый флигель (Рижский пр.)","kind":"context","info":"Дворовый флигель рядовой застройки. Схематично.","approx":false,"height":20,"floors":5,"generated":true}},{"type":"Feature","geometry":{"type":"Polygon","coordinates":[[[30.2652797,59.9296205],[30.2657513,59.9297474],[30.265613,59.9298763],[30.2651414,59.9297494],[30.2652797,59.9296205]]]},"properties":{"layer":"context","id":"H739","name":"Жилой дом (наб. Лейтенанта Шмидта)","kind":"context","info":"Рядовая историческая застройка: наб. Лейтенанта Шмидта. Схематично.","approx":false,"height":24.8,"floors":6,"generated":true}},{"type":"Feature","geometry":{"type":"Polygon","coordinates":[[[30.2651414,59.9297494],[30.2653145,59.929796],[30.2651483,59.9299509],[30.2649752,59.9299043],[30.2651414,59.9297494]]]},"properties":{"layer":"context","id":"H740","name":"Дворовый флигель (наб. Лейтенанта Шмидта)","kind":"context","info":"Дворовый флигель рядовой застройки. Схематично.","approx":false,"height":20,"floors":5,"generated":true}},{"type":"Feature","geometry":{"type":"Polygon","coordinates":[[[30.2657513,59.9297474],[30.266079,59.9298356],[30.2659542,59.9299519],[30.2656265,59.9298637],[30.2657513,59.9297474]]]},"properties":{"layer":"context","id":"H741","name":"Жилой дом (наб. Лейтенанта Шмидта)","kind":"context","info":"Рядовая историческая застройка: наб. Лейтенанта Шмидта. Схематично.","approx":false,"height":17.9,"floors":4,"generated":true}},{"type":"Feature","geometry":{"type":"Polygon","coordinates":[[[30.266079,59.9298356],[30.2662389,59.9298786],[30.2661228,59.9299868],[30.2659629,59.9299438],[30.266079,59.9298356]]]},"properties":{"layer":"context","id":"H742","name":"Жилой дом (наб. Лейтенанта Шмидта)","kind":"context","info":"Рядовая историческая застройка: наб. Лейтенанта Шмидта. Схематично.","approx":false,"height":21.1,"floors":5,"generated":true}},{"type":"Feature","geometry":{"type":"Polygon","coordinates":[[[30.2680017,59.9303498],[30.2682612,59.9304174],[30.2681294,59.9305442],[30.26787,59.9304767],[30.2680017,59.9303498]]]},"properties":{"layer":"context","id":"H743","name":"Жилой дом (наб. Лейтенанта Шмидта)","kind":"context","info":"Рядовая историческая застройка: наб. Лейтенанта Шмидта. Схематично.","approx":false,"height":20.7,"floors":5,"generated":true}},{"type":"Feature","geometry":{"type":"Polygon","coordinates":[[[30.2682612,59.9304174],[30.2685432,59.9304909],[30.2684265,59.9306033],[30.2681444,59.9305298],[30.2682612,59.9304174]]]},"properties":{"layer":"context","id":"H744","name":"Жилой дом (наб. Лейтенанта Шмидта)","kind":"context","info":"Рядовая историческая застройка: наб. Лейтенанта Шмидта. Схематично.","approx":false,"height":18,"floors":4,"generated":true}},{"type":"Feature","geometry":{"type":"Polygon","coordinates":[[[30.2682489,59.930557],[30.2684265,59.9306033],[30.268262,59.9307617],[30.2680844,59.9307155],[30.2682489,59.930557]]]},"properties":{"layer":"context","id":"H745","name":"Дворовый флигель (наб. Лейтенанта Шмидта)","kind":"context","info":"Дворовый флигель рядовой застройки. Схематично.","approx":false,"height":16.6,"floors":4,"generated":true}},{"type":"Feature","geometry":{"type":"Polygon","coordinates":[[[30.2685432,59.9304909],[30.2689386,59.9305938],[30.2687983,59.9307289],[30.268403,59.930626],[30.2685432,59.9304909]]]},"properties":{"layer":"context","id":"H746","name":"Жилой дом (наб. Лейтенанта Шмидта)","kind":"context","info":"Рядовая историческая застройка: наб. Лейтенанта Шмидта. Схематично.","approx":false,"height":24.6,"floors":6,"generated":true}},{"type":"Feature","geometry":{"type":"Polygon","coordinates":[[[30.2686337,59.930686],[30.2687983,59.9307289],[30.2686607,59.9308614],[30.2684961,59.9308186],[30.2686337,59.930686]]]},"properties":{"layer":"context","id":"H747","name":"Дворовый флигель (наб. Лейтенанта Шмидта)","kind":"context","info":"Дворовый флигель рядовой застройки. Схематично.","approx":false,"height":23.4,"floors":6,"generated":true}},{"type":"Feature","geometry":{"type":"Polygon","coordinates":[[[30.2689386,59.9305938],[30.2691621,59.930652],[30.2690434,59.9307664],[30.2688198,59.9307082],[30.2689386,59.9305938]]]},"properties":{"layer":"context","id":"H748","name":"Жилой дом (наб. Лейтенанта Шмидта)","kind":"context","info":"Рядовая историческая застройка: наб. Лейтенанта Шмидта. Схематично.","approx":false,"height":20.8,"floors":5,"generated":true}},{"type":"Feature","geometry":{"type":"Polygon","coordinates":[[[30.2696391,59.9307763],[30.2702058,59.9309238],[30.270094,59.9310315],[30.2695274,59.9308839],[30.2696391,59.9307763]]]},"properties":{"layer":"context","id":"H749","name":"Жилой дом (наб. Лейтенанта Шмидта)","kind":"context","info":"Рядовая историческая застройка: наб. Лейтенанта Шмидта. Схематично.","approx":false,"height":17.5,"floors":4,"generated":true}},{"type":"Feature","geometry":{"type":"Polygon","coordinates":[[[30.2702058,59.9309238],[30.2706272,59.9310336],[30.270513,59.9311436],[30.2700916,59.9310339],[30.2702058,59.9309238]]]},"properties":{"layer":"context","id":"H750","name":"Жилой дом (наб. Лейтенанта Шмидта)","kind":"context","info":"Рядовая историческая застройка: наб. Лейтенанта Шмидта. Схематично.","approx":false,"height":17.9,"floors":4,"generated":true}},{"type":"Feature","geometry":{"type":"Polygon","coordinates":[[[30.2700916,59.9310339],[30.2702933,59.9310864],[30.2701112,59.9312617],[30.2699095,59.9312092],[30.2700916,59.9310339]]]},"properties":{"layer":"context","id":"H751","name":"Дворовый флигель (наб. Лейтенанта Шмидта)","kind":"context","info":"Дворовый флигель рядовой застройки. Схематично.","approx":false,"height":13.2,"floors":3,"generated":true}},{"type":"Feature","geometry":{"type":"Polygon","coordinates":[[[30.2706272,59.9310336],[30.2710124,59.9311339],[30.2708982,59.9312438],[30.2705131,59.9311435],[30.2706272,59.9310336]]]},"properties":{"layer":"context","id":"H752","name":"Жилой дом (наб. Лейтенанта Шмидта)","kind":"context","info":"Рядовая историческая застройка: наб. Лейтенанта Шмидта. Схематично.","approx":false,"height":21.5,"floors":5,"generated":true}},{"type":"Feature","geometry":{"type":"Polygon","coordinates":[[[30.2707371,59.9312019],[30.2708982,59.9312438],[30.2706399,59.9314926],[30.2704788,59.9314506],[30.2707371,59.9312019]]]},"properties":{"layer":"context","id":"H753","name":"Дворовый флигель (наб. Лейтенанта Шмидта)","kind":"context","info":"Дворовый флигель рядовой застройки. Схематично.","approx":false,"height":20,"floors":5,"generated":true}},{"type":"Feature","geometry":{"type":"Polygon","coordinates":[[[30.2710124,59.9311339],[30.2711885,59.9311798],[30.2710682,59.9312956],[30.2708921,59.9312498],[30.2710124,59.9311339]]]},"properties":{"layer":"context","id":"H754","name":"Жилой дом (наб. Лейтенанта Шмидта)","kind":"context","info":"Рядовая историческая застройка: наб. Лейтенанта Шмидта. Схематично.","approx":false,"height":24.3,"floors":6,"generated":true}},{"type":"Feature","geometry":{"type":"Polygon","coordinates":[[[30.271271,59.9312008],[30.2716166,59.9312873],[30.2714904,59.9314137],[30.2711449,59.9313271],[30.271271,59.9312008]]]},"properties":{"layer":"context","id":"H755","name":"Жилой дом (наб. Лейтенанта Шмидта)","kind":"context","info":"Рядовая историческая застройка: наб. Лейтенанта Шмидта. Схематично.","approx":false,"height":17.9,"floors":4,"generated":true}},{"type":"Feature","geometry":{"type":"Polygon","coordinates":[[[30.2721776,59.9314278],[30.2726213,59.9315389],[30.2725053,59.931655],[30.2720617,59.9315439],[30.2721776,59.9314278]]]},"properties":{"layer":"context","id":"H756","name":"Жилой дом (наб. Лейтенанта Шмидта)","kind":"context","info":"Рядовая историческая застройка: наб. Лейтенанта Шмидта. Схематично.","approx":false,"height":24,"floors":6,"generated":true}},{"type":"Feature","geometry":{"type":"Polygon","coordinates":[[[30.2726213,59.9315389],[30.2731361,59.9316678],[30.2730285,59.9317756],[30.2725136,59.9316467],[30.2726213,59.9315389]]]},"properties":{"layer":"context","id":"H757","name":"Жилой дом (наб. Лейтенанта Шмидта)","kind":"context","info":"Рядовая историческая застройка: наб. Лейтенанта Шмидта. Схематично.","approx":false,"height":20.8,"floors":5,"generated":true}},{"type":"Feature","geometry":{"type":"Polygon","coordinates":[[[30.2731361,59.9316678],[30.2737288,59.9318163],[30.2736208,59.9319245],[30.2730281,59.931776],[30.2731361,59.9316678]]]},"properties":{"layer":"context","id":"H758","name":"Жилой дом (наб. Лейтенанта Шмидта)","kind":"context","info":"Рядовая историческая застройка: наб. Лейтенанта Шмидта. Схематично.","approx":false,"height":17.4,"floors":4,"generated":true}},{"type":"Feature","geometry":{"type":"Polygon","coordinates":[[[30.2730281,59.931776],[30.2731907,59.9318168],[30.2729276,59.9320802],[30.2727651,59.9320395],[30.2730281,59.931776]]]},"properties":{"layer":"context","id":"H759","name":"Дворовый флигель (наб. Лейтенанта Шмидта)","kind":"context","info":"Дворовый флигель рядовой застройки. Схематично.","approx":false,"height":16.6,"floors":4,"generated":true}},{"type":"Feature","geometry":{"type":"Polygon","coordinates":[[[30.2737288,59.9318163],[30.274189,59.9319315],[30.2740564,59.9320643],[30.2735962,59.9319491],[30.2737288,59.9318163]]]},"properties":{"layer":"context","id":"H760","name":"Жилой дом (наб. Лейтенанта Шмидта)","kind":"context","info":"Рядовая историческая застройка: наб. Лейтенанта Шмидта. Схематично.","approx":false,"height":24.1,"floors":6,"generated":true}},{"type":"Feature","geometry":{"type":"Polygon","coordinates":[[[30.2735962,59.9319491],[30.2737724,59.9319932],[30.273583,59.932183],[30.2734068,59.9321388],[30.2735962,59.9319491]]]},"properties":{"layer":"context","id":"H761","name":"Дворовый флигель (наб. Лейтенанта Шмидта)","kind":"context","info":"Дворовый флигель рядовой застройки. Схематично.","approx":false,"height":20,"floors":5,"generated":true}},{"type":"Feature","geometry":{"type":"Polygon","coordinates":[[[30.2748515,59.932098],[30.275111,59.9321662],[30.2750019,59.9322703],[30.2747424,59.932202],[30.2748515,59.932098]]]},"properties":{"layer":"context","id":"H762","name":"Жилой дом (наб. Лейтенанта Шмидта)","kind":"context","info":"Рядовая историческая застройка: наб. Лейтенанта Шмидта. Схематично.","approx":false,"height":24.7,"floors":6,"generated":true}},{"type":"Feature","geometry":{"type":"Polygon","coordinates":[[[30.274841,59.932228],[30.2750019,59.9322703],[30.2747192,59.93254],[30.2745583,59.9324977],[30.274841,59.932228]]]},"properties":{"layer":"context","id":"H763","name":"Дворовый флигель (наб. Лейтенанта Шмидта)","kind":"context","info":"Дворовый флигель рядовой застройки. Схематично.","approx":false,"height":23.4,"floors":6,"generated":true}},{"type":"Feature","geometry":{"type":"Polygon","coordinates":[[[30.275111,59.9321662],[30.2756806,59.932316],[30.2755465,59.932444],[30.2749768,59.9322942],[30.275111,59.9321662]]]},"properties":{"layer":"context","id":"H764","name":"Жилой дом (наб. Лейтенанта Шмидта)","kind":"context","info":"Рядовая историческая застройка: наб. Лейтенанта Шмидта. Схематично.","approx":false,"height":17.3,"floors":4,"generated":true}},{"type":"Feature","geometry":{"type":"Polygon","coordinates":[[[30.2756806,59.932316],[30.2762148,59.9324565],[30.2760915,59.9325741],[30.2755573,59.9324336],[30.2756806,59.932316]]]},"properties":{"layer":"context","id":"H765","name":"Жилой дом (наб. Лейтенанта Шмидта)","kind":"context","info":"Рядовая историческая застройка: наб. Лейтенанта Шмидта. Схематично.","approx":false,"height":21.2,"floors":5,"generated":true}},{"type":"Feature","geometry":{"type":"Polygon","coordinates":[[[30.2759096,59.9325263],[30.2760915,59.9325741],[30.2758943,59.9327623],[30.2757123,59.9327144],[30.2759096,59.9325263]]]},"properties":{"layer":"context","id":"H766","name":"Дворовый флигель (наб. Лейтенанта Шмидта)","kind":"context","info":"Дворовый флигель рядовой застройки. Схематично.","approx":false,"height":16.6,"floors":4,"generated":true}},{"type":"Feature","geometry":{"type":"Polygon","coordinates":[[[30.2762148,59.9324565],[30.2766683,59.9325757],[30.2765516,59.9326869],[30.2760982,59.9325677],[30.2762148,59.9324565]]]},"properties":{"layer":"context","id":"H767","name":"Жилой дом (наб. Лейтенанта Шмидта)","kind":"context","info":"Рядовая историческая застройка: наб. Лейтенанта Шмидта. Схематично.","approx":false,"height":21.6,"floors":5,"generated":true}},{"type":"Feature","geometry":{"type":"Polygon","coordinates":[[[30.2772236,59.9327217],[30.2776479,59.9328333],[30.2775206,59.9329548],[30.2770962,59.9328432],[30.2772236,59.9327217]]]},"properties":{"layer":"context","id":"H768","name":"Жилой дом (наб. Лейтенанта Шмидта)","kind":"context","info":"Рядовая историческая застройка: наб. Лейтенанта Шмидта. Схематично.","approx":false,"height":17.5,"floors":4,"generated":true}},{"type":"Feature","geometry":{"type":"Polygon","coordinates":[[[30.2776479,59.9328333],[30.2779447,59.9329113],[30.2778216,59.9330288],[30.2775248,59.9329508],[30.2776479,59.9328333]]]},"properties":{"layer":"context","id":"H769","name":"Жилой дом (наб. Лейтенанта Шмидта)","kind":"context","info":"Рядовая историческая застройка: наб. Лейтенанта Шмидта. Схематично.","approx":false,"height":24.3,"floors":6,"generated":true}},{"type":"Feature","geometry":{"type":"Polygon","coordinates":[[[30.2779447,59.9329113],[30.2782828,59.9330002],[30.2781666,59.9331111],[30.2778285,59.9330222],[30.2779447,59.9329113]]]},"properties":{"layer":"context","id":"H770","name":"Жилой дом (наб. Лейтенанта Шмидта)","kind":"context","info":"Рядовая историческая застройка: наб. Лейтенанта Шмидта. Схематично.","approx":false,"height":17.8,"floors":4,"generated":true}},{"type":"Feature","geometry":{"type":"Polygon","coordinates":[[[30.2784343,59.9330403],[30.2786189,59.9330897],[30.2784797,59.9332201],[30.2782951,59.9331707],[30.2784343,59.9330403]]]},"properties":{"layer":"context","id":"H771","name":"Жилой дом (наб. Лейтенанта Шмидта)","kind":"context","info":"Рядовая историческая застройка: наб. Лейтенанта Шмидта. Схематично.","approx":false,"height":17.1,"floors":4,"generated":true}},{"type":"Feature","geometry":{"type":"Polygon","coordinates":[[[30.2692412,59.9307843],[30.2691836,59.9309653],[30.268895,59.9309423],[30.2689526,59.9307613],[30.2692412,59.9307843]]]},"properties":{"layer":"context","id":"H772","name":"Жилой дом (21-я и 22-я линии В. О.)","kind":"context","info":"Рядовая историческая застройка: 21-я и 22-я линии В. О.. Схематично.","approx":false,"height":17.2,"floors":4,"generated":true}},{"type":"Feature","geometry":{"type":"Polygon","coordinates":[[[30.2691836,59.9309653],[30.2691357,59.931116],[30.268895,59.9310968],[30.2689429,59.9309461],[30.2691836,59.9309653]]]},"properties":{"layer":"context","id":"H773","name":"Жилой дом (21-я и 22-я линии В. О.)","kind":"context","info":"Рядовая историческая застройка: 21-я и 22-я линии В. О.. Схематично.","approx":false,"height":21,"floors":5,"generated":true}},{"type":"Feature","geometry":{"type":"Polygon","coordinates":[[[30.2689429,59.9309461],[30.2689136,59.9310383],[30.2684215,59.9309991],[30.2684508,59.9309069],[30.2689429,59.9309461]]]},"properties":{"layer":"context","id":"H774","name":"Дворовый флигель (21-я и 22-я линии В. О.)","kind":"context","info":"Дворовый флигель рядовой застройки. Схематично.","approx":false,"height":20,"floors":5,"generated":true}},{"type":"Feature","geometry":{"type":"Polygon","coordinates":[[[30.2691357,59.931116],[30.2690461,59.9313979],[30.2687807,59.9313768],[30.2688703,59.9310949],[30.2691357,59.931116]]]},"properties":{"layer":"context","id":"H775","name":"Жилой дом (21-я и 22-я линии В. О.)","kind":"context","info":"Рядовая историческая застройка: 21-я и 22-я линии В. О.. Схематично.","approx":false,"height":24.1,"floors":6,"generated":true}},{"type":"Feature","geometry":{"type":"Polygon","coordinates":[[[30.2690461,59.9313979],[30.2689667,59.9316476],[30.268678,59.9316246],[30.2687574,59.9313749],[30.2690461,59.9313979]]]},"properties":{"layer":"context","id":"H776","name":"Жилой дом (21-я и 22-я линии В. О.)","kind":"context","info":"Рядовая историческая застройка: 21-я и 22-я линии В. О.. Схематично.","approx":false,"height":18,"floors":4,"generated":true}},{"type":"Feature","geometry":{"type":"Polygon","coordinates":[[[30.2687574,59.9313749],[30.2687262,59.9314729],[30.2683592,59.9314437],[30.2683904,59.9313456],[30.2687574,59.9313749]]]},"properties":{"layer":"context","id":"H777","name":"Дворовый флигель (21-я и 22-я линии В. О.)","kind":"context","info":"Дворовый флигель рядовой застройки. Схематично.","approx":false,"height":13.2,"floors":3,"generated":true}},{"type":"Feature","geometry":{"type":"Polygon","coordinates":[[[30.2689667,59.9316476],[30.2689112,59.9318222],[30.268681,59.9318038],[30.2687365,59.9316292],[30.2689667,59.9316476]]]},"properties":{"layer":"context","id":"H778","name":"Жилой дом (21-я и 22-я линии В. О.)","kind":"context","info":"Рядовая историческая застройка: 21-я и 22-я линии В. О.. Схематично.","approx":false,"height":17.6,"floors":4,"generated":true}},{"type":"Feature","geometry":{"type":"Polygon","coordinates":[[[30.268714,59.9316999],[30.268681,59.9318038],[30.2683178,59.9317749],[30.2683508,59.931671],[30.268714,59.9316999]]]},"properties":{"layer":"context","id":"H779","name":"Дворовый флигель (21-я и 22-я линии В. О.)","kind":"context","info":"Дворовый флигель рядовой застройки. Схематично.","approx":false,"height":13.2,"floors":3,"generated":true}},{"type":"Feature","geometry":{"type":"Polygon","coordinates":[[[30.2689112,59.9318222],[30.2688656,59.9319656],[30.2686011,59.9319445],[30.2686467,59.9318011],[30.2689112,59.9318222]]]},"properties":{"layer":"context","id":"H780","name":"Жилой дом (21-я и 22-я линии В. О.)","kind":"context","info":"Рядовая историческая застройка: 21-я и 22-я линии В. О.. Схематично.","approx":false,"height":24,"floors":6,"generated":true}},{"type":"Feature","geometry":{"type":"Polygon","coordinates":[[[30.2688656,59.9319656],[30.268789,59.9322066],[30.2685148,59.9321848],[30.2685914,59.9319438],[30.2688656,59.9319656]]]},"properties":{"layer":"context","id":"H781","name":"Жилой дом (21-я и 22-я линии В. О.)","kind":"context","info":"Рядовая историческая застройка: 21-я и 22-я линии В. О.. Схематично.","approx":false,"height":24.7,"floors":6,"generated":true}},{"type":"Feature","geometry":{"type":"Polygon","coordinates":[[[30.268789,59.9322066],[30.2686972,59.9324954],[30.2684459,59.9324753],[30.2685377,59.9321866],[30.268789,59.9322066]]]},"properties":{"layer":"context","id":"H782","name":"Жилой дом (21-я и 22-я линии В. О.)","kind":"context","info":"Рядовая историческая застройка: 21-я и 22-я линии В. О.. Схематично.","approx":false,"height":17,"floors":4,"generated":true}},{"type":"Feature","geometry":{"type":"Polygon","coordinates":[[[30.2685377,59.9321866],[30.2685079,59.9322804],[30.2680223,59.9322417],[30.2680522,59.9321479],[30.2685377,59.9321866]]]},"properties":{"layer":"context","id":"H783","name":"Дворовый флигель (21-я и 22-я линии В. О.)","kind":"context","info":"Дворовый флигель рядовой застройки. Схематично.","approx":false,"height":16.6,"floors":4,"generated":true}},{"type":"Feature","geometry":{"type":"Polygon","coordinates":[[[30.2686972,59.9324954],[30.2686109,59.9327667],[30.2683759,59.9327479],[30.2684622,59.9324766],[30.2686972,59.9324954]]]},"properties":{"layer":"context","id":"H784","name":"Жилой дом (21-я и 22-я линии В. О.)","kind":"context","info":"Рядовая историческая застройка: 21-я и 22-я линии В. О.. Схематично.","approx":false,"height":21.6,"floors":5,"generated":true}},{"type":"Feature","geometry":{"type":"Polygon","coordinates":[[[30.2684622,59.9324766],[30.2684265,59.9325889],[30.2679433,59.9325503],[30.267979,59.9324381],[30.2684622,59.9324766]]]},"properties":{"layer":"context","id":"H785","name":"Дворовый флигель (21-я и 22-я линии В. О.)","kind":"context","info":"Дворовый флигель рядовой застройки. Схематично.","approx":false,"height":16.6,"floors":4,"generated":true}},{"type":"Feature","geometry":{"type":"Polygon","coordinates":[[[30.2686109,59.9327667],[30.2685217,59.9330473],[30.2682514,59.9330258],[30.2683407,59.9327451],[30.2686109,59.9327667]]]},"properties":{"layer":"context","id":"H786","name":"Жилой дом (21-я и 22-я линии В. О.)","kind":"context","info":"Рядовая историческая застройка: 21-я и 22-я линии В. О.. Схематично.","approx":false,"height":20.8,"floors":5,"generated":true}},{"type":"Feature","geometry":{"type":"Polygon","coordinates":[[[30.2682876,59.9329119],[30.2682514,59.9330258],[30.2679337,59.9330005],[30.2679699,59.9328866],[30.2682876,59.9329119]]]},"properties":{"layer":"context","id":"H787","name":"Дворовый флигель (21-я и 22-я линии В. О.)","kind":"context","info":"Дворовый флигель рядовой застройки. Схематично.","approx":false,"height":20,"floors":5,"generated":true}},{"type":"Feature","geometry":{"type":"Polygon","coordinates":[[[30.2685217,59.9330473],[30.2684639,59.9332291],[30.2682089,59.9332088],[30.2682667,59.933027],[30.2685217,59.9330473]]]},"properties":{"layer":"context","id":"H788","name":"Жилой дом (21-я и 22-я линии В. О.)","kind":"context","info":"Рядовая историческая застройка: 21-я и 22-я линии В. О.. Схематично.","approx":false,"height":17.5,"floors":4,"generated":true}},{"type":"Feature","geometry":{"type":"Polygon","coordinates":[[[30.2694465,59.9311202],[30.2695033,59.9309416],[30.269759,59.930962],[30.2697022,59.9311406],[30.2694465,59.9311202]]]},"properties":{"layer":"context","id":"H789","name":"Жилой дом (21-я и 22-я линии В. О.)","kind":"context","info":"Рядовая историческая застройка: 21-я и 22-я линии В. О.. Схематично.","approx":false,"height":24.6,"floors":6,"generated":true}},{"type":"Feature","geometry":{"type":"Polygon","coordinates":[[[30.269362,59.9313861],[30.2694465,59.9311202],[30.2697172,59.9311418],[30.2696327,59.9314077],[30.269362,59.9313861]]]},"properties":{"layer":"context","id":"H790","name":"Жилой дом (21-я и 22-я линии В. О.)","kind":"context","info":"Рядовая историческая застройка: 21-я и 22-я линии В. О.. Схематично.","approx":false,"height":18.1,"floors":4,"generated":true}},{"type":"Feature","geometry":{"type":"Polygon","coordinates":[[[30.2696327,59.9314077],[30.269664,59.9313093],[30.2701696,59.9313496],[30.2701383,59.9314481],[30.2696327,59.9314077]]]},"properties":{"layer":"context","id":"H791","name":"Дворовый флигель (21-я и 22-я линии В. О.)","kind":"context","info":"Дворовый флигель рядовой застройки. Схематично.","approx":false,"height":13.2,"floors":3,"generated":true}},{"type":"Feature","geometry":{"type":"Polygon","coordinates":[[[30.2692926,59.9316043],[30.269362,59.9313861],[30.2696457,59.9314088],[30.2695763,59.931627],[30.2692926,59.9316043]]]},"properties":{"layer":"context","id":"H792","name":"Жилой дом (21-я и 22-я линии В. О.)","kind":"context","info":"Рядовая историческая застройка: 21-я и 22-я линии В. О.. Схематично.","approx":false,"height":21.6,"floors":5,"generated":true}},{"type":"Feature","geometry":{"type":"Polygon","coordinates":[[[30.2696097,59.931522],[30.2696457,59.9314088],[30.2700745,59.931443],[30.2700385,59.9315562],[30.2696097,59.931522]]]},"properties":{"layer":"context","id":"H793","name":"Дворовый флигель (21-я и 22-я линии В. О.)","kind":"context","info":"Дворовый флигель рядовой застройки. Схематично.","approx":false,"height":20,"floors":5,"generated":true}},{"type":"Feature","geometry":{"type":"Polygon","coordinates":[[[30.2692165,59.9318435],[30.2692926,59.9316043],[30.2695779,59.9316271],[30.2695018,59.9318663],[30.2692165,59.9318435]]]},"properties":{"layer":"context","id":"H794","name":"Жилой дом (21-я и 22-я линии В. О.)","kind":"context","info":"Рядовая историческая застройка: 21-я и 22-я линии В. О.. Схематично.","approx":false,"height":23.9,"floors":6,"generated":true}},{"type":"Feature","geometry":{"type":"Polygon","coordinates":[[[30.2695489,59.9317181],[30.2695779,59.9316271],[30.2699444,59.9316563],[30.2699155,59.9317473],[30.2695489,59.9317181]]]},"properties":{"layer":"context","id":"H795","name":"Дворовый флигель (21-я и 22-я линии В. О.)","kind":"context","info":"Дворовый флигель рядовой застройки. Схематично.","approx":false,"height":23.4,"floors":6,"generated":true}},{"type":"Feature","geometry":{"type":"Polygon","coordinates":[[[30.2691378,59.9320911],[30.2692165,59.9318435],[30.2694525,59.9318623],[30.2693738,59.9321099],[30.2691378,59.9320911]]]},"properties":{"layer":"context","id":"H796","name":"Жилой дом (21-я и 22-я линии В. О.)","kind":"context","info":"Рядовая историческая застройка: 21-я и 22-я линии В. О.. Схематично.","approx":false,"height":17.4,"floors":4,"generated":true}},{"type":"Feature","geometry":{"type":"Polygon","coordinates":[[[30.2690392,59.9324014],[30.2691378,59.9320911],[30.2694365,59.9321149],[30.2693379,59.9324252],[30.2690392,59.9324014]]]},"properties":{"layer":"context","id":"H797","name":"Жилой дом (21-я и 22-я линии В. О.)","kind":"context","info":"Рядовая историческая застройка: 21-я и 22-я линии В. О.. Схематично.","approx":false,"height":20.7,"floors":5,"generated":true}},{"type":"Feature","geometry":{"type":"Polygon","coordinates":[[[30.2689662,59.9326309],[30.2690392,59.9324014],[30.2692864,59.9324211],[30.2692135,59.9326506],[30.2689662,59.9326309]]]},"properties":{"layer":"context","id":"H798","name":"Жилой дом (21-я и 22-я линии В. О.)","kind":"context","info":"Рядовая историческая застройка: 21-я и 22-я линии В. О.. Схематично.","approx":false,"height":24,"floors":6,"generated":true}},{"type":"Feature","geometry":{"type":"Polygon","coordinates":[[[30.2692135,59.9326506],[30.2692445,59.932553],[30.2697726,59.9325951],[30.2697416,59.9326927],[30.2692135,59.9326506]]]},"properties":{"layer":"context","id":"H799","name":"Дворовый флигель (21-я и 22-я линии В. О.)","kind":"context","info":"Дворовый флигель рядовой застройки. Схематично.","approx":false,"height":23.4,"floors":6,"generated":true}},{"type":"Feature","geometry":{"type":"Polygon","coordinates":[[[30.2688982,59.9328448],[30.2689662,59.9326309],[30.2692523,59.9326537],[30.2691842,59.9328676],[30.2688982,59.9328448]]]},"properties":{"layer":"context","id":"H800","name":"Жилой дом (21-я и 22-я линии В. О.)","kind":"context","info":"Рядовая историческая застройка: 21-я и 22-я линии В. О.. Схематично.","approx":false,"height":17.1,"floors":4,"generated":true}},{"type":"Feature","geometry":{"type":"Polygon","coordinates":[[[30.269218,59.9327613],[30.2692523,59.9326537],[30.269563,59.9326785],[30.2695288,59.9327861],[30.269218,59.9327613]]]},"properties":{"layer":"context","id":"H801","name":"Дворовый флигель (21-я и 22-я линии В. О.)","kind":"context","info":"Дворовый флигель рядовой застройки. Схематично.","approx":false,"height":13.2,"floors":3,"generated":true}},{"type":"Feature","geometry":{"type":"Polygon","coordinates":[[[30.2688488,59.9330002],[30.2688982,59.9328448],[30.2691875,59.9328679],[30.2691381,59.9330233],[30.2688488,59.9330002]]]},"properties":{"layer":"context","id":"H802","name":"Жилой дом (21-я и 22-я линии В. О.)","kind":"context","info":"Рядовая историческая застройка: 21-я и 22-я линии В. О.. Схематично.","approx":false,"height":17.8,"floors":4,"generated":true}},{"type":"Feature","geometry":{"type":"Polygon","coordinates":[[[30.2691381,59.9330233],[30.2691716,59.9329181],[30.2694816,59.9329428],[30.2694482,59.933048],[30.2691381,59.9330233]]]},"properties":{"layer":"context","id":"H803","name":"Дворовый флигель (21-я и 22-я линии В. О.)","kind":"context","info":"Дворовый флигель рядовой застройки. Схематично.","approx":false,"height":16.6,"floors":4,"generated":true}},{"type":"Feature","geometry":{"type":"Polygon","coordinates":[[[30.2688033,59.9331433],[30.2688488,59.9330002],[30.2691401,59.9330234],[30.2690946,59.9331665],[30.2688033,59.9331433]]]},"properties":{"layer":"context","id":"H804","name":"Жилой дом (21-я и 22-я линии В. О.)","kind":"context","info":"Рядовая историческая застройка: 21-я и 22-я линии В. О.. Схематично.","approx":false,"height":23.9,"floors":6,"generated":true}},{"type":"Feature","geometry":{"type":"Polygon","coordinates":[[[30.271722,59.9314618],[30.2716135,59.9317369],[30.2713697,59.9317128],[30.2714782,59.9314376],[30.271722,59.9314618]]]},"properties":{"layer":"context","id":"H805","name":"Жилой дом (18-я и 19-я линии В. О.)","kind":"context","info":"Рядовая историческая застройка: 18-я и 19-я линии В. О.. Схематично.","approx":false,"height":18.1,"floors":4,"generated":true}},{"type":"Feature","geometry":{"type":"Polygon","coordinates":[[[30.2714782,59.9314376],[30.2714349,59.9315473],[30.2710227,59.9315065],[30.271066,59.9313969],[30.2714782,59.9314376]]]},"properties":{"layer":"context","id":"H806","name":"Дворовый флигель (18-я и 19-я линии В. О.)","kind":"context","info":"Дворовый флигель рядовой застройки. Схематично.","approx":false,"height":16.6,"floors":4,"generated":true}},{"type":"Feature","geometry":{"type":"Polygon","coordinates":[[[30.2716135,59.9317369],[30.2714941,59.9320396],[30.2712594,59.9320163],[30.2713787,59.9317137],[30.2716135,59.9317369]]]},"properties":{"layer":"context","id":"H807","name":"Жилой дом (18-я и 19-я линии В. О.)","kind":"context","info":"Рядовая историческая застройка: 18-я и 19-я линии В. О.. Схематично.","approx":false,"height":20.7,"floors":5,"generated":true}},{"type":"Feature","geometry":{"type":"Polygon","coordinates":[[[30.2713787,59.9317137],[30.2713429,59.9318047],[30.2710604,59.9317767],[30.2710963,59.9316857],[30.2713787,59.9317137]]]},"properties":{"layer":"context","id":"H808","name":"Дворовый флигель (18-я и 19-я линии В. О.)","kind":"context","info":"Дворовый флигель рядовой застройки. Схематично.","approx":false,"height":20,"floors":5,"generated":true}},{"type":"Feature","geometry":{"type":"Polygon","coordinates":[[[30.2714941,59.9320396],[30.271378,59.932334],[30.2710912,59.9323056],[30.2712074,59.9320112],[30.2714941,59.9320396]]]},"properties":{"layer":"context","id":"H809","name":"Жилой дом (18-я и 19-я линии В. О.)","kind":"context","info":"Рядовая историческая застройка: 18-я и 19-я линии В. О.. Схематично.","approx":false,"height":24.9,"floors":6,"generated":true}},{"type":"Feature","geometry":{"type":"Polygon","coordinates":[[[30.2711278,59.932213],[30.2710912,59.9323056],[30.2707532,59.9322722],[30.2707897,59.9321796],[30.2711278,59.932213]]]},"properties":{"layer":"context","id":"H810","name":"Дворовый флигель (18-я и 19-я линии В. О.)","kind":"context","info":"Дворовый флигель рядовой застройки. Схематично.","approx":false,"height":20,"floors":5,"generated":true}},{"type":"Feature","geometry":{"type":"Polygon","coordinates":[[[30.271378,59.932334],[30.2712938,59.9325475],[30.271037,59.9325221],[30.2711212,59.9323086],[30.271378,59.932334]]]},"properties":{"layer":"context","id":"H811","name":"Жилой дом (18-я и 19-я линии В. О.)","kind":"context","info":"Рядовая историческая застройка: 18-я и 19-я линии В. О.. Схематично.","approx":false,"height":24.3,"floors":6,"generated":true}},{"type":"Feature","geometry":{"type":"Polygon","coordinates":[[[30.2712938,59.9325475],[30.2712287,59.9327125],[30.2709569,59.9326856],[30.271022,59.9325206],[30.2712938,59.9325475]]]},"properties":{"layer":"context","id":"H812","name":"Жилой дом (18-я и 19-я линии В. О.)","kind":"context","info":"Рядовая историческая застройка: 18-я и 19-я линии В. О.. Схематично.","approx":false,"height":20.8,"floors":5,"generated":true}},{"type":"Feature","geometry":{"type":"Polygon","coordinates":[[[30.270994,59.9325916],[30.2709569,59.9326856],[30.2704258,59.932633],[30.2704629,59.9325391],[30.270994,59.9325916]]]},"properties":{"layer":"context","id":"H813","name":"Дворовый флигель (18-я и 19-я линии В. О.)","kind":"context","info":"Дворовый флигель рядовой застройки. Схематично.","approx":false,"height":16.6,"floors":4,"generated":true}},{"type":"Feature","geometry":{"type":"Polygon","coordinates":[[[30.2712287,59.9327125],[30.271106,59.9330237],[30.2708633,59.9329996],[30.270986,59.9326885],[30.2712287,59.9327125]]]},"properties":{"layer":"context","id":"H814","name":"Жилой дом (18-я и 19-я линии В. О.)","kind":"context","info":"Рядовая историческая застройка: 18-я и 19-я линии В. О.. Схематично.","approx":false,"height":24.2,"floors":6,"generated":true}},{"type":"Feature","geometry":{"type":"Polygon","coordinates":[[[30.271106,59.9330237],[30.2710367,59.9331994],[30.2707866,59.9331746],[30.2708559,59.9329989],[30.271106,59.9330237]]]},"properties":{"layer":"context","id":"H815","name":"Жилой дом (18-я и 19-я линии В. О.)","kind":"context","info":"Рядовая историческая застройка: 18-я и 19-я линии В. О.. Схематично.","approx":false,"height":17.2,"floors":4,"generated":true}},{"type":"Feature","geometry":{"type":"Polygon","coordinates":[[[30.2708559,59.9329989],[30.2708141,59.9331049],[30.2703003,59.9330541],[30.2703421,59.9329481],[30.2708559,59.9329989]]]},"properties":{"layer":"context","id":"H816","name":"Дворовый флигель (18-я и 19-я линии В. О.)","kind":"context","info":"Дворовый флигель рядовой застройки. Схематично.","approx":false,"height":13.2,"floors":3,"generated":true}},{"type":"Feature","geometry":{"type":"Polygon","coordinates":[[[30.2718895,59.9318337],[30.2719897,59.9315797],[30.2722253,59.931603],[30.2721251,59.931857],[30.2718895,59.9318337]]]},"properties":{"layer":"context","id":"H817","name":"Жилой дом (18-я и 19-я линии В. О.)","kind":"context","info":"Рядовая историческая застройка: 18-я и 19-я линии В. О.. Схематично.","approx":false,"height":17.9,"floors":4,"generated":true}},{"type":"Feature","geometry":{"type":"Polygon","coordinates":[[[30.2718213,59.9320068],[30.2718895,59.9318337],[30.2721556,59.93186],[30.2720874,59.9320331],[30.2718213,59.9320068]]]},"properties":{"layer":"context","id":"H818","name":"Жилой дом (18-я и 19-я линии В. О.)","kind":"context","info":"Рядовая историческая застройка: 18-я и 19-я линии В. О.. Схематично.","approx":false,"height":25,"floors":6,"generated":true}},{"type":"Feature","geometry":{"type":"Polygon","coordinates":[[[30.2720874,59.9320331],[30.2721225,59.931944],[30.2725339,59.9319847],[30.2724988,59.9320738],[30.2720874,59.9320331]]]},"properties":{"layer":"context","id":"H819","name":"Дворовый флигель (18-я и 19-я линии В. О.)","kind":"context","info":"Дворовый флигель рядовой застройки. Схематично.","approx":false,"height":23.4,"floors":6,"generated":true}},{"type":"Feature","geometry":{"type":"Polygon","coordinates":[[[30.2716925,59.9323332],[30.2718213,59.9320068],[30.272096,59.9320339],[30.2719672,59.9323604],[30.2716925,59.9323332]]]},"properties":{"layer":"context","id":"H820","name":"Жилой дом (18-я и 19-я линии В. О.)","kind":"context","info":"Рядовая историческая застройка: 18-я и 19-я линии В. О.. Схематично.","approx":false,"height":24.1,"floors":6,"generated":true}},{"type":"Feature","geometry":{"type":"Polygon","coordinates":[[[30.2719672,59.9323604],[30.2720052,59.9322641],[30.2725677,59.9323197],[30.2725298,59.932416],[30.2719672,59.9323604]]]},"properties":{"layer":"context","id":"H821","name":"Дворовый флигель (18-я и 19-я линии В. О.)","kind":"context","info":"Дворовый флигель рядовой застройки. Схематично.","approx":false,"height":23.4,"floors":6,"generated":true}},{"type":"Feature","geometry":{"type":"Polygon","coordinates":[[[30.2715736,59.9326347],[30.2716925,59.9323332],[30.2719599,59.9323596],[30.271841,59.9326612],[30.2715736,59.9326347]]]},"properties":{"layer":"context","id":"H822","name":"Жилой дом (18-я и 19-я линии В. О.)","kind":"context","info":"Рядовая историческая застройка: 18-я и 19-я линии В. О.. Схематично.","approx":false,"height":23.9,"floors":6,"generated":true}},{"type":"Feature","geometry":{"type":"Polygon","coordinates":[[[30.2715139,59.932786],[30.2715736,59.9326347],[30.271805,59.9326576],[30.2717453,59.9328089],[30.2715139,59.932786]]]},"properties":{"layer":"context","id":"H823","name":"Жилой дом (18-я и 19-я линии В. О.)","kind":"context","info":"Рядовая историческая застройка: 18-я и 19-я линии В. О.. Схематично.","approx":false,"height":20.8,"floors":5,"generated":true}},{"type":"Feature","geometry":{"type":"Polygon","coordinates":[[[30.2717659,59.9327566],[30.271805,59.9326576],[30.2722283,59.9326995],[30.2721892,59.9327985],[30.2717659,59.9327566]]]},"properties":{"layer":"context","id":"H824","name":"Дворовый флигель (18-я и 19-я линии В. О.)","kind":"context","info":"Дворовый флигель рядовой застройки. Схематично.","approx":false,"height":16.6,"floors":4,"generated":true}},{"type":"Feature","geometry":{"type":"Polygon","coordinates":[[[30.2714,59.9330748],[30.2715139,59.932786],[30.2718094,59.9328152],[30.2716955,59.9331041],[30.2714,59.9330748]]]},"properties":{"layer":"context","id":"H825","name":"Жилой дом (18-я и 19-я линии В. О.)","kind":"context","info":"Рядовая историческая застройка: 18-я и 19-я линии В. О.. Схематично.","approx":false,"height":24.1,"floors":6,"generated":true}},{"type":"Feature","geometry":{"type":"Polygon","coordinates":[[[30.2713533,59.9331931],[30.2714,59.9330748],[30.2716505,59.9330996],[30.2716038,59.9332179],[30.2713533,59.9331931]]]},"properties":{"layer":"context","id":"H826","name":"Жилой дом (18-я и 19-я линии В. О.)","kind":"context","info":"Рядовая историческая застройка: 18-я и 19-я линии В. О.. Схематично.","approx":false,"height":24.1,"floors":6,"generated":true}},{"type":"Feature","geometry":{"type":"Polygon","coordinates":[[[30.2742359,59.9320826],[30.2741518,59.9323116],[30.273898,59.9322882],[30.2739821,59.9320592],[30.2742359,59.9320826]]]},"properties":{"layer":"context","id":"H827","name":"Жилой дом (16-я и 17-я линии В. О.)","kind":"context","info":"Рядовая историческая застройка: 16-я и 17-я линии В. О.. Схематично.","approx":false,"height":18,"floors":4,"generated":true}},{"type":"Feature","geometry":{"type":"Polygon","coordinates":[[[30.2741518,59.9323116],[30.2740855,59.9324923],[30.2738123,59.9324671],[30.2738786,59.9322864],[30.2741518,59.9323116]]]},"properties":{"layer":"context","id":"H828","name":"Жилой дом (16-я и 17-я линии В. О.)","kind":"context","info":"Рядовая историческая застройка: 16-я и 17-я линии В. О.. Схематично.","approx":false,"height":21.3,"floors":5,"generated":true}},{"type":"Feature","geometry":{"type":"Polygon","coordinates":[[[30.2738497,59.9323652],[30.2738123,59.9324671],[30.2732429,59.9324147],[30.2732803,59.9323128],[30.2738497,59.9323652]]]},"properties":{"layer":"context","id":"H829","name":"Дворовый флигель (16-я и 17-я линии В. О.)","kind":"context","info":"Дворовый флигель рядовой застройки. Схематично.","approx":false,"height":20,"floors":5,"generated":true}},{"type":"Feature","geometry":{"type":"Polygon","coordinates":[[[30.2740855,59.9324923],[30.2739772,59.9327872],[30.2737355,59.932765],[30.2738438,59.93247],[30.2740855,59.9324923]]]},"properties":{"layer":"context","id":"H830","name":"Жилой дом (16-я и 17-я линии В. О.)","kind":"context","info":"Рядовая историческая застройка: 16-я и 17-я линии В. О.. Схематично.","approx":false,"height":23.8,"floors":6,"generated":true}},{"type":"Feature","geometry":{"type":"Polygon","coordinates":[[[30.2739772,59.9327872],[30.27388,59.933052],[30.2735917,59.9330254],[30.273689,59.9327607],[30.2739772,59.9327872]]]},"properties":{"layer":"context","id":"H831","name":"Жилой дом (16-я и 17-я линии В. О.)","kind":"context","info":"Рядовая историческая застройка: 16-я и 17-я линии В. О.. Схематично.","approx":false,"height":20.8,"floors":5,"generated":true}},{"type":"Feature","geometry":{"type":"Polygon","coordinates":[[[30.273689,59.9327607],[30.2736493,59.9328686],[30.2732428,59.9328312],[30.2732825,59.9327233],[30.273689,59.9327607]]]},"properties":{"layer":"context","id":"H832","name":"Дворовый флигель (16-я и 17-я линии В. О.)","kind":"context","info":"Дворовый флигель рядовой застройки. Схематично.","approx":false,"height":20,"floors":5,"generated":true}},{"type":"Feature","geometry":{"type":"Polygon","coordinates":[[[30.27388,59.933052],[30.2738329,59.9331802],[30.2735587,59.9331549],[30.2736057,59.9330267],[30.27388,59.933052]]]},"properties":{"layer":"context","id":"H833","name":"Жилой дом (16-я и 17-я линии В. О.)","kind":"context","info":"Рядовая историческая застройка: 16-я и 17-я линии В. О.. Схематично.","approx":false,"height":24.9,"floors":6,"generated":true}},{"type":"Feature","geometry":{"type":"Polygon","coordinates":[[[30.2744808,59.9322693],[30.2745391,59.9321105],[30.2747696,59.9321317],[30.2747113,59.9322905],[30.2744808,59.9322693]]]},"properties":{"layer":"context","id":"H834","name":"Жилой дом (16-я и 17-я линии В. О.)","kind":"context","info":"Рядовая историческая застройка: 16-я и 17-я линии В. О.. Схематично.","approx":false,"height":21.5,"floors":5,"generated":true}},{"type":"Feature","geometry":{"type":"Polygon","coordinates":[[[30.2742888,59.9327921],[30.2743835,59.9325341],[30.2746602,59.9325596],[30.2745655,59.9328176],[30.2742888,59.9327921]]]},"properties":{"layer":"context","id":"H835","name":"Жилой дом (16-я и 17-я линии В. О.)","kind":"context","info":"Рядовая историческая застройка: 16-я и 17-я линии В. О.. Схематично.","approx":false,"height":17.3,"floors":4,"generated":true}},{"type":"Feature","geometry":{"type":"Polygon","coordinates":[[[30.274178,59.9330939],[30.2742888,59.9327921],[30.2745484,59.932816],[30.2744375,59.9331179],[30.274178,59.9330939]]]},"properties":{"layer":"context","id":"H836","name":"Жилой дом (16-я и 17-я линии В. О.)","kind":"context","info":"Рядовая историческая застройка: 16-я и 17-я линии В. О.. Схематично.","approx":false,"height":18.1,"floors":4,"generated":true}},{"type":"Feature","geometry":{"type":"Polygon","coordinates":[[[30.2744375,59.9331179],[30.274477,59.9330105],[30.2748449,59.9330444],[30.2748055,59.9331517],[30.2744375,59.9331179]]]},"properties":{"layer":"context","id":"H837","name":"Дворовый флигель (16-я и 17-я линии В. О.)","kind":"context","info":"Дворовый флигель рядовой застройки. Схематично.","approx":false,"height":13.2,"floors":3,"generated":true}},{"type":"Feature","geometry":{"type":"Polygon","coordinates":[[[30.2741477,59.9331763],[30.274178,59.9330939],[30.2744611,59.93312],[30.2744308,59.9332024],[30.2741477,59.9331763]]]},"properties":{"layer":"context","id":"H838","name":"Жилой дом (16-я и 17-я линии В. О.)","kind":"context","info":"Рядовая историческая застройка: 16-я и 17-я линии В. О.. Схематично.","approx":false,"height":21.6,"floors":5,"generated":true}},{"type":"Feature","geometry":{"type":"Polygon","coordinates":[[[30.2767586,59.9327328],[30.2767044,59.9329173],[30.2764706,59.9329001],[30.2765248,59.9327155],[30.2767586,59.9327328]]]},"properties":{"layer":"context","id":"H839","name":"Жилой дом (14-я и 15-я линии В. О.)","kind":"context","info":"Рядовая историческая застройка: 14-я и 15-я линии В. О.. Схематично.","approx":false,"height":18,"floors":4,"generated":true}},{"type":"Feature","geometry":{"type":"Polygon","coordinates":[[[30.2767044,59.9329173],[30.2766442,59.9331224],[30.276398,59.9331043],[30.2764583,59.9328991],[30.2767044,59.9329173]]]},"properties":{"layer":"context","id":"H840","name":"Жилой дом (14-я и 15-я линии В. О.)","kind":"context","info":"Рядовая историческая застройка: 14-я и 15-я линии В. О.. Схематично.","approx":false,"height":24.7,"floors":6,"generated":true}},{"type":"Feature","geometry":{"type":"Polygon","coordinates":[[[30.2766442,59.9331224],[30.2766099,59.9332392],[30.2763279,59.9332185],[30.2763622,59.9331016],[30.2766442,59.9331224]]]},"properties":{"layer":"context","id":"H841","name":"Жилой дом (14-я и 15-я линии В. О.)","kind":"context","info":"Рядовая историческая застройка: 14-я и 15-я линии В. О.. Схематично.","approx":false,"height":24.5,"floors":6,"generated":true}},{"type":"Feature","geometry":{"type":"Polygon","coordinates":[[[30.276939,59.9331793],[30.2770244,59.9328884],[30.2773255,59.9329106],[30.2772401,59.9332015],[30.276939,59.9331793]]]},"properties":{"layer":"context","id":"H842","name":"Жилой дом (14-я и 15-я линии В. О.)","kind":"context","info":"Рядовая историческая застройка: 14-я и 15-я линии В. О.. Схематично.","approx":false,"height":24.1,"floors":6,"generated":true}},{"type":"Feature","geometry":{"type":"Polygon","coordinates":[[[30.280158,59.921425],[30.2805815,59.9214858],[30.2805096,59.9216115],[30.2800862,59.9215507],[30.280158,59.921425]]]},"properties":{"layer":"context","id":"H843","name":"Жилой дом (внутриквартальный проезд)","kind":"context","info":"Рядовая историческая застройка: внутриквартальный проезд. Схематично.","approx":false,"height":23.9,"floors":6,"generated":true}},{"type":"Feature","geometry":{"type":"Polygon","coordinates":[[[30.2805815,59.9214858],[30.2810149,59.921548],[30.280938,59.9216824],[30.2805046,59.9216203],[30.2805815,59.9214858]]]},"properties":{"layer":"context","id":"H844","name":"Жилой дом (внутриквартальный проезд)","kind":"context","info":"Рядовая историческая застройка: внутриквартальный проезд. Схематично.","approx":false,"height":17.2,"floors":4,"generated":true}},{"type":"Feature","geometry":{"type":"Polygon","coordinates":[[[30.2810149,59.921548],[30.2814117,59.9216049],[30.2813283,59.9217506],[30.2809316,59.9216936],[30.2810149,59.921548]]]},"properties":{"layer":"context","id":"H845","name":"Жилой дом (внутриквартальный проезд)","kind":"context","info":"Рядовая историческая застройка: внутриквартальный проезд. Схематично.","approx":false,"height":17.1,"floors":4,"generated":true}},{"type":"Feature","geometry":{"type":"Polygon","coordinates":[[[30.2809316,59.9216936],[30.2811432,59.921724],[30.2810354,59.9219126],[30.2808237,59.9218822],[30.2809316,59.9216936]]]},"properties":{"layer":"context","id":"H846","name":"Дворовый флигель (внутриквартальный проезд)","kind":"context","info":"Дворовый флигель рядовой застройки. Схематично.","approx":false,"height":13.2,"floors":3,"generated":true}},{"type":"Feature","geometry":{"type":"Polygon","coordinates":[[[30.2814117,59.9216049],[30.2817936,59.9216597],[30.2817202,59.9217879],[30.2813383,59.9217331],[30.2814117,59.9216049]]]},"properties":{"layer":"context","id":"H847","name":"Жилой дом (внутриквартальный проезд)","kind":"context","info":"Рядовая историческая застройка: внутриквартальный проезд. Схематично.","approx":false,"height":17.3,"floors":4,"generated":true}},{"type":"Feature","geometry":{"type":"Polygon","coordinates":[[[30.2815463,59.921763],[30.2817202,59.9217879],[30.2815953,59.9220063],[30.2814214,59.9219814],[30.2815463,59.921763]]]},"properties":{"layer":"context","id":"H848","name":"Дворовый флигель (внутриквартальный проезд)","kind":"context","info":"Дворовый флигель рядовой застройки. Схематично.","approx":false,"height":16.6,"floors":4,"generated":true}},{"type":"Feature","geometry":{"type":"Polygon","coordinates":[[[30.2817936,59.9216597],[30.2823475,59.9217392],[30.2822737,59.9218682],[30.2817198,59.9217887],[30.2817936,59.9216597]]]},"properties":{"layer":"context","id":"H849","name":"Жилой дом (внутриквартальный проезд)","kind":"context","info":"Рядовая историческая застройка: внутриквартальный проезд. Схематично.","approx":false,"height":17.4,"floors":4,"generated":true}},{"type":"Feature","geometry":{"type":"Polygon","coordinates":[[[30.2836396,59.9219246],[30.2839506,59.9219692],[30.2838797,59.9220931],[30.2835687,59.9220485],[30.2836396,59.9219246]]]},"properties":{"layer":"context","id":"H850","name":"Жилой дом (внутриквартальный проезд)","kind":"context","info":"Рядовая историческая застройка: внутриквартальный проезд. Схематично.","approx":false,"height":23.8,"floors":6,"generated":true}},{"type":"Feature","geometry":{"type":"Polygon","coordinates":[[[30.2835687,59.9220485],[30.2837825,59.9220792],[30.2836775,59.9222628],[30.2834637,59.9222321],[30.2835687,59.9220485]]]},"properties":{"layer":"context","id":"H851","name":"Дворовый флигель (внутриквартальный проезд)","kind":"context","info":"Дворовый флигель рядовой застройки. Схематично.","approx":false,"height":23.4,"floors":6,"generated":true}},{"type":"Feature","geometry":{"type":"Polygon","coordinates":[[[30.2839506,59.9219692],[30.2845856,59.9220603],[30.2845044,59.9222024],[30.2838693,59.9221113],[30.2839506,59.9219692]]]},"properties":{"layer":"context","id":"H852","name":"Жилой дом (внутриквартальный проезд)","kind":"context","info":"Рядовая историческая застройка: внутриквартальный проезд. Схематично.","approx":false,"height":21.1,"floors":5,"generated":true}},{"type":"Feature","geometry":{"type":"Polygon","coordinates":[[[30.2838693,59.9221113],[30.2840791,59.9221414],[30.2839593,59.9223509],[30.2837495,59.9223208],[30.2838693,59.9221113]]]},"properties":{"layer":"context","id":"H853","name":"Дворовый флигель (внутриквартальный проезд)","kind":"context","info":"Дворовый флигель рядовой застройки. Схематично.","approx":false,"height":20,"floors":5,"generated":true}},{"type":"Feature","geometry":{"type":"Polygon","coordinates":[[[30.2850163,59.9221221],[30.2852923,59.9221617],[30.2852147,59.9222974],[30.2849387,59.9222578],[30.2850163,59.9221221]]]},"properties":{"layer":"context","id":"H854","name":"Жилой дом (внутриквартальный проезд)","kind":"context","info":"Рядовая историческая застройка: внутриквартальный проезд. Схематично.","approx":false,"height":17.5,"floors":4,"generated":true}},{"type":"Feature","geometry":{"type":"Polygon","coordinates":[[[30.2852923,59.9221617],[30.2858894,59.9222474],[30.2858219,59.9223653],[30.2852248,59.9222796],[30.2852923,59.9221617]]]},"properties":{"layer":"context","id":"H855","name":"Жилой дом (внутриквартальный проезд)","kind":"context","info":"Рядовая историческая застройка: внутриквартальный проезд. Схематично.","approx":false,"height":20.6,"floors":5,"generated":true}},{"type":"Feature","geometry":{"type":"Polygon","coordinates":[[[30.2855979,59.9223332],[30.2858219,59.9223653],[30.28573,59.922526],[30.285506,59.9224939],[30.2855979,59.9223332]]]},"properties":{"layer":"context","id":"H856","name":"Дворовый флигель (внутриквартальный проезд)","kind":"context","info":"Дворовый флигель рядовой застройки. Схематично.","approx":false,"height":16.6,"floors":4,"generated":true}},{"type":"Feature","geometry":{"type":"Polygon","coordinates":[[[30.2858894,59.9222474],[30.2864148,59.9223228],[30.2863385,59.9224561],[30.2858131,59.9223807],[30.2858894,59.9222474]]]},"properties":{"layer":"context","id":"H857","name":"Жилой дом (внутриквартальный проезд)","kind":"context","info":"Рядовая историческая застройка: внутриквартальный проезд. Схематично.","approx":false,"height":21.2,"floors":5,"generated":true}},{"type":"Feature","geometry":{"type":"Polygon","coordinates":[[[30.2864148,59.9223228],[30.2869755,59.9224032],[30.2868937,59.9225463],[30.286333,59.9224658],[30.2864148,59.9223228]]]},"properties":{"layer":"context","id":"H858","name":"Жилой дом (внутриквартальный проезд)","kind":"context","info":"Рядовая историческая застройка: внутриквартальный проезд. Схематично.","approx":false,"height":23.9,"floors":6,"generated":true}},{"type":"Feature","geometry":{"type":"Polygon","coordinates":[[[30.2869755,59.9224032],[30.2872876,59.922448],[30.2872149,59.9225751],[30.2869028,59.9225303],[30.2869755,59.9224032]]]},"properties":{"layer":"context","id":"H859","name":"Жилой дом (внутриквартальный проезд)","kind":"context","info":"Рядовая историческая застройка: внутриквартальный проезд. Схематично.","approx":false,"height":20.8,"floors":5,"generated":true}},{"type":"Feature","geometry":{"type":"Polygon","coordinates":[[[30.2869028,59.9225303],[30.2871113,59.9225603],[30.2870209,59.9227182],[30.2868125,59.9226883],[30.2869028,59.9225303]]]},"properties":{"layer":"context","id":"H860","name":"Дворовый флигель (внутриквартальный проезд)","kind":"context","info":"Дворовый флигель рядовой застройки. Схематично.","approx":false,"height":16.6,"floors":4,"generated":true}},{"type":"Feature","geometry":{"type":"Polygon","coordinates":[[[30.2872876,59.922448],[30.2878045,59.9225222],[30.2877248,59.9226614],[30.2872079,59.9225872],[30.2872876,59.922448]]]},"properties":{"layer":"context","id":"H861","name":"Жилой дом (внутриквартальный проезд)","kind":"context","info":"Рядовая историческая застройка: внутриквартальный проезд. Схематично.","approx":false,"height":21.5,"floors":5,"generated":true}},{"type":"Feature","geometry":{"type":"Polygon","coordinates":[[[30.287544,59.9226355],[30.2877248,59.9226614],[30.2876134,59.9228563],[30.2874325,59.9228303],[30.287544,59.9226355]]]},"properties":{"layer":"context","id":"H862","name":"Дворовый флигель (внутриквартальный проезд)","kind":"context","info":"Дворовый флигель рядовой застройки. Схематично.","approx":false,"height":16.6,"floors":4,"generated":true}},{"type":"Feature","geometry":{"type":"Polygon","coordinates":[[[30.2878045,59.9225222],[30.2881502,59.9225718],[30.2880737,59.9227055],[30.287728,59.9226559],[30.2878045,59.9225222]]]},"properties":{"layer":"context","id":"H863","name":"Жилой дом (внутриквартальный проезд)","kind":"context","info":"Рядовая историческая застройка: внутриквартальный проезд. Схематично.","approx":false,"height":17.8,"floors":4,"generated":true}},{"type":"Feature","geometry":{"type":"Polygon","coordinates":[[[30.2893561,59.9227448],[30.2898606,59.9228172],[30.2897877,59.9229447],[30.2892832,59.9228723],[30.2893561,59.9227448]]]},"properties":{"layer":"context","id":"H864","name":"Жилой дом (внутриквартальный проезд)","kind":"context","info":"Рядовая историческая застройка: внутриквартальный проезд. Схематично.","approx":false,"height":17.4,"floors":4,"generated":true}},{"type":"Feature","geometry":{"type":"Polygon","coordinates":[[[30.2895645,59.9229126],[30.2897877,59.9229447],[30.2896923,59.9231114],[30.2894691,59.9230794],[30.2895645,59.9229126]]]},"properties":{"layer":"context","id":"H865","name":"Дворовый флигель (внутриквартальный проезд)","kind":"context","info":"Дворовый флигель рядовой застройки. Схематично.","approx":false,"height":16.6,"floors":4,"generated":true}},{"type":"Feature","geometry":{"type":"Polygon","coordinates":[[[30.2898606,59.9228172],[30.2902639,59.922875],[30.2901919,59.923001],[30.2897886,59.9229431],[30.2898606,59.9228172]]]},"properties":{"layer":"context","id":"H866","name":"Жилой дом (внутриквартальный проезд)","kind":"context","info":"Рядовая историческая застройка: внутриквартальный проезд. Схематично.","approx":false,"height":20.8,"floors":5,"generated":true}},{"type":"Feature","geometry":{"type":"Polygon","coordinates":[[[30.2902639,59.922875],[30.290691,59.9229363],[30.2906223,59.9230564],[30.2901953,59.9229951],[30.2902639,59.922875]]]},"properties":{"layer":"context","id":"H867","name":"Жилой дом (внутриквартальный проезд)","kind":"context","info":"Рядовая историческая застройка: внутриквартальный проезд. Схематично.","approx":false,"height":24.9,"floors":6,"generated":true}},{"type":"Feature","geometry":{"type":"Polygon","coordinates":[[[30.2901953,59.9229951],[30.2903735,59.9230207],[30.2902201,59.9232889],[30.2900418,59.9232634],[30.2901953,59.9229951]]]},"properties":{"layer":"context","id":"H868","name":"Дворовый флигель (внутриквартальный проезд)","kind":"context","info":"Дворовый флигель рядовой застройки. Схематично.","approx":false,"height":23.4,"floors":6,"generated":true}},{"type":"Feature","geometry":{"type":"Polygon","coordinates":[[[30.2808681,59.9213943],[30.2802281,59.9213025],[30.2803117,59.9211564],[30.2809516,59.9212482],[30.2808681,59.9213943]]]},"properties":{"layer":"context","id":"H869","name":"Жилой дом (внутриквартальный проезд)","kind":"context","info":"Рядовая историческая застройка: внутриквартальный проезд. Схематично.","approx":false,"height":20.5,"floors":5,"generated":true}},{"type":"Feature","geometry":{"type":"Polygon","coordinates":[[[30.2812897,59.9214548],[30.2808681,59.9213943],[30.2809384,59.9212714],[30.2813601,59.9213319],[30.2812897,59.9214548]]]},"properties":{"layer":"context","id":"H870","name":"Жилой дом (внутриквартальный проезд)","kind":"context","info":"Рядовая историческая застройка: внутриквартальный проезд. Схематично.","approx":false,"height":20.6,"floors":5,"generated":true}},{"type":"Feature","geometry":{"type":"Polygon","coordinates":[[[30.2816598,59.9215079],[30.2812897,59.9214548],[30.2813716,59.9213117],[30.2817416,59.9213648],[30.2816598,59.9215079]]]},"properties":{"layer":"context","id":"H871","name":"Жилой дом (внутриквартальный проезд)","kind":"context","info":"Рядовая историческая застройка: внутриквартальный проезд. Схематично.","approx":false,"height":17.6,"floors":4,"generated":true}},{"type":"Feature","geometry":{"type":"Polygon","coordinates":[[[30.2822594,59.9215939],[30.2816598,59.9215079],[30.2817255,59.921393],[30.2823252,59.921479],[30.2822594,59.9215939]]]},"properties":{"layer":"context","id":"H872","name":"Жилой дом (внутриквартальный проезд)","kind":"context","info":"Рядовая историческая застройка: внутриквартальный проезд. Схематично.","approx":false,"height":18.1,"floors":4,"generated":true}},{"type":"Feature","geometry":{"type":"Polygon","coordinates":[[[30.2843017,59.921887],[30.28381,59.9218164],[30.2838855,59.9216843],[30.2843773,59.9217549],[30.2843017,59.921887]]]},"properties":{"layer":"context","id":"H873","name":"Жилой дом (внутриквартальный проезд)","kind":"context","info":"Рядовая историческая застройка: внутриквартальный проезд. Схематично.","approx":false,"height":21.5,"floors":5,"generated":true}},{"type":"Feature","geometry":{"type":"Polygon","coordinates":[[[30.2841022,59.9217154],[30.2838855,59.9216843],[30.284004,59.9214772],[30.2842207,59.9215083],[30.2841022,59.9217154]]]},"properties":{"layer":"context","id":"H874","name":"Дворовый флигель (внутриквартальный проезд)","kind":"context","info":"Дворовый флигель рядовой застройки. Схематично.","approx":false,"height":20,"floors":5,"generated":true}},{"type":"Feature","geometry":{"type":"Polygon","coordinates":[[[30.2845813,59.9219271],[30.2843017,59.921887],[30.2843675,59.921772],[30.2846471,59.9218122],[30.2845813,59.9219271]]]},"properties":{"layer":"context","id":"H875","name":"Жилой дом (внутриквартальный проезд)","kind":"context","info":"Рядовая историческая застройка: внутриквартальный проезд. Схематично.","approx":false,"height":24.4,"floors":6,"generated":true}},{"type":"Feature","geometry":{"type":"Polygon","coordinates":[[[30.2845595,59.9217996],[30.2843675,59.921772],[30.2844618,59.9216071],[30.2846538,59.9216347],[30.2845595,59.9217996]]]},"properties":{"layer":"context","id":"H876","name":"Дворовый флигель (внутриквартальный проезд)","kind":"context","info":"Дворовый флигель рядовой застройки. Схематично.","approx":false,"height":20,"floors":5,"generated":true}},{"type":"Feature","geometry":{"type":"Polygon","coordinates":[[[30.2847465,59.9219508],[30.2845813,59.9219271],[30.2846511,59.921805],[30.2848163,59.9218287],[30.2847465,59.9219508]]]},"properties":{"layer":"context","id":"H877","name":"Жилой дом (внутриквартальный проезд)","kind":"context","info":"Рядовая историческая застройка: внутриквартальный проезд. Схематично.","approx":false,"height":20.7,"floors":5,"generated":true}},{"type":"Feature","geometry":{"type":"Polygon","coordinates":[[[30.2856583,59.9220816],[30.285091,59.9220002],[30.2851552,59.9218881],[30.2857225,59.9219695],[30.2856583,59.9220816]]]},"properties":{"layer":"context","id":"H878","name":"Жилой дом (внутриквартальный проезд)","kind":"context","info":"Рядовая историческая застройка: внутриквартальный проезд. Схематично.","approx":false,"height":21.3,"floors":5,"generated":true}},{"type":"Feature","geometry":{"type":"Polygon","coordinates":[[[30.286279,59.9221707],[30.2856583,59.9220816],[30.2857225,59.9219694],[30.2863433,59.9220584],[30.286279,59.9221707]]]},"properties":{"layer":"context","id":"H879","name":"Жилой дом (внутриквартальный проезд)","kind":"context","info":"Рядовая историческая застройка: внутриквартальный проезд. Схематично.","approx":false,"height":21.1,"floors":5,"generated":true}},{"type":"Feature","geometry":{"type":"Polygon","coordinates":[[[30.2863433,59.9220584],[30.2861459,59.9220301],[30.2862414,59.9218633],[30.2864387,59.9218916],[30.2863433,59.9220584]]]},"properties":{"layer":"context","id":"H880","name":"Дворовый флигель (внутриквартальный проезд)","kind":"context","info":"Дворовый флигель рядовой застройки. Схематично.","approx":false,"height":20,"floors":5,"generated":true}},{"type":"Feature","geometry":{"type":"Polygon","coordinates":[[[30.2866638,59.9222259],[30.286279,59.9221707],[30.2863588,59.9220312],[30.2867436,59.9220864],[30.2866638,59.9222259]]]},"properties":{"layer":"context","id":"H881","name":"Жилой дом (внутриквартальный проезд)","kind":"context","info":"Рядовая историческая застройка: внутриквартальный проезд. Схематично.","approx":false,"height":23.9,"floors":6,"generated":true}},{"type":"Feature","geometry":{"type":"Polygon","coordinates":[[[30.2867436,59.9220864],[30.2865404,59.9220573],[30.2866728,59.9218257],[30.286876,59.9218548],[30.2867436,59.9220864]]]},"properties":{"layer":"context","id":"H882","name":"Дворовый флигель (внутриквартальный проезд)","kind":"context","info":"Дворовый флигель рядовой застройки. Схематично.","approx":false,"height":20,"floors":5,"generated":true}},{"type":"Feature","geometry":{"type":"Polygon","coordinates":[[[30.2870666,59.9222837],[30.2866638,59.9222259],[30.2867375,59.922097],[30.2871403,59.9221548],[30.2870666,59.9222837]]]},"properties":{"layer":"context","id":"H883","name":"Жилой дом (внутриквартальный проезд)","kind":"context","info":"Рядовая историческая застройка: внутриквартальный проезд. Схематично.","approx":false,"height":17.4,"floors":4,"generated":true}},{"type":"Feature","geometry":{"type":"Polygon","coordinates":[[[30.2875953,59.9223596],[30.2870666,59.9222837],[30.2871351,59.9221639],[30.2876638,59.9222397],[30.2875953,59.9223596]]]},"properties":{"layer":"context","id":"H884","name":"Жилой дом (внутриквартальный проезд)","kind":"context","info":"Рядовая историческая застройка: внутриквартальный проезд. Схематично.","approx":false,"height":17.3,"floors":4,"generated":true}},{"type":"Feature","geometry":{"type":"Polygon","coordinates":[[[30.2876638,59.9222397],[30.2874456,59.9222084],[30.2875283,59.9220637],[30.2877466,59.922095],[30.2876638,59.9222397]]]},"properties":{"layer":"context","id":"H885","name":"Дворовый флигель (внутриквартальный проезд)","kind":"context","info":"Дворовый флигель рядовой застройки. Схематично.","approx":false,"height":16.6,"floors":4,"generated":true}},{"type":"Feature","geometry":{"type":"Polygon","coordinates":[[[30.2879757,59.9224141],[30.2875953,59.9223596],[30.287671,59.9222272],[30.2880515,59.9222818],[30.2879757,59.9224141]]]},"properties":{"layer":"context","id":"H886","name":"Жилой дом (внутриквартальный проезд)","kind":"context","info":"Рядовая историческая застройка: внутриквартальный проезд. Схематично.","approx":false,"height":17.1,"floors":4,"generated":true}},{"type":"Feature","geometry":{"type":"Polygon","coordinates":[[[30.2878919,59.9222589],[30.287671,59.9222272],[30.2877786,59.9220392],[30.2879995,59.9220709],[30.2878919,59.9222589]]]},"properties":{"layer":"context","id":"H887","name":"Дворовый флигель (внутриквартальный проезд)","kind":"context","info":"Дворовый флигель рядовой застройки. Схематично.","approx":false,"height":16.6,"floors":4,"generated":true}},{"type":"Feature","geometry":{"type":"Polygon","coordinates":[[[30.28817,59.922442],[30.2879757,59.9224141],[30.2880533,59.9222786],[30.2882475,59.9223065],[30.28817,59.922442]]]},"properties":{"layer":"context","id":"H888","name":"Жилой дом (внутриквартальный проезд)","kind":"context","info":"Рядовая историческая застройка: внутриквартальный проезд. Схематично.","approx":false,"height":24.9,"floors":6,"generated":true}},{"type":"Feature","geometry":{"type":"Polygon","coordinates":[[[30.2899054,59.922691],[30.2895483,59.9226398],[30.2896182,59.9225175],[30.2899753,59.9225687],[30.2899054,59.922691]]]},"properties":{"layer":"context","id":"H889","name":"Жилой дом (внутриквартальный проезд)","kind":"context","info":"Рядовая историческая застройка: внутриквартальный проезд. Схематично.","approx":false,"height":24.9,"floors":6,"generated":true}},{"type":"Feature","geometry":{"type":"Polygon","coordinates":[[[30.2904586,59.9227704],[30.2899054,59.922691],[30.2899833,59.9225547],[30.2905366,59.922634],[30.2904586,59.9227704]]]},"properties":{"layer":"context","id":"H890","name":"Жилой дом (внутриквартальный проезд)","kind":"context","info":"Рядовая историческая застройка: внутриквартальный проезд. Схематично.","approx":false,"height":24.6,"floors":6,"generated":true}},{"type":"Feature","geometry":{"type":"Polygon","coordinates":[[[30.2907249,59.9228086],[30.2904586,59.9227704],[30.2905386,59.9226305],[30.2908049,59.9226687],[30.2907249,59.9228086]]]},"properties":{"layer":"context","id":"H891","name":"Жилой дом (внутриквартальный проезд)","kind":"context","info":"Рядовая историческая застройка: внутриквартальный проезд. Схематично.","approx":false,"height":24.8,"floors":6,"generated":true}},{"type":"Feature","geometry":{"type":"Polygon","coordinates":[[[30.2856313,59.9202443],[30.2855345,59.9204481],[30.285268,59.9204163],[30.2853647,59.9202126],[30.2856313,59.9202443]]]},"properties":{"layer":"context","id":"H892","name":"Жилой дом (внутриквартальный проезд)","kind":"context","info":"Рядовая историческая застройка: внутриквартальный проезд. Схематично.","approx":false,"height":18.2,"floors":4,"generated":true}},{"type":"Feature","geometry":{"type":"Polygon","coordinates":[[[30.2855345,59.9204481],[30.2853818,59.9207698],[30.2850957,59.9207357],[30.2852485,59.920414],[30.2855345,59.9204481]]]},"properties":{"layer":"context","id":"H893","name":"Жилой дом (внутриквартальный проезд)","kind":"context","info":"Рядовая историческая застройка: внутриквартальный проезд. Схематично.","approx":false,"height":21.5,"floors":5,"generated":true}},{"type":"Feature","geometry":{"type":"Polygon","coordinates":[[[30.2851423,59.9206377],[30.2850957,59.9207357],[30.2847084,59.9206896],[30.284755,59.9205915],[30.2851423,59.9206377]]]},"properties":{"layer":"context","id":"H894","name":"Дворовый флигель (внутриквартальный проезд)","kind":"context","info":"Дворовый флигель рядовой застройки. Схематично.","approx":false,"height":20,"floors":5,"generated":true}},{"type":"Feature","geometry":{"type":"Polygon","coordinates":[[[30.2853818,59.9207698],[30.2852795,59.920985],[30.2850073,59.9209526],[30.2851095,59.9207374],[30.2853818,59.9207698]]]},"properties":{"layer":"context","id":"H895","name":"Жилой дом (внутриквартальный проезд)","kind":"context","info":"Рядовая историческая застройка: внутриквартальный проезд. Схематично.","approx":false,"height":17.7,"floors":4,"generated":true}},{"type":"Feature","geometry":{"type":"Polygon","coordinates":[[[30.2852795,59.920985],[30.2851489,59.9212601],[30.2848811,59.9212282],[30.2850117,59.9209531],[30.2852795,59.920985]]]},"properties":{"layer":"context","id":"H896","name":"Жилой дом (внутриквартальный проезд)","kind":"context","info":"Рядовая историческая застройка: внутриквартальный проезд. Схематично.","approx":false,"height":21.2,"floors":5,"generated":true}},{"type":"Feature","geometry":{"type":"Polygon","coordinates":[[[30.2851489,59.9212601],[30.2850701,59.921426],[30.2848273,59.921397],[30.2849061,59.9212312],[30.2851489,59.9212601]]]},"properties":{"layer":"context","id":"H897","name":"Жилой дом (внутриквартальный проезд)","kind":"context","info":"Рядовая историческая застройка: внутриквартальный проезд. Схематично.","approx":false,"height":17.1,"floors":4,"generated":true}},{"type":"Feature","geometry":{"type":"Polygon","coordinates":[[[30.2848709,59.9213052],[30.2848273,59.921397],[30.2843323,59.9213381],[30.2843759,59.9212462],[30.2848709,59.9213052]]]},"properties":{"layer":"context","id":"H898","name":"Дворовый флигель (внутриквартальный проезд)","kind":"context","info":"Дворовый флигель рядовой застройки. Схематично.","approx":false,"height":13.2,"floors":3,"generated":true}},{"type":"Feature","geometry":{"type":"Polygon","coordinates":[[[30.2850701,59.921426],[30.2849442,59.9216912],[30.2846748,59.9216591],[30.2848007,59.9213939],[30.2850701,59.921426]]]},"properties":{"layer":"context","id":"H899","name":"Жилой дом (внутриквартальный проезд)","kind":"context","info":"Рядовая историческая застройка: внутриквартальный проезд. Схематично.","approx":false,"height":20.8,"floors":5,"generated":true}},{"type":"Feature","geometry":{"type":"Polygon","coordinates":[[[30.2848007,59.9213939],[30.284753,59.9214943],[30.2843301,59.9214439],[30.2843778,59.9213435],[30.2848007,59.9213939]]]},"properties":{"layer":"context","id":"H900","name":"Дворовый флигель (внутриквартальный проезд)","kind":"context","info":"Дворовый флигель рядовой застройки. Схематично.","approx":false,"height":16.6,"floors":4,"generated":true}},{"type":"Feature","geometry":{"type":"Polygon","coordinates":[[[30.2849442,59.9216912],[30.2848946,59.9217955],[30.2846002,59.9217605],[30.2846498,59.9216561],[30.2849442,59.9216912]]]},"properties":{"layer":"context","id":"H901","name":"Жилой дом (внутриквартальный проезд)","kind":"context","info":"Рядовая историческая застройка: внутриквартальный проезд. Схематично.","approx":false,"height":17.8,"floors":4,"generated":true}},{"type":"Feature","geometry":{"type":"Polygon","coordinates":[[[30.2846872,59.9222322],[30.2845604,59.9224993],[30.2843179,59.9224704],[30.2844447,59.9222033],[30.2846872,59.9222322]]]},"properties":{"layer":"context","id":"H902","name":"Жилой дом (внутриквартальный проезд)","kind":"context","info":"Рядовая историческая застройка: внутриквартальный проезд. Схематично.","approx":false,"height":21.4,"floors":5,"generated":true}},{"type":"Feature","geometry":{"type":"Polygon","coordinates":[[[30.2845604,59.9224993],[30.2844552,59.9227207],[30.2841812,59.922688],[30.2842864,59.9224666],[30.2845604,59.9224993]]]},"properties":{"layer":"context","id":"H903","name":"Жилой дом (внутриквартальный проезд)","kind":"context","info":"Рядовая историческая застройка: внутриквартальный проезд. Схематично.","approx":false,"height":17.2,"floors":4,"generated":true}},{"type":"Feature","geometry":{"type":"Polygon","coordinates":[[[30.2844552,59.9227207],[30.2843837,59.9228712],[30.284101,59.9228376],[30.2841725,59.922687],[30.2844552,59.9227207]]]},"properties":{"layer":"context","id":"H904","name":"Жилой дом (внутриквартальный проезд)","kind":"context","info":"Рядовая историческая застройка: внутриквартальный проезд. Схематично.","approx":false,"height":18.1,"floors":4,"generated":true}},{"type":"Feature","geometry":{"type":"Polygon","coordinates":[[[30.2841725,59.922687],[30.2841241,59.9227889],[30.2836769,59.9227356],[30.2837253,59.9226337],[30.2841725,59.922687]]]},"properties":{"layer":"context","id":"H905","name":"Дворовый флигель (внутриквартальный проезд)","kind":"context","info":"Дворовый флигель рядовой застройки. Схематично.","approx":false,"height":16.6,"floors":4,"generated":true}},{"type":"Feature","geometry":{"type":"Polygon","coordinates":[[[30.2843837,59.9228712],[30.2842361,59.9231819],[30.2840031,59.9231542],[30.2841507,59.9228435],[30.2843837,59.9228712]]]},"properties":{"layer":"context","id":"H906","name":"Жилой дом (внутриквартальный проезд)","kind":"context","info":"Рядовая историческая застройка: внутриквартальный проезд. Схематично.","approx":false,"height":18,"floors":4,"generated":true}},{"type":"Feature","geometry":{"type":"Polygon","coordinates":[[[30.2840537,59.9230477],[30.2840031,59.9231542],[30.2836511,59.9231122],[30.2837016,59.9230057],[30.2840537,59.9230477]]]},"properties":{"layer":"context","id":"H907","name":"Дворовый флигель (внутриквартальный проезд)","kind":"context","info":"Дворовый флигель рядовой застройки. Схематично.","approx":false,"height":16.6,"floors":4,"generated":true}},{"type":"Feature","geometry":{"type":"Polygon","coordinates":[[[30.2842361,59.9231819],[30.2841091,59.9234495],[30.283825,59.9234157],[30.2839521,59.9231481],[30.2842361,59.9231819]]]},"properties":{"layer":"context","id":"H908","name":"Жилой дом (внутриквартальный проезд)","kind":"context","info":"Рядовая историческая застройка: внутриквартальный проезд. Схематично.","approx":false,"height":20.4,"floors":5,"generated":true}},{"type":"Feature","geometry":{"type":"Polygon","coordinates":[[[30.2839521,59.9231481],[30.2839044,59.9232485],[30.2833303,59.9231801],[30.283378,59.9230797],[30.2839521,59.9231481]]]},"properties":{"layer":"context","id":"H909","name":"Дворовый флигель (внутриквартальный проезд)","kind":"context","info":"Дворовый флигель рядовой застройки. Схематично.","approx":false,"height":20,"floors":5,"generated":true}},{"type":"Feature","geometry":{"type":"Polygon","coordinates":[[[30.2841091,59.9234495],[30.2840646,59.9235432],[30.2838147,59.9235134],[30.2838592,59.9234197],[30.2841091,59.9234495]]]},"properties":{"layer":"context","id":"H910","name":"Жилой дом (внутриквартальный проезд)","kind":"context","info":"Рядовая историческая застройка: внутриквартальный проезд. Схематично.","approx":false,"height":24.7,"floors":6,"generated":true}},{"type":"Feature","geometry":{"type":"Polygon","coordinates":[[[30.2838158,59.9240671],[30.283665,59.9243845],[30.2833955,59.9243523],[30.2835462,59.924035],[30.2838158,59.9240671]]]},"properties":{"layer":"context","id":"H911","name":"Жилой дом (внутриквартальный проезд)","kind":"context","info":"Рядовая историческая застройка: внутриквартальный проезд. Схематично.","approx":false,"height":17.4,"floors":4,"generated":true}},{"type":"Feature","geometry":{"type":"Polygon","coordinates":[[[30.283665,59.9243845],[30.2835904,59.9245415],[30.2833451,59.9245123],[30.2834197,59.9243552],[30.283665,59.9243845]]]},"properties":{"layer":"context","id":"H912","name":"Жилой дом (внутриквартальный проезд)","kind":"context","info":"Рядовая историческая застройка: внутриквартальный проезд. Схематично.","approx":false,"height":24.9,"floors":6,"generated":true}},{"type":"Feature","geometry":{"type":"Polygon","coordinates":[[[30.2833905,59.9244167],[30.2833451,59.9245123],[30.2828421,59.9244524],[30.2828875,59.9243567],[30.2833905,59.9244167]]]},"properties":{"layer":"context","id":"H913","name":"Дворовый флигель (внутриквартальный проезд)","kind":"context","info":"Дворовый флигель рядовой застройки. Схематично.","approx":false,"height":20,"floors":5,"generated":true}},{"type":"Feature","geometry":{"type":"Polygon","coordinates":[[[30.2835904,59.9245415],[30.2834386,59.9248612],[30.2831872,59.9248312],[30.283339,59.9245116],[30.2835904,59.9245415]]]},"properties":{"layer":"context","id":"H914","name":"Жилой дом (внутриквартальный проезд)","kind":"context","info":"Рядовая историческая застройка: внутриквартальный проезд. Схематично.","approx":false,"height":18.1,"floors":4,"generated":true}},{"type":"Feature","geometry":{"type":"Polygon","coordinates":[[[30.2832362,59.9247279],[30.2831872,59.9248312],[30.2828873,59.9247955],[30.2829363,59.9246922],[30.2832362,59.9247279]]]},"properties":{"layer":"context","id":"H915","name":"Дворовый флигель (внутриквартальный проезд)","kind":"context","info":"Дворовый флигель рядовой застройки. Схематично.","approx":false,"height":13.2,"floors":3,"generated":true}},{"type":"Feature","geometry":{"type":"Polygon","coordinates":[[[30.2834386,59.9248612],[30.2833251,59.9251002],[30.2830541,59.925068],[30.2831677,59.9248289],[30.2834386,59.9248612]]]},"properties":{"layer":"context","id":"H916","name":"Жилой дом (внутриквартальный проезд)","kind":"context","info":"Рядовая историческая застройка: внутриквартальный проезд. Схематично.","approx":false,"height":21.3,"floors":5,"generated":true}},{"type":"Feature","geometry":{"type":"Polygon","coordinates":[[[30.2833251,59.9251002],[30.2831835,59.9253983],[30.2829017,59.9253648],[30.2830433,59.9250667],[30.2833251,59.9251002]]]},"properties":{"layer":"context","id":"H917","name":"Жилой дом (внутриквартальный проезд)","kind":"context","info":"Рядовая историческая застройка: внутриквартальный проезд. Схематично.","approx":false,"height":17.1,"floors":4,"generated":true}},{"type":"Feature","geometry":{"type":"Polygon","coordinates":[[[30.2830798,59.9256166],[30.2830384,59.925704],[30.2827855,59.9256738],[30.2828269,59.9255865],[30.2830798,59.9256166]]]},"properties":{"layer":"context","id":"H918","name":"Жилой дом (внутриквартальный проезд)","kind":"context","info":"Рядовая историческая застройка: внутриквартальный проезд. Схематично.","approx":false,"height":24.3,"floors":6,"generated":true}},{"type":"Feature","geometry":{"type":"Polygon","coordinates":[[[30.2830235,59.9257591],[30.2829963,59.9259771],[30.2827539,59.9259695],[30.2827811,59.9257515],[30.2830235,59.9257591]]]},"properties":{"layer":"context","id":"H919","name":"Жилой дом (внутриквартальный проезд)","kind":"context","info":"Рядовая историческая застройка: внутриквартальный проезд. Схематично.","approx":false,"height":24.5,"floors":6,"generated":true}},{"type":"Feature","geometry":{"type":"Polygon","coordinates":[[[30.2829963,59.9259771],[30.282975,59.9261478],[30.2826734,59.9261384],[30.2826947,59.9259677],[30.2829963,59.9259771]]]},"properties":{"layer":"context","id":"H920","name":"Жилой дом (внутриквартальный проезд)","kind":"context","info":"Рядовая историческая застройка: внутриквартальный проезд. Схематично.","approx":false,"height":21.2,"floors":5,"generated":true}},{"type":"Feature","geometry":{"type":"Polygon","coordinates":[[[30.282975,59.9261478],[30.2829334,59.9264808],[30.2826572,59.9264721],[30.2826987,59.9261392],[30.282975,59.9261478]]]},"properties":{"layer":"context","id":"H921","name":"Жилой дом (внутриквартальный проезд)","kind":"context","info":"Рядовая историческая застройка: внутриквартальный проезд. Схематично.","approx":false,"height":24.4,"floors":6,"generated":true}},{"type":"Feature","geometry":{"type":"Polygon","coordinates":[[[30.2829334,59.9264808],[30.2829076,59.9266878],[30.2826603,59.9266801],[30.2826861,59.926473],[30.2829334,59.9264808]]]},"properties":{"layer":"context","id":"H922","name":"Жилой дом (внутриквартальный проезд)","kind":"context","info":"Рядовая историческая застройка: внутриквартальный проезд. Схематично.","approx":false,"height":18.2,"floors":4,"generated":true}},{"type":"Feature","geometry":{"type":"Polygon","coordinates":[[[30.2829076,59.9266878],[30.2828879,59.926846],[30.2826493,59.9268385],[30.282669,59.9266804],[30.2829076,59.9266878]]]},"properties":{"layer":"context","id":"H923","name":"Жилой дом (внутриквартальный проезд)","kind":"context","info":"Рядовая историческая застройка: внутриквартальный проезд. Схематично.","approx":false,"height":21.1,"floors":5,"generated":true}},{"type":"Feature","geometry":{"type":"Polygon","coordinates":[[[30.2828879,59.926846],[30.2828693,59.9269945],[30.2825748,59.9269853],[30.2825933,59.9268368],[30.2828879,59.926846]]]},"properties":{"layer":"context","id":"H924","name":"Жилой дом (внутриквартальный проезд)","kind":"context","info":"Рядовая историческая застройка: внутриквартальный проезд. Схематично.","approx":false,"height":23.9,"floors":6,"generated":true}},{"type":"Feature","geometry":{"type":"Polygon","coordinates":[[[30.2825881,59.9268783],[30.2825748,59.9269853],[30.2820186,59.9269679],[30.2820319,59.9268609],[30.2825881,59.9268783]]]},"properties":{"layer":"context","id":"H925","name":"Дворовый флигель (внутриквартальный проезд)","kind":"context","info":"Дворовый флигель рядовой застройки. Схематично.","approx":false,"height":20,"floors":5,"generated":true}},{"type":"Feature","geometry":{"type":"Polygon","coordinates":[[[30.2828693,59.9269945],[30.2828482,59.9271636],[30.282615,59.9271563],[30.2826361,59.9269872],[30.2828693,59.9269945]]]},"properties":{"layer":"context","id":"H926","name":"Жилой дом (внутриквартальный проезд)","kind":"context","info":"Рядовая историческая застройка: внутриквартальный проезд. Схематично.","approx":false,"height":17.1,"floors":4,"generated":true}},{"type":"Feature","geometry":{"type":"Polygon","coordinates":[[[30.2828482,59.9271636],[30.2828201,59.9273893],[30.2825244,59.92738],[30.2825525,59.9271544],[30.2828482,59.9271636]]]},"properties":{"layer":"context","id":"H927","name":"Жилой дом (внутриквартальный проезд)","kind":"context","info":"Рядовая историческая застройка: внутриквартальный проезд. Схематично.","approx":false,"height":24.4,"floors":6,"generated":true}},{"type":"Feature","geometry":{"type":"Polygon","coordinates":[[[30.2828201,59.9273893],[30.2828049,59.9275112],[30.2825122,59.9275021],[30.2825274,59.9273801],[30.2828201,59.9273893]]]},"properties":{"layer":"context","id":"H928","name":"Жилой дом (внутриквартальный проезд)","kind":"context","info":"Рядовая историческая застройка: внутриквартальный проезд. Схематично.","approx":false,"height":24.9,"floors":6,"generated":true}},{"type":"Feature","geometry":{"type":"Polygon","coordinates":[[[30.2857556,59.9205334],[30.2858789,59.9202738],[30.2861239,59.920303],[30.2860006,59.9205626],[30.2857556,59.9205334]]]},"properties":{"layer":"context","id":"H929","name":"Жилой дом (внутриквартальный проезд)","kind":"context","info":"Рядовая историческая застройка: внутриквартальный проезд. Схематично.","approx":false,"height":24.7,"floors":6,"generated":true}},{"type":"Feature","geometry":{"type":"Polygon","coordinates":[[[30.2860006,59.9205626],[30.2860538,59.9204506],[30.2865567,59.9205105],[30.2865035,59.9206225],[30.2860006,59.9205626]]]},"properties":{"layer":"context","id":"H930","name":"Дворовый флигель (внутриквартальный проезд)","kind":"context","info":"Дворовый флигель рядовой застройки. Схематично.","approx":false,"height":23.4,"floors":6,"generated":true}},{"type":"Feature","geometry":{"type":"Polygon","coordinates":[[[30.2856672,59.9207196],[30.2857556,59.9205334],[30.2860059,59.9205632],[30.2859175,59.9207494],[30.2856672,59.9207196]]]},"properties":{"layer":"context","id":"H931","name":"Жилой дом (внутриквартальный проезд)","kind":"context","info":"Рядовая историческая застройка: внутриквартальный проезд. Схематично.","approx":false,"height":17.4,"floors":4,"generated":true}},{"type":"Feature","geometry":{"type":"Polygon","coordinates":[[[30.2855695,59.9209252],[30.2856672,59.9207196],[30.2859583,59.9207542],[30.2858606,59.9209599],[30.2855695,59.9209252]]]},"properties":{"layer":"context","id":"H932","name":"Жилой дом (внутриквартальный проезд)","kind":"context","info":"Рядовая историческая застройка: внутриквартальный проезд. Схематично.","approx":false,"height":18,"floors":4,"generated":true}},{"type":"Feature","geometry":{"type":"Polygon","coordinates":[[[30.2859061,59.920864],[30.2859583,59.9207542],[30.2862773,59.9207923],[30.2862251,59.920902],[30.2859061,59.920864]]]},"properties":{"layer":"context","id":"H933","name":"Дворовый флигель (внутриквартальный проезд)","kind":"context","info":"Дворовый флигель рядовой застройки. Схематично.","approx":false,"height":16.6,"floors":4,"generated":true}},{"type":"Feature","geometry":{"type":"Polygon","coordinates":[[[30.2854622,59.9211512],[30.2855695,59.9209252],[30.2858174,59.9209548],[30.2857101,59.9211807],[30.2854622,59.9211512]]]},"properties":{"layer":"context","id":"H934","name":"Жилой дом (внутриквартальный проезд)","kind":"context","info":"Рядовая историческая застройка: внутриквартальный проезд. Схематично.","approx":false,"height":21,"floors":5,"generated":true}},{"type":"Feature","geometry":{"type":"Polygon","coordinates":[[[30.2853522,59.9213828],[30.2854622,59.9211512],[30.2857249,59.9211825],[30.2856149,59.9214141],[30.2853522,59.9213828]]]},"properties":{"layer":"context","id":"H935","name":"Жилой дом (внутриквартальный проезд)","kind":"context","info":"Рядовая историческая застройка: внутриквартальный проезд. Схематично.","approx":false,"height":24.1,"floors":6,"generated":true}},{"type":"Feature","geometry":{"type":"Polygon","coordinates":[[[30.2851965,59.9217106],[30.2853522,59.9213828],[30.2856451,59.9214177],[30.2854894,59.9217455],[30.2851965,59.9217106]]]},"properties":{"layer":"context","id":"H936","name":"Жилой дом (внутриквартальный проезд)","kind":"context","info":"Рядовая историческая застройка: внутриквартальный проезд. Схематично.","approx":false,"height":17.8,"floors":4,"generated":true}},{"type":"Feature","geometry":{"type":"Polygon","coordinates":[[[30.2851292,59.9218522],[30.2851965,59.9217106],[30.2854449,59.9217402],[30.2853776,59.9218818],[30.2851292,59.9218522]]]},"properties":{"layer":"context","id":"H937","name":"Жилой дом (внутриквартальный проезд)","kind":"context","info":"Рядовая историческая застройка: внутриквартальный проезд. Схематично.","approx":false,"height":24.3,"floors":6,"generated":true}},{"type":"Feature","geometry":{"type":"Polygon","coordinates":[[[30.2848352,59.9224713],[30.2849219,59.9222888],[30.2851952,59.9223214],[30.2851086,59.9225039],[30.2848352,59.9224713]]]},"properties":{"layer":"context","id":"H938","name":"Жилой дом (внутриквартальный проезд)","kind":"context","info":"Рядовая историческая застройка: внутриквартальный проезд. Схематично.","approx":false,"height":17.8,"floors":4,"generated":true}},{"type":"Feature","geometry":{"type":"Polygon","coordinates":[[[30.2847132,59.9227282],[30.2848352,59.9224713],[30.2851097,59.922504],[30.2849877,59.9227609],[30.2847132,59.9227282]]]},"properties":{"layer":"context","id":"H939","name":"Жилой дом (внутриквартальный проезд)","kind":"context","info":"Рядовая историческая застройка: внутриквартальный проезд. Схематично.","approx":false,"height":20.8,"floors":5,"generated":true}},{"type":"Feature","geometry":{"type":"Polygon","coordinates":[[[30.2849877,59.9227609],[30.2850366,59.9226578],[30.2855461,59.9227185],[30.2854971,59.9228216],[30.2849877,59.9227609]]]},"properties":{"layer":"context","id":"H940","name":"Дворовый флигель (внутриквартальный проезд)","kind":"context","info":"Дворовый флигель рядовой застройки. Схематично.","approx":false,"height":20,"floors":5,"generated":true}},{"type":"Feature","geometry":{"type":"Polygon","coordinates":[[[30.2845797,59.9230094],[30.2847132,59.9227282],[30.2849836,59.9227604],[30.2848501,59.9230416],[30.2845797,59.9230094]]]},"properties":{"layer":"context","id":"H941","name":"Жилой дом (внутриквартальный проезд)","kind":"context","info":"Рядовая историческая застройка: внутриквартальный проезд. Схематично.","approx":false,"height":18.1,"floors":4,"generated":true}},{"type":"Feature","geometry":{"type":"Polygon","coordinates":[[[30.2848501,59.9230416],[30.2848964,59.9229442],[30.2852258,59.9229834],[30.2851795,59.9230809],[30.2848501,59.9230416]]]},"properties":{"layer":"context","id":"H942","name":"Дворовый флигель (внутриквартальный проезд)","kind":"context","info":"Дворовый флигель рядовой застройки. Схематично.","approx":false,"height":13.2,"floors":3,"generated":true}},{"type":"Feature","geometry":{"type":"Polygon","coordinates":[[[30.2844953,59.923187],[30.2845797,59.9230094],[30.2848518,59.9230418],[30.2847675,59.9232194],[30.2844953,59.923187]]]},"properties":{"layer":"context","id":"H943","name":"Жилой дом (внутриквартальный проезд)","kind":"context","info":"Рядовая историческая застройка: внутриквартальный проезд. Схематично.","approx":false,"height":24.5,"floors":6,"generated":true}},{"type":"Feature","geometry":{"type":"Polygon","coordinates":[[[30.284414,59.9233582],[30.2844953,59.923187],[30.2847744,59.9232202],[30.2846931,59.9233914],[30.284414,59.9233582]]]},"properties":{"layer":"context","id":"H944","name":"Жилой дом (внутриквартальный проезд)","kind":"context","info":"Рядовая историческая застройка: внутриквартальный проезд. Схематично.","approx":false,"height":23.9,"floors":6,"generated":true}},{"type":"Feature","geometry":{"type":"Polygon","coordinates":[[[30.2846931,59.9233914],[30.2847349,59.9233033],[30.2853237,59.9233735],[30.2852819,59.9234616],[30.2846931,59.9233914]]]},"properties":{"layer":"context","id":"H945","name":"Дворовый флигель (внутриквартальный проезд)","kind":"context","info":"Дворовый флигель рядовой застройки. Схематично.","approx":false,"height":23.4,"floors":6,"generated":true}},{"type":"Feature","geometry":{"type":"Polygon","coordinates":[[[30.2842852,59.9236295],[30.284414,59.9233582],[30.284651,59.9233864],[30.2845221,59.9236577],[30.2842852,59.9236295]]]},"properties":{"layer":"context","id":"H946","name":"Жилой дом (внутриквартальный проезд)","kind":"context","info":"Рядовая историческая застройка: внутриквартальный проезд. Схематично.","approx":false,"height":20.7,"floors":5,"generated":true}},{"type":"Feature","geometry":{"type":"Polygon","coordinates":[[[30.2845221,59.9236577],[30.2845702,59.9235565],[30.2848578,59.9235907],[30.2848097,59.923692],[30.2845221,59.9236577]]]},"properties":{"layer":"context","id":"H947","name":"Дворовый флигель (внутриквартальный проезд)","kind":"context","info":"Дворовый флигель рядовой застройки. Схематично.","approx":false,"height":16.6,"floors":4,"generated":true}},{"type":"Feature","geometry":{"type":"Polygon","coordinates":[[[30.2839152,59.9244084],[30.2840571,59.9241098],[30.2842945,59.9241381],[30.2841526,59.9244367],[30.2839152,59.9244084]]]},"properties":{"layer":"context","id":"H948","name":"Жилой дом (внутриквартальный проезд)","kind":"context","info":"Рядовая историческая застройка: внутриквартальный проезд. Схематично.","approx":false,"height":17.7,"floors":4,"generated":true}},{"type":"Feature","geometry":{"type":"Polygon","coordinates":[[[30.2841526,59.9244367],[30.2842016,59.9243336],[30.2846871,59.9243915],[30.2846382,59.9244946],[30.2841526,59.9244367]]]},"properties":{"layer":"context","id":"H949","name":"Дворовый флигель (внутриквартальный проезд)","kind":"context","info":"Дворовый флигель рядовой застройки. Схематично.","approx":false,"height":16.6,"floors":4,"generated":true}},{"type":"Feature","geometry":{"type":"Polygon","coordinates":[[[30.2838235,59.9246015],[30.2839152,59.9244084],[30.284173,59.9244392],[30.2840813,59.9246322],[30.2838235,59.9246015]]]},"properties":{"layer":"context","id":"H950","name":"Жилой дом (внутриквартальный проезд)","kind":"context","info":"Рядовая историческая застройка: внутриквартальный проезд. Схематично.","approx":false,"height":24,"floors":6,"generated":true}},{"type":"Feature","geometry":{"type":"Polygon","coordinates":[[[30.2837004,59.9248607],[30.2838235,59.9246015],[30.284096,59.924634],[30.2839729,59.9248931],[30.2837004,59.9248607]]]},"properties":{"layer":"context","id":"H951","name":"Жилой дом (внутриквартальный проезд)","kind":"context","info":"Рядовая историческая застройка: внутриквартальный проезд. Схематично.","approx":false,"height":17.3,"floors":4,"generated":true}},{"type":"Feature","geometry":{"type":"Polygon","coordinates":[[[30.2836221,59.9250256],[30.2837004,59.9248607],[30.2839526,59.9248907],[30.2838743,59.9250556],[30.2836221,59.9250256]]]},"properties":{"layer":"context","id":"H952","name":"Жилой дом (внутриквартальный проезд)","kind":"context","info":"Рядовая историческая застройка: внутриквартальный проезд. Схематично.","approx":false,"height":20.6,"floors":5,"generated":true}},{"type":"Feature","geometry":{"type":"Polygon","coordinates":[[[30.2838743,59.9250556],[30.2839176,59.9249642],[30.2844557,59.9250283],[30.2844123,59.9251197],[30.2838743,59.9250556]]]},"properties":{"layer":"context","id":"H953","name":"Дворовый флигель (внутриквартальный проезд)","kind":"context","info":"Дворовый флигель рядовой застройки. Схематично.","approx":false,"height":16.6,"floors":4,"generated":true}},{"type":"Feature","geometry":{"type":"Polygon","coordinates":[[[30.2835236,59.925233],[30.2836221,59.9250256],[30.2838667,59.9250547],[30.2837682,59.9252621],[30.2835236,59.925233]]]},"properties":{"layer":"context","id":"H954","name":"Жилой дом (внутриквартальный проезд)","kind":"context","info":"Рядовая историческая застройка: внутриквартальный проезд. Схематично.","approx":false,"height":21,"floors":5,"generated":true}},{"type":"Feature","geometry":{"type":"Polygon","coordinates":[[[30.2838156,59.9251621],[30.2838667,59.9250547],[30.2842623,59.9251018],[30.2842112,59.9252093],[30.2838156,59.9251621]]]},"properties":{"layer":"context","id":"H955","name":"Дворовый флигель (внутриквартальный проезд)","kind":"context","info":"Дворовый флигель рядовой застройки. Схематично.","approx":false,"height":16.6,"floors":4,"generated":true}},{"type":"Feature","geometry":{"type":"Polygon","coordinates":[[[30.2834498,59.9253885],[30.2835236,59.925233],[30.2838163,59.9252679],[30.2837425,59.9254234],[30.2834498,59.9253885]]]},"properties":{"layer":"context","id":"H956","name":"Жилой дом (внутриквартальный проезд)","kind":"context","info":"Рядовая историческая застройка: внутриквартальный проезд. Схематично.","approx":false,"height":24.8,"floors":6,"generated":true}},{"type":"Feature","geometry":{"type":"Polygon","coordinates":[[[30.2833911,59.9255121],[30.2834498,59.9253885],[30.2836984,59.9254181],[30.2836397,59.9255418],[30.2833911,59.9255121]]]},"properties":{"layer":"context","id":"H957","name":"Жилой дом (внутриквартальный проезд)","kind":"context","info":"Рядовая историческая застройка: внутриквартальный проезд. Схематично.","approx":false,"height":24.1,"floors":6,"generated":true}},{"type":"Feature","geometry":{"type":"Polygon","coordinates":[[[30.2832408,59.9260609],[30.2832775,59.925767],[30.2835705,59.9257762],[30.2835338,59.9260701],[30.2832408,59.9260609]]]},"properties":{"layer":"context","id":"H958","name":"Жилой дом (внутриквартальный проезд)","kind":"context","info":"Рядовая историческая застройка: внутриквартальный проезд. Схематично.","approx":false,"height":24.3,"floors":6,"generated":true}},{"type":"Feature","geometry":{"type":"Polygon","coordinates":[[[30.2835338,59.9260701],[30.2835475,59.9259605],[30.2841077,59.925978],[30.284094,59.9260876],[30.2835338,59.9260701]]]},"properties":{"layer":"context","id":"H959","name":"Дворовый флигель (внутриквартальный проезд)","kind":"context","info":"Дворовый флигель рядовой застройки. Схематично.","approx":false,"height":23.4,"floors":6,"generated":true}},{"type":"Feature","geometry":{"type":"Polygon","coordinates":[[[30.2832224,59.9262085],[30.2832408,59.9260609],[30.2834763,59.9260683],[30.2834579,59.9262159],[30.2832224,59.9262085]]]},"properties":{"layer":"context","id":"H960","name":"Жилой дом (внутриквартальный проезд)","kind":"context","info":"Рядовая историческая застройка: внутриквартальный проезд. Схематично.","approx":false,"height":17.6,"floors":4,"generated":true}},{"type":"Feature","geometry":{"type":"Polygon","coordinates":[[[30.2834579,59.9262159],[30.2834711,59.9261102],[30.2840258,59.9261276],[30.2840126,59.9262333],[30.2834579,59.9262159]]]},"properties":{"layer":"context","id":"H961","name":"Дворовый флигель (внутриквартальный проезд)","kind":"context","info":"Дворовый флигель рядовой застройки. Схематично.","approx":false,"height":16.6,"floors":4,"generated":true}},{"type":"Feature","geometry":{"type":"Polygon","coordinates":[[[30.2831954,59.926425],[30.2832224,59.9262085],[30.2835097,59.9262175],[30.2834827,59.926434],[30.2831954,59.926425]]]},"properties":{"layer":"context","id":"H962","name":"Жилой дом (внутриквартальный проезд)","kind":"context","info":"Рядовая историческая застройка: внутриквартальный проезд. Схематично.","approx":false,"height":20.6,"floors":5,"generated":true}},{"type":"Feature","geometry":{"type":"Polygon","coordinates":[[[30.2831726,59.9266073],[30.2831954,59.926425],[30.2834395,59.9264327],[30.2834167,59.926615],[30.2831726,59.9266073]]]},"properties":{"layer":"context","id":"H963","name":"Жилой дом (внутриквартальный проезд)","kind":"context","info":"Рядовая историческая застройка: внутриквартальный проезд. Схематично.","approx":false,"height":17.6,"floors":4,"generated":true}},{"type":"Feature","geometry":{"type":"Polygon","coordinates":[[[30.2831543,59.926754],[30.2831726,59.9266073],[30.2834737,59.9266168],[30.2834554,59.9267634],[30.2831543,59.926754]]]},"properties":{"layer":"context","id":"H964","name":"Жилой дом (внутриквартальный проезд)","kind":"context","info":"Рядовая историческая застройка: внутриквартальный проезд. Схематично.","approx":false,"height":24.2,"floors":6,"generated":true}},{"type":"Feature","geometry":{"type":"Polygon","coordinates":[[[30.2831207,59.9270235],[30.2831543,59.926754],[30.2834193,59.9267623],[30.2833857,59.9270318],[30.2831207,59.9270235]]]},"properties":{"layer":"context","id":"H965","name":"Жилой дом (внутриквартальный проезд)","kind":"context","info":"Рядовая историческая застройка: внутриквартальный проезд. Схематично.","approx":false,"height":20.6,"floors":5,"generated":true}},{"type":"Feature","geometry":{"type":"Polygon","coordinates":[[[30.2834079,59.9268534],[30.2834193,59.9267623],[30.2840004,59.9267805],[30.283989,59.9268716],[30.2834079,59.9268534]]]},"properties":{"layer":"context","id":"H966","name":"Дворовый флигель (внутриквартальный проезд)","kind":"context","info":"Дворовый флигель рядовой застройки. Схематично.","approx":false,"height":20,"floors":5,"generated":true}},{"type":"Feature","geometry":{"type":"Polygon","coordinates":[[[30.2830965,59.9272176],[30.2831207,59.9270235],[30.2833653,59.9270312],[30.2833411,59.9272253],[30.2830965,59.9272176]]]},"properties":{"layer":"context","id":"H967","name":"Жилой дом (внутриквартальный проезд)","kind":"context","info":"Рядовая историческая застройка: внутриквартальный проезд. Схематично.","approx":false,"height":20.4,"floors":5,"generated":true}},{"type":"Feature","geometry":{"type":"Polygon","coordinates":[[[30.2833411,59.9272253],[30.2833546,59.9271164],[30.2838124,59.9271307],[30.2837989,59.9272396],[30.2833411,59.9272253]]]},"properties":{"layer":"context","id":"H968","name":"Дворовый флигель (внутриквартальный проезд)","kind":"context","info":"Дворовый флигель рядовой застройки. Схематично.","approx":false,"height":20,"floors":5,"generated":true}},{"type":"Feature","geometry":{"type":"Polygon","coordinates":[[[30.2830769,59.9273747],[30.2830965,59.9272176],[30.2833488,59.9272255],[30.2833292,59.9273826],[30.2830769,59.9273747]]]},"properties":{"layer":"context","id":"H969","name":"Жилой дом (внутриквартальный проезд)","kind":"context","info":"Рядовая историческая застройка: внутриквартальный проезд. Схематично.","approx":false,"height":17.7,"floors":4,"generated":true}},{"type":"Feature","geometry":{"type":"Polygon","coordinates":[[[30.2833352,59.9273348],[30.2833488,59.9272255],[30.2836844,59.927236],[30.2836707,59.9273453],[30.2833352,59.9273348]]]},"properties":{"layer":"context","id":"H970","name":"Дворовый флигель (внутриквартальный проезд)","kind":"context","info":"Дворовый флигель рядовой застройки. Схематично.","approx":false,"height":13.2,"floors":3,"generated":true}},{"type":"Feature","geometry":{"type":"Polygon","coordinates":[[[30.2830399,59.9276706],[30.2830769,59.9273747],[30.2833707,59.9273839],[30.2833337,59.9276798],[30.2830399,59.9276706]]]},"properties":{"layer":"context","id":"H971","name":"Жилой дом (внутриквартальный проезд)","kind":"context","info":"Рядовая историческая застройка: внутриквартальный проезд. Схематично.","approx":false,"height":18,"floors":4,"generated":true}},{"type":"Feature","geometry":{"type":"Polygon","coordinates":[[[30.2833337,59.9276798],[30.2833463,59.9275789],[30.2837698,59.9275921],[30.2837572,59.9276931],[30.2833337,59.9276798]]]},"properties":{"layer":"context","id":"H972","name":"Дворовый флигель (внутриквартальный проезд)","kind":"context","info":"Дворовый флигель рядовой застройки. Схематично.","approx":false,"height":16.6,"floors":4,"generated":true}},{"type":"Feature","geometry":{"type":"Polygon","coordinates":[[[30.2819784,59.9181101],[30.2818687,59.91829],[30.2816246,59.9182526],[30.2817344,59.9180727],[30.2819784,59.9181101]]]},"properties":{"layer":"context","id":"H973","name":"Жилой дом (внутриквартальный проезд)","kind":"context","info":"Рядовая историческая застройка: внутриквартальный проезд. Схематично.","approx":false,"height":17.1,"floors":4,"generated":true}},{"type":"Feature","geometry":{"type":"Polygon","coordinates":[[[30.2817344,59.9180727],[30.2816704,59.9181776],[30.2811275,59.9180945],[30.2811915,59.9179896],[30.2817344,59.9180727]]]},"properties":{"layer":"context","id":"H974","name":"Дворовый флигель (внутриквартальный проезд)","kind":"context","info":"Дворовый флигель рядовой застройки. Схематично.","approx":false,"height":13.2,"floors":3,"generated":true}},{"type":"Feature","geometry":{"type":"Polygon","coordinates":[[[30.2818687,59.91829],[30.2816957,59.9185735],[30.2814432,59.9185349],[30.2816162,59.9182513],[30.2818687,59.91829]]]},"properties":{"layer":"context","id":"H975","name":"Жилой дом (внутриквартальный проезд)","kind":"context","info":"Рядовая историческая застройка: внутриквартальный проезд. Схематично.","approx":false,"height":21.4,"floors":5,"generated":true}},{"type":"Feature","geometry":{"type":"Polygon","coordinates":[[[30.2816957,59.9185735],[30.2815749,59.9187714],[30.2813058,59.9187302],[30.2814265,59.9185323],[30.2816957,59.9185735]]]},"properties":{"layer":"context","id":"H976","name":"Жилой дом (внутриквартальный проезд)","kind":"context","info":"Рядовая историческая застройка: внутриквартальный проезд. Схематично.","approx":false,"height":24.4,"floors":6,"generated":true}},{"type":"Feature","geometry":{"type":"Polygon","coordinates":[[[30.2814265,59.9185323],[30.2813695,59.9186258],[30.2808571,59.9185474],[30.2809141,59.9184539],[30.2814265,59.9185323]]]},"properties":{"layer":"context","id":"H977","name":"Дворовый флигель (внутриквартальный проезд)","kind":"context","info":"Дворовый флигель рядовой застройки. Схематично.","approx":false,"height":23.4,"floors":6,"generated":true}},{"type":"Feature","geometry":{"type":"Polygon","coordinates":[[[30.2815749,59.9187714],[30.2814613,59.9189577],[30.2812266,59.9189218],[30.2813403,59.9187355],[30.2815749,59.9187714]]]},"properties":{"layer":"context","id":"H978","name":"Жилой дом (внутриквартальный проезд)","kind":"context","info":"Рядовая историческая застройка: внутриквартальный проезд. Схематично.","approx":false,"height":24.6,"floors":6,"generated":true}},{"type":"Feature","geometry":{"type":"Polygon","coordinates":[[[30.281284,59.9188278],[30.2812266,59.9189218],[30.2807005,59.9188413],[30.2807579,59.9187473],[30.281284,59.9188278]]]},"properties":{"layer":"context","id":"H979","name":"Дворовый флигель (внутриквартальный проезд)","kind":"context","info":"Дворовый флигель рядовой застройки. Схематично.","approx":false,"height":20,"floors":5,"generated":true}},{"type":"Feature","geometry":{"type":"Polygon","coordinates":[[[30.2814351,59.9190007],[30.2813473,59.9191445],[30.2811182,59.9191094],[30.2812059,59.9189656],[30.2814351,59.9190007]]]},"properties":{"layer":"context","id":"H980","name":"Жилой дом (внутриквартальный проезд)","kind":"context","info":"Рядовая историческая застройка: внутриквартальный проезд. Схематично.","approx":false,"height":24.4,"floors":6,"generated":true}},{"type":"Feature","geometry":{"type":"Polygon","coordinates":[[[30.2820831,59.9183747],[30.2822742,59.9180615],[30.282498,59.9180957],[30.2823069,59.9184089],[30.2820831,59.9183747]]]},"properties":{"layer":"context","id":"H981","name":"Жилой дом (внутриквартальный проезд)","kind":"context","info":"Рядовая историческая застройка: внутриквартальный проезд. Схематично.","approx":false,"height":20.8,"floors":5,"generated":true}},{"type":"Feature","geometry":{"type":"Polygon","coordinates":[[[30.2819893,59.9185284],[30.2820831,59.9183747],[30.2823489,59.9184154],[30.2822551,59.9185691],[30.2819893,59.9185284]]]},"properties":{"layer":"context","id":"H982","name":"Жилой дом (внутриквартальный проезд)","kind":"context","info":"Рядовая историческая застройка: внутриквартальный проезд. Схематично.","approx":false,"height":17.9,"floors":4,"generated":true}},{"type":"Feature","geometry":{"type":"Polygon","coordinates":[[[30.2822551,59.9185691],[30.2823132,59.9184738],[30.2828839,59.9185612],[30.2828258,59.9186564],[30.2822551,59.9185691]]]},"properties":{"layer":"context","id":"H983","name":"Дворовый флигель (внутриквартальный проезд)","kind":"context","info":"Дворовый флигель рядовой застройки. Схематично.","approx":false,"height":16.6,"floors":4,"generated":true}},{"type":"Feature","geometry":{"type":"Polygon","coordinates":[[[30.2818486,59.9187589],[30.2819893,59.9185284],[30.2822684,59.9185711],[30.2821277,59.9188016],[30.2818486,59.9187589]]]},"properties":{"layer":"context","id":"H984","name":"Жилой дом (внутриквартальный проезд)","kind":"context","info":"Рядовая историческая застройка: внутриквартальный проезд. Схематично.","approx":false,"height":24.9,"floors":6,"generated":true}},{"type":"Feature","geometry":{"type":"Polygon","coordinates":[[[30.2822102,59.9186664],[30.2822684,59.9185711],[30.2827191,59.9186401],[30.282661,59.9187354],[30.2822102,59.9186664]]]},"properties":{"layer":"context","id":"H985","name":"Дворовый флигель (внутриквартальный проезд)","kind":"context","info":"Дворовый флигель рядовой застройки. Схематично.","approx":false,"height":23.4,"floors":6,"generated":true}},{"type":"Feature","geometry":{"type":"Polygon","coordinates":[[[30.2817515,59.9189181],[30.2818486,59.9187589],[30.2821352,59.9188028],[30.282038,59.918962],[30.2817515,59.9189181]]]},"properties":{"layer":"context","id":"H986","name":"Жилой дом (внутриквартальный проезд)","kind":"context","info":"Рядовая историческая застройка: внутриквартальный проезд. Схематично.","approx":false,"height":17.3,"floors":4,"generated":true}},{"type":"Feature","geometry":{"type":"Polygon","coordinates":[[[30.2822115,59.9254971],[30.2828144,59.9255821],[30.2827328,59.9257274],[30.2821299,59.9256425],[30.2822115,59.9254971]]]},"properties":{"layer":"context","id":"H987","name":"Жилой дом (внутриквартальный проезд)","kind":"context","info":"Рядовая историческая застройка: внутриквартальный проезд. Схематично.","approx":false,"height":24,"floors":6,"generated":true}},{"type":"Feature","geometry":{"type":"Polygon","coordinates":[[[30.283677,59.9257036],[30.2840631,59.925758],[30.2839908,59.9258867],[30.2836047,59.9258323],[30.283677,59.9257036]]]},"properties":{"layer":"context","id":"H988","name":"Жилой дом (внутриквартальный проезд)","kind":"context","info":"Рядовая историческая застройка: внутриквартальный проезд. Схематично.","approx":false,"height":17.1,"floors":4,"generated":true}},{"type":"Feature","geometry":{"type":"Polygon","coordinates":[[[30.2840631,59.925758],[30.2843481,59.9257981],[30.2842707,59.9259359],[30.2839857,59.9258957],[30.2840631,59.925758]]]},"properties":{"layer":"context","id":"H989","name":"Жилой дом (внутриквартальный проезд)","kind":"context","info":"Рядовая историческая застройка: внутриквартальный проезд. Схематично.","approx":false,"height":17.6,"floors":4,"generated":true}},{"type":"Feature","geometry":{"type":"Polygon","coordinates":[[[30.2843481,59.9257981],[30.2849579,59.925884],[30.2848802,59.9260223],[30.2842704,59.9259364],[30.2843481,59.9257981]]]},"properties":{"layer":"context","id":"H990","name":"Жилой дом (внутриквартальный проезд)","kind":"context","info":"Рядовая историческая застройка: внутриквартальный проезд. Схематично.","approx":false,"height":17.1,"floors":4,"generated":true}},{"type":"Feature","geometry":{"type":"Polygon","coordinates":[[[30.2846705,59.9259928],[30.2848802,59.9260223],[30.2847349,59.9262811],[30.2845252,59.9262515],[30.2846705,59.9259928]]]},"properties":{"layer":"context","id":"H991","name":"Дворовый флигель (внутриквартальный проезд)","kind":"context","info":"Дворовый флигель рядовой застройки. Схематично.","approx":false,"height":16.6,"floors":4,"generated":true}},{"type":"Feature","geometry":{"type":"Polygon","coordinates":[[[30.2849579,59.925884],[30.2854089,59.9259475],[30.2853431,59.9260647],[30.2848921,59.9260012],[30.2849579,59.925884]]]},"properties":{"layer":"context","id":"H992","name":"Жилой дом (внутриквартальный проезд)","kind":"context","info":"Рядовая историческая застройка: внутриквартальный проезд. Схематично.","approx":false,"height":21.6,"floors":5,"generated":true}},{"type":"Feature","geometry":{"type":"Polygon","coordinates":[[[30.2848921,59.9260012],[30.2850991,59.9260303],[30.2850178,59.9261753],[30.2848107,59.9261461],[30.2848921,59.9260012]]]},"properties":{"layer":"context","id":"H993","name":"Дворовый флигель (внутриквартальный проезд)","kind":"context","info":"Дворовый флигель рядовой застройки. Схематично.","approx":false,"height":16.6,"floors":4,"generated":true}},{"type":"Feature","geometry":{"type":"Polygon","coordinates":[[[30.2854089,59.9259475],[30.2858723,59.9260128],[30.2858079,59.9261275],[30.2853444,59.9260622],[30.2854089,59.9259475]]]},"properties":{"layer":"context","id":"H994","name":"Жилой дом (внутриквартальный проезд)","kind":"context","info":"Рядовая историческая застройка: внутриквартальный проезд. Схематично.","approx":false,"height":21.3,"floors":5,"generated":true}},{"type":"Feature","geometry":{"type":"Polygon","coordinates":[[[30.2858723,59.9260128],[30.2862535,59.9260665],[30.2861809,59.9261958],[30.2857997,59.9261421],[30.2858723,59.9260128]]]},"properties":{"layer":"context","id":"H995","name":"Жилой дом (внутриквартальный проезд)","kind":"context","info":"Рядовая историческая застройка: внутриквартальный проезд. Схематично.","approx":false,"height":24.5,"floors":6,"generated":true}},{"type":"Feature","geometry":{"type":"Polygon","coordinates":[[[30.2857997,59.9261421],[30.2859933,59.9261693],[30.2858935,59.9263471],[30.2856999,59.9263198],[30.2857997,59.9261421]]]},"properties":{"layer":"context","id":"H996","name":"Дворовый флигель (внутриквартальный проезд)","kind":"context","info":"Дворовый флигель рядовой застройки. Схематично.","approx":false,"height":23.4,"floors":6,"generated":true}},{"type":"Feature","geometry":{"type":"Polygon","coordinates":[[[30.2881512,59.9263338],[30.2887253,59.9264147],[30.2886523,59.9265447],[30.2880782,59.9264639],[30.2881512,59.9263338]]]},"properties":{"layer":"context","id":"H997","name":"Жилой дом (внутриквартальный проезд)","kind":"context","info":"Рядовая историческая застройка: внутриквартальный проезд. Схематично.","approx":false,"height":17.4,"floors":4,"generated":true}},{"type":"Feature","geometry":{"type":"Polygon","coordinates":[[[30.2887253,59.9264147],[30.2892386,59.926487],[30.2891628,59.926622],[30.2886495,59.9265497],[30.2887253,59.9264147]]]},"properties":{"layer":"context","id":"H998","name":"Жилой дом (внутриквартальный проезд)","kind":"context","info":"Рядовая историческая застройка: внутриквартальный проезд. Схематично.","approx":false,"height":17.3,"floors":4,"generated":true}},{"type":"Feature","geometry":{"type":"Polygon","coordinates":[[[30.2892386,59.926487],[30.2898165,59.9265684],[30.2897404,59.9267039],[30.2891625,59.9266225],[30.2892386,59.926487]]]},"properties":{"layer":"context","id":"H999","name":"Жилой дом (внутриквартальный проезд)","kind":"context","info":"Рядовая историческая застройка: внутриквартальный проезд. Схематично.","approx":false,"height":23.9,"floors":6,"generated":true}},{"type":"Feature","geometry":{"type":"Polygon","coordinates":[[[30.2891625,59.9266225],[30.2893701,59.9266517],[30.2892886,59.9267969],[30.289081,59.9267677],[30.2891625,59.9266225]]]},"properties":{"layer":"context","id":"H1000","name":"Дворовый флигель (внутриквартальный проезд)","kind":"context","info":"Дворовый флигель рядовой застройки. Схематично.","approx":false,"height":23.4,"floors":6,"generated":true}},{"type":"Feature","geometry":{"type":"Polygon","coordinates":[[[30.2898165,59.9265684],[30.2903715,59.9266466],[30.2902905,59.9267909],[30.2897355,59.9267127],[30.2898165,59.9265684]]]},"properties":{"layer":"context","id":"H1001","name":"Жилой дом (внутриквартальный проезд)","kind":"context","info":"Рядовая историческая застройка: внутриквартальный проезд. Схематично.","approx":false,"height":20.4,"floors":5,"generated":true}},{"type":"Feature","geometry":{"type":"Polygon","coordinates":[[[30.2903715,59.9266466],[30.2907486,59.9266997],[30.2906802,59.9268214],[30.2903032,59.9267683],[30.2903715,59.9266466]]]},"properties":{"layer":"context","id":"H1002","name":"Жилой дом (внутриквартальный проезд)","kind":"context","info":"Рядовая историческая застройка: внутриквартальный проезд. Схематично.","approx":false,"height":17.1,"floors":4,"generated":true}},{"type":"Feature","geometry":{"type":"Polygon","coordinates":[[[30.2822479,59.9253699],[30.2819354,59.9253258],[30.2820002,59.9252104],[30.2823127,59.9252545],[30.2822479,59.9253699]]]},"properties":{"layer":"context","id":"H1003","name":"Жилой дом (внутриквартальный проезд)","kind":"context","info":"Рядовая историческая застройка: внутриквартальный проезд. Схематично.","approx":false,"height":17.7,"floors":4,"generated":true}},{"type":"Feature","geometry":{"type":"Polygon","coordinates":[[[30.2825403,59.925411],[30.2822479,59.9253699],[30.2823137,59.9252528],[30.282606,59.925294],[30.2825403,59.925411]]]},"properties":{"layer":"context","id":"H1004","name":"Жилой дом (внутриквартальный проезд)","kind":"context","info":"Рядовая историческая застройка: внутриквартальный проезд. Схематично.","approx":false,"height":17.5,"floors":4,"generated":true}},{"type":"Feature","geometry":{"type":"Polygon","coordinates":[[[30.2828295,59.9254518],[30.2825403,59.925411],[30.2826145,59.9252788],[30.2829038,59.9253196],[30.2828295,59.9254518]]]},"properties":{"layer":"context","id":"H1005","name":"Жилой дом (внутриквартальный проезд)","kind":"context","info":"Рядовая историческая застройка: внутриквартальный проезд. Схематично.","approx":false,"height":21.5,"floors":5,"generated":true}},{"type":"Feature","geometry":{"type":"Polygon","coordinates":[[[30.2829038,59.9253196],[30.2827257,59.9252945],[30.2828539,59.9250663],[30.2830319,59.9250914],[30.2829038,59.9253196]]]},"properties":{"layer":"context","id":"H1006","name":"Дворовый флигель (внутриквартальный проезд)","kind":"context","info":"Дворовый флигель рядовой застройки. Схематично.","approx":false,"height":16.6,"floors":4,"generated":true}},{"type":"Feature","geometry":{"type":"Polygon","coordinates":[[[30.2841,59.9256307],[30.2836921,59.9255733],[30.2837565,59.9254586],[30.2841644,59.9255161],[30.2841,59.9256307]]]},"properties":{"layer":"context","id":"H1007","name":"Жилой дом (внутриквартальный проезд)","kind":"context","info":"Рядовая историческая застройка: внутриквартальный проезд. Схематично.","approx":false,"height":21.4,"floors":5,"generated":true}},{"type":"Feature","geometry":{"type":"Polygon","coordinates":[[[30.2841644,59.9255161],[30.2839434,59.9254849],[30.2840756,59.9252496],[30.2842965,59.9252807],[30.2841644,59.9255161]]]},"properties":{"layer":"context","id":"H1008","name":"Дворовый флигель (внутриквартальный проезд)","kind":"context","info":"Дворовый флигель рядовой застройки. Схематично.","approx":false,"height":20,"floors":5,"generated":true}},{"type":"Feature","geometry":{"type":"Polygon","coordinates":[[[30.2847002,59.9257153],[30.2841,59.9256307],[30.2841756,59.925496],[30.2847759,59.9255805],[30.2847002,59.9257153]]]},"properties":{"layer":"context","id":"H1009","name":"Жилой дом (внутриквартальный проезд)","kind":"context","info":"Рядовая историческая застройка: внутриквартальный проезд. Схематично.","approx":false,"height":17.5,"floors":4,"generated":true}},{"type":"Feature","geometry":{"type":"Polygon","coordinates":[[[30.2852631,59.9257946],[30.2847002,59.9257153],[30.2847738,59.9255843],[30.2853366,59.9256636],[30.2852631,59.9257946]]]},"properties":{"layer":"context","id":"H1010","name":"Жилой дом (внутриквартальный проезд)","kind":"context","info":"Рядовая историческая застройка: внутриквартальный проезд. Схематично.","approx":false,"height":24.1,"floors":6,"generated":true}},{"type":"Feature","geometry":{"type":"Polygon","coordinates":[[[30.2855468,59.9258346],[30.2852631,59.9257946],[30.2853343,59.9256677],[30.2856181,59.9257077],[30.2855468,59.9258346]]]},"properties":{"layer":"context","id":"H1011","name":"Жилой дом (внутриквартальный проезд)","kind":"context","info":"Рядовая историческая застройка: внутриквартальный проезд. Схематично.","approx":false,"height":21.6,"floors":5,"generated":true}},{"type":"Feature","geometry":{"type":"Polygon","coordinates":[[[30.2856181,59.9257077],[30.2853958,59.9256763],[30.2855231,59.9254496],[30.2857454,59.9254809],[30.2856181,59.9257077]]]},"properties":{"layer":"context","id":"H1012","name":"Дворовый флигель (внутриквартальный проезд)","kind":"context","info":"Дворовый флигель рядовой застройки. Схематично.","approx":false,"height":20,"floors":5,"generated":true}},{"type":"Feature","geometry":{"type":"Polygon","coordinates":[[[30.2858597,59.9258786],[30.2855468,59.9258346],[30.2856144,59.9257142],[30.2859273,59.9257583],[30.2858597,59.9258786]]]},"properties":{"layer":"context","id":"H1013","name":"Жилой дом (внутриквартальный проезд)","kind":"context","info":"Рядовая историческая застройка: внутриквартальный проезд. Схематично.","approx":false,"height":17,"floors":4,"generated":true}},{"type":"Feature","geometry":{"type":"Polygon","coordinates":[[[30.2859273,59.9257583],[30.285739,59.9257317],[30.285841,59.92555],[30.2860293,59.9255766],[30.2859273,59.9257583]]]},"properties":{"layer":"context","id":"H1014","name":"Дворовый флигель (внутриквартальный проезд)","kind":"context","info":"Дворовый флигель рядовой застройки. Схематично.","approx":false,"height":13.2,"floors":3,"generated":true}},{"type":"Feature","geometry":{"type":"Polygon","coordinates":[[[30.2864267,59.9259585],[30.2858597,59.9258786],[30.285939,59.9257375],[30.2865059,59.9258174],[30.2864267,59.9259585]]]},"properties":{"layer":"context","id":"H1015","name":"Жилой дом (внутриквартальный проезд)","kind":"context","info":"Рядовая историческая застройка: внутриквартальный проезд. Схематично.","approx":false,"height":21.2,"floors":5,"generated":true}},{"type":"Feature","geometry":{"type":"Polygon","coordinates":[[[30.2866771,59.9259938],[30.2864267,59.9259585],[30.2865051,59.9258188],[30.2867555,59.9258541],[30.2866771,59.9259938]]]},"properties":{"layer":"context","id":"H1016","name":"Жилой дом (внутриквартальный проезд)","kind":"context","info":"Рядовая историческая застройка: внутриквартальный проезд. Схематично.","approx":false,"height":24.2,"floors":6,"generated":true}},{"type":"Feature","geometry":{"type":"Polygon","coordinates":[[[30.2883015,59.9262226],[30.2878847,59.9261639],[30.287956,59.9260368],[30.2883729,59.9260955],[30.2883015,59.9262226]]]},"properties":{"layer":"context","id":"H1017","name":"Жилой дом (внутриквартальный проезд)","kind":"context","info":"Рядовая историческая застройка: внутриквартальный проезд. Схематично.","approx":false,"height":24,"floors":6,"generated":true}},{"type":"Feature","geometry":{"type":"Polygon","coordinates":[[[30.2889292,59.926311],[30.2883015,59.9262226],[30.2883826,59.9260782],[30.2890103,59.9261666],[30.2889292,59.926311]]]},"properties":{"layer":"context","id":"H1018","name":"Жилой дом (внутриквартальный проезд)","kind":"context","info":"Рядовая историческая застройка: внутриквартальный проезд. Схематично.","approx":false,"height":24.8,"floors":6,"generated":true}},{"type":"Feature","geometry":{"type":"Polygon","coordinates":[[[30.2893042,59.9263638],[30.2889292,59.926311],[30.2890013,59.9261825],[30.2893763,59.9262354],[30.2893042,59.9263638]]]},"properties":{"layer":"context","id":"H1019","name":"Жилой дом (внутриквартальный проезд)","kind":"context","info":"Рядовая историческая застройка: внутриквартальный проезд. Схематично.","approx":false,"height":17.1,"floors":4,"generated":true}},{"type":"Feature","geometry":{"type":"Polygon","coordinates":[[[30.2899521,59.9264551],[30.2893042,59.9263638],[30.289376,59.9262359],[30.290024,59.9263271],[30.2899521,59.9264551]]]},"properties":{"layer":"context","id":"H1020","name":"Жилой дом (внутриквартальный проезд)","kind":"context","info":"Рядовая историческая застройка: внутриквартальный проезд. Схематично.","approx":false,"height":17.4,"floors":4,"generated":true}},{"type":"Feature","geometry":{"type":"Polygon","coordinates":[[[30.2895653,59.9262625],[30.289376,59.9262359],[30.2894561,59.9260933],[30.2896454,59.92612],[30.2895653,59.9262625]]]},"properties":{"layer":"context","id":"H1021","name":"Дворовый флигель (внутриквартальный проезд)","kind":"context","info":"Дворовый флигель рядовой застройки. Схематично.","approx":false,"height":16.6,"floors":4,"generated":true}},{"type":"Feature","geometry":{"type":"Polygon","coordinates":[[[30.2904641,59.9265272],[30.2899521,59.9264551],[30.2900211,59.9263322],[30.2905331,59.9264043],[30.2904641,59.9265272]]]},"properties":{"layer":"context","id":"H1022","name":"Жилой дом (внутриквартальный проезд)","kind":"context","info":"Рядовая историческая застройка: внутриквартальный проезд. Схематично.","approx":false,"height":24,"floors":6,"generated":true}},{"type":"Feature","geometry":{"type":"Polygon","coordinates":[[[30.2902104,59.9263589],[30.2900211,59.9263322],[30.2901776,59.9260535],[30.2903669,59.9260802],[30.2902104,59.9263589]]]},"properties":{"layer":"context","id":"H1023","name":"Дворовый флигель (внутриквартальный проезд)","kind":"context","info":"Дворовый флигель рядовой застройки. Схематично.","approx":false,"height":23.4,"floors":6,"generated":true}},{"type":"Feature","geometry":{"type":"Polygon","coordinates":[[[30.2907673,59.9265699],[30.2904641,59.9265272],[30.2905352,59.9264007],[30.2908384,59.9264434],[30.2907673,59.9265699]]]},"properties":{"layer":"context","id":"H1024","name":"Жилой дом (внутриквартальный проезд)","kind":"context","info":"Рядовая историческая застройка: внутриквартальный проезд. Схематично.","approx":false,"height":25,"floors":6,"generated":true}},{"type":"Feature","geometry":{"type":"Polygon","coordinates":[[[30.2656988,59.9292101],[30.267278,59.9296307],[30.2670962,59.9298018],[30.265517,59.9293813],[30.2656988,59.9292101]]]},"properties":{"layer":"context","id":"KR","name":"Ледокол «Красин» (музейное судно)","kind":"vessel","info":"Ледокол 1917 г., ныне музей; стоит у наб. Лейтенанта Шмидта (23-я линия).","approx":false,"height":21.6,"floors":null,"generated":false}},{"type":"Feature","geometry":{"type":"Polygon","coordinates":[[[30.2864468,59.9288041],[30.2868589,59.9288077],[30.2868502,59.929059],[30.2864381,59.9290554],[30.2864468,59.9288041]]]},"properties":{"layer":"context","id":"NH-arch","name":"Арка Новой Голландии","kind":"landmark","info":"Арх. Ж.-Б. Валлен-Деламот, 1765–1780-е.","approx":false,"height":23,"floors":null,"generated":false}},{"type":"Feature","geometry":{"type":"LineString","coordinates":[[30.2789424,59.9173708],[30.2767022,59.9202431]]},"properties":{"layer":"street","name":"Лоцманская ул.","width":10}},{"type":"Feature","geometry":{"type":"LineString","coordinates":[[30.2802865,59.9172093],[30.2920249,59.9202072]]},"properties":{"layer":"street","name":"Садовая ул.","width":16}},{"type":"Feature","geometry":{"type":"LineString","coordinates":[[30.2803761,59.9168323],[30.2920249,59.9173439]]},"properties":{"layer":"street","name":"пр. Римского-Корсакова","width":14}},{"type":"Feature","geometry":{"type":"LineString","coordinates":[[30.2788348,59.9164284],[30.2801252,59.9164284],[30.2821682,59.9164733],[30.2866485,59.9164463],[30.2920249,59.9163656]]},"properties":{"layer":"street","name":"наб. реки Фонтанки","width":9}},{"type":"Feature","geometry":{"type":"LineString","coordinates":[[30.2777775,59.9188698],[30.2920249,59.9209162]]},"properties":{"layer":"street","name":"ул. Союза Печатников","width":12}},{"type":"Feature","geometry":{"type":"LineString","coordinates":[[30.2796951,59.923223],[30.2920249,59.9249912]]},"properties":{"layer":"street","name":"ул. Декабристов","width":14}},{"type":"Feature","geometry":{"type":"LineString","coordinates":[[30.2839603,59.9197584],[30.2818098,59.9235282],[30.2810571,59.9274954]]},"properties":{"layer":"street","name":"ул. Писарева","width":10}},{"type":"Feature","geometry":{"type":"LineString","coordinates":[[30.2896951,59.9205841],[30.2875446,59.9243539],[30.2867381,59.9282673]]},"properties":{"layer":"street","name":"Мастерская ул.","width":10}},{"type":"Feature","geometry":{"type":"LineString","coordinates":[[30.2766126,59.9202431],[30.2772398,59.9203059],[30.2786735,59.9205123],[30.2795158,59.9208893],[30.2796413,59.9214278],[30.2796413,59.9273518]]},"properties":{"layer":"street","name":"наб. реки Пряжки","width":9}},{"type":"Feature","geometry":{"type":"LineString","coordinates":[[30.2796413,59.9273518],[30.2812721,59.9275313],[30.2839603,59.9280699],[30.2857524,59.9282673],[30.2920249,59.9282853]]},"properties":{"layer":"street","name":"наб. реки Мойки","width":9}},{"type":"Feature","geometry":{"type":"LineString","coordinates":[[30.2849818,59.9306549],[30.2849818,59.9317678]]},"properties":{"layer":"street","name":"наб. Ново-Адмиралтейского канала","width":7}},{"type":"Feature","geometry":{"type":"LineString","coordinates":[[30.2849818,59.9312114],[30.2920249,59.9319833]]},"properties":{"layer":"street","name":"Галерная ул.","width":10}},{"type":"Feature","geometry":{"type":"LineString","coordinates":[[30.2848922,59.9317589],[30.2888349,59.9323154],[30.2920249,59.9327641]]},"properties":{"layer":"street","name":"Английская наб.","width":14}},{"type":"Feature","geometry":{"type":"LineString","coordinates":[[30.2728133,59.9155936],[30.2741036,59.9156565],[30.2767918,59.9157462],[30.2801252,59.915836],[30.2866485,59.9158539],[30.2920249,59.9157732]]},"properties":{"layer":"street","name":"наб. реки Фонтанки","width":9}},{"type":"Feature","geometry":{"type":"LineString","coordinates":[[30.2801252,59.9157911],[30.279928,59.9129907]]},"properties":{"layer":"street","name":"Старо-Петергофский пр.","width":18}},{"type":"Feature","geometry":{"type":"LineString","coordinates":[[30.279928,59.9153962],[30.2758958,59.9150102],[30.2726341,59.9146781],[30.271505,59.9145704],[30.2680104,59.9142473]]},"properties":{"layer":"street","name":"Рижский пр.","width":14}},{"type":"Feature","geometry":{"type":"LineString","coordinates":[[30.2653222,59.9295239],[30.2677237,59.9301702],[30.2713079,59.9311036],[30.2748922,59.9320012],[30.2784764,59.9329437],[30.2805553,59.9335002]]},"properties":{"layer":"street","name":"наб. Лейтенанта Шмидта","width":14}},{"type":"Feature","geometry":{"type":"LineString","coordinates":[[30.2694441,59.9306369],[30.268548,59.9334553]]},"properties":{"layer":"street","name":"21-я и 22-я линии В. О.","width":10}},{"type":"Feature","geometry":{"type":"LineString","coordinates":[[30.2719531,59.9312742],[30.2710929,59.9334553]]},"properties":{"layer":"street","name":"18-я и 19-я линии В. О.","width":10}},{"type":"Feature","geometry":{"type":"LineString","coordinates":[[30.2744621,59.9318935],[30.2738886,59.9334553]]},"properties":{"layer":"street","name":"16-я и 17-я линии В. О.","width":10}},{"type":"Feature","geometry":{"type":"LineString","coordinates":[[30.276971,59.9325398],[30.2767022,59.9334553]]},"properties":{"layer":"street","name":"14-я и 15-я линии В. О.","width":10}},{"type":"Feature","geometry":{"type":"LineString","coordinates":[[30.2787632,59.9211586],[30.2920249,59.9230614]]},"properties":{"layer":"street","name":"внутриквартальный проезд","width":7}},{"type":"Feature","geometry":{"type":"LineString","coordinates":[[30.2857883,59.9201892],[30.2831539,59.9257362],[30.282885,59.9278903]]},"properties":{"layer":"street","name":"внутриквартальный проезд","width":7}},{"type":"Feature","geometry":{"type":"LineString","coordinates":[[30.2821682,59.9180171],[30.2811825,59.9196327]]},"properties":{"layer":"street","name":"внутриквартальный проезд","width":7}},{"type":"Feature","geometry":{"type":"LineString","coordinates":[[30.2805553,59.9251976],[30.2920249,59.9268133]]},"properties":{"layer":"street","name":"внутриквартальный проезд","width":7}},{"type":"Feature","geometry":{"type":"LineString","coordinates":[[30.2790499,59.9219664],[30.2762542,59.9219664],[30.2762542,59.9233307]]},"properties":{"layer":"street","name":"проезд Матисова острова","width":7}},{"type":"Feature","geometry":{"type":"LineString","coordinates":[[30.276756,59.9205841],[30.2775983,59.9206649],[30.2775983,59.9219305]]},"properties":{"layer":"street","name":"проезд у Бердова моста","width":6}},{"type":"Feature","geometry":{"type":"LineString","coordinates":[[30.2784585,59.9169849],[30.2741036,59.9167515],[30.2696592,59.9165181]]},"properties":{"layer":"internal_road","name":"Главный проезд Галерного острова","width":10}},{"type":"Feature","geometry":{"type":"LineString","coordinates":[[30.2755732,59.9167156],[30.2756807,59.9178376],[30.2756449,59.9187351],[30.275609,59.9200366]]},"properties":{"layer":"internal_road","name":"Проезд к стапелям","width":8}},{"type":"Feature","geometry":{"type":"LineString","coordinates":[[30.2705194,59.9182864],[30.2756449,59.9185377]]},"properties":{"layer":"internal_road","name":"Проезд у склада металла","width":8}},{"type":"Feature","geometry":{"type":"LineString","coordinates":[[30.2714154,59.9198122],[30.273566,59.9199469],[30.275609,59.9200366],[30.2762542,59.9200994]]},"properties":{"layer":"internal_road","name":"Проезд вдоль Пряжки","width":8}},{"type":"Feature","geometry":{"type":"LineString","coordinates":[[30.2784943,59.9164733],[30.2758958,59.9163476],[30.2719531,59.9161501],[30.270161,59.9160424]]},"properties":{"layer":"internal_road","name":"Проезд вдоль Фонтанки","width":7}},{"type":"Feature","geometry":{"type":"LineString","coordinates":[[30.2756449,59.9183761],[30.276971,59.9184479],[30.2777775,59.9185018]]},"properties":{"layer":"internal_road","name":"Проезд к воротам КПП-2","width":7}},{"type":"Feature","geometry":{"type":"LineString","coordinates":[[30.2719889,59.9204854],[30.2722757,59.923223],[30.2726341,59.9264542]]},"properties":{"layer":"internal_road","name":"Проезд вдоль достроечной набережной (Матисов о.)","width":9}},{"type":"Feature","geometry":{"type":"LineString","coordinates":[[30.2722757,59.923223],[30.2753223,59.9232409],[30.2753223,59.9235641],[30.2762542,59.923582]]},"properties":{"layer":"internal_road","name":"Поперечный проезд (Матисов о.)","width":8}},{"type":"Feature","geometry":{"type":"LineString","coordinates":[[30.2762542,59.9233307],[30.2762542,59.9266337],[30.2758958,59.9268133]]},"properties":{"layer":"internal_road","name":"Проезд от проходной Матисова о.","width":8}},{"type":"Feature","geometry":{"type":"LineString","coordinates":[[30.2724549,59.925063],[30.2762542,59.925063]]},"properties":{"layer":"internal_road","name":"Поперечный проезд у склада","width":8}},{"type":"Feature","geometry":{"type":"LineString","coordinates":[[30.2726341,59.9264542],[30.2741036,59.9265619],[30.2762542,59.9266337]]},"properties":{"layer":"internal_road","name":"Проезд вдоль Мойки","width":7}},{"type":"Feature","geometry":{"type":"LineString","coordinates":[[30.2735481,59.9203956],[30.273566,59.92062],[30.2720427,59.9207098]]},"properties":{"layer":"internal_road","name":"Подъезд к мосту через Пряжку","width":8}},{"type":"Feature","geometry":{"type":"LineString","coordinates":[[30.2841754,59.9311036],[30.2841754,59.9296855],[30.2830642,59.9295508],[30.2816305,59.9292367],[30.27948,59.9287879],[30.2767918,59.9281596],[30.2741036,59.9278006],[30.2732076,59.927666]]},"properties":{"layer":"internal_road","name":"Продольный проезд Нового Адмиралтейства","width":8}},{"type":"Feature","geometry":{"type":"LineString","coordinates":[[30.2758958,59.9273698],[30.2759674,59.9280519]]},"properties":{"layer":"internal_road","name":"Подъезд к мосту через Мойку","width":8}},{"type":"Feature","geometry":{"type":"LineString","coordinates":[[30.2816305,59.9292367],[30.2823474,59.9297304]]},"properties":{"layer":"internal_road","name":"Проезд к Большому эллингу","width":7}},{"type":"Feature","geometry":{"type":"LineString","coordinates":[[30.2752844,59.9192612],[30.2709355,59.9190323]]},"properties":{"layer":"rail","name":"Подкрановый путь между стапелями","gauge":8}},{"type":"Feature","geometry":{"type":"LineString","coordinates":[[30.275165,59.9198303],[30.2708518,59.9196033]]},"properties":{"layer":"rail","name":"Подкрановый путь стапеля № 1","gauge":8}},{"type":"Feature","geometry":{"type":"LineString","coordinates":[[30.2749077,59.9186661],[30.2705054,59.9184344]]},"properties":{"layer":"rail","name":"Подкрановый путь стапеля № 2","gauge":8}},{"type":"Feature","geometry":{"type":"LineString","coordinates":[[30.2702548,59.9181518],[30.2701184,59.9179069],[30.269982,59.9176619],[30.2698455,59.9174169],[30.2697091,59.917172],[30.2695727,59.916927],[30.2694363,59.9166821]]},"properties":{"layer":"rail","name":"Подкрановый путь достроечной набережной (Галерный о.)","gauge":10.5}},{"type":"Feature","geometry":{"type":"LineString","coordinates":[[30.2724637,59.9264436],[30.272239,59.9255229],[30.2720358,59.9246037],[30.2718589,59.9236805],[30.2716828,59.9227598],[30.2715553,59.9218346],[30.2714279,59.9209093]]},"properties":{"layer":"rail","name":"Подкрановый путь достроечной набережной (Матисов о.)","gauge":10.5}},{"type":"Feature","geometry":{"type":"LineString","coordinates":[[30.2806185,59.9307055],[30.2801783,59.9305788],[30.2797381,59.930452],[30.2792979,59.9303252],[30.2788577,59.9301985],[30.2784175,59.9300717],[30.2779773,59.9299449]]},"properties":{"layer":"rail","name":"Подкрановый путь Нового Адмиралтейства","gauge":10.5}},{"type":"Feature","geometry":{"type":"LineString","coordinates":[[30.2784047,59.9170657],[30.2741036,59.9168323],[30.270161,59.9166169]]},"properties":{"layer":"rail","name":"Заводской железнодорожный путь","gauge":1.52}},{"type":"Feature","geometry":{"type":"Point","coordinates":[30.2740368,59.9191956]},"properties":{"layer":"crane","id":"C1","name":"Стапельный кран (путь между стапелями)","type":"tower"}},{"type":"Feature","geometry":{"type":"Point","coordinates":[30.2721653,59.9190971]},"properties":{"layer":"crane","id":"C2","name":"Стапельный кран (путь между стапелями)","type":"tower"}},{"type":"Feature","geometry":{"type":"Point","coordinates":[30.2729371,59.919713]},"properties":{"layer":"crane","id":"C3","name":"Стапельный кран стапеля № 1","type":"tower"}},{"type":"Feature","geometry":{"type":"Point","coordinates":[30.2738383,59.9186098]},"properties":{"layer":"crane","id":"C4","name":"Стапельный кран стапеля № 2","type":"tower"}},{"type":"Feature","geometry":{"type":"Point","coordinates":[30.2700863,59.9178492]},"properties":{"layer":"crane","id":"C5","name":"Портальный кран достроечной набережной","type":"portal"}},{"type":"Feature","geometry":{"type":"Point","coordinates":[30.269677,59.9171144]},"properties":{"layer":"crane","id":"C6","name":"Портальный кран достроечной набережной","type":"portal"}},{"type":"Feature","geometry":{"type":"Point","coordinates":[30.2722062,59.9253743]},"properties":{"layer":"crane","id":"C7","name":"Портальный кран (Матисов о.)","type":"portal"}},{"type":"Feature","geometry":{"type":"Point","coordinates":[30.271944,59.9241246]},"properties":{"layer":"crane","id":"C8","name":"Портальный кран (Матисов о.)","type":"portal"}},{"type":"Feature","geometry":{"type":"Point","coordinates":[30.2715998,59.9221576]},"properties":{"layer":"crane","id":"C9","name":"Портальный кран (Матисов о.)","type":"portal"}},{"type":"Feature","geometry":{"type":"Point","coordinates":[30.2801524,59.9305713]},"properties":{"layer":"crane","id":"C10","name":"Портальный кран (Новое Адмиралтейство)","type":"portal"}},{"type":"Feature","geometry":{"type":"Point","coordinates":[30.2782881,59.9300344]},"properties":{"layer":"crane","id":"C11","name":"Портальный кран (Новое Адмиралтейство)","type":"portal"}},{"type":"Feature","geometry":{"type":"Point","coordinates":[30.2717739,59.9179273]},"properties":{"layer":"crane","id":"C12","name":"Козловой кран склада металла","type":"gantry"}},{"type":"Feature","geometry":{"type":"Point","coordinates":[30.2726341,59.9219664]},"properties":{"layer":"crane","id":"C13","name":"Козловой кран площадки складирования","type":"gantry"}},{"type":"Feature","geometry":{"type":"Point","coordinates":[30.2616484,59.9254669]},"properties":{"layer":"crane","id":"BC1","name":"Портальный кран Балтийского завода","type":"portal"}},{"type":"Feature","geometry":{"type":"Point","coordinates":[30.2607165,59.9219664]},"properties":{"layer":"crane","id":"BC2","name":"Портальный кран Балтийского завода","type":"portal"}},{"type":"Feature","geometry":{"type":"Point","coordinates":[30.2773295,59.9288777]},"properties":{"layer":"label","name":"Ново-Адмиралтейский остров"}},{"type":"Feature","geometry":{"type":"Point","coordinates":[30.273566,59.9231332]},"properties":{"layer":"label","name":"Матисов остров"}},{"type":"Feature","geometry":{"type":"Point","coordinates":[30.2726699,59.9171195]},"properties":{"layer":"label","name":"Галерный остров"}},{"type":"Feature","geometry":{"type":"Point","coordinates":[30.287903,59.9295957]},"properties":{"layer":"label","name":"Новая Голландия"}},{"type":"Feature","geometry":{"type":"Point","coordinates":[30.285394,59.9219664]},"properties":{"layer":"label","name":"Коломна"}},{"type":"Feature","geometry":{"type":"Point","coordinates":[30.2694441,59.9321987]},"properties":{"layer":"label","name":"Васильевский остров"}},{"type":"Feature","geometry":{"type":"Point","coordinates":[30.2601251,59.9243001]},"properties":{"layer":"label","name":"Балтийский завод"}},{"type":"Feature","geometry":{"type":"Point","coordinates":[30.2796592,59.916922]},"properties":{"layer":"label","name":"пл. Репина"}},{"type":"Feature","geometry":{"type":"Point","coordinates":[30.2775087,59.9192737]},"properties":{"layer":"label","name":"Лоцманская ул."}},{"type":"Feature","geometry":{"type":"Point","coordinates":[30.285394,59.9240308]},"properties":{"layer":"label","name":"ул. Декабристов"}},{"type":"Feature","geometry":{"type":"Point","coordinates":[30.2848564,59.9183761]},"properties":{"layer":"label","name":"Садовая ул."}},{"type":"Feature","geometry":{"type":"Point","coordinates":[30.2880822,59.9321089]},"properties":{"layer":"label","name":"Английская наб."}},{"type":"Feature","geometry":{"type":"Point","coordinates":[30.2726699,59.9314806]},"properties":{"layer":"label","name":"наб. Лейтенанта Шмидта"}},{"type":"Feature","geometry":{"type":"Point","coordinates":[30.2800176,59.913978]},"properties":{"layer":"label","name":"Старо-Петергофский пр."}},{"type":"Feature","geometry":{"type":"Point","coordinates":[30.2753581,59.9149653]},"properties":{"layer":"label","name":"Рижский пр."}},{"type":"Feature","geometry":{"type":"Point","coordinates":[30.2801252,59.9161142]},"properties":{"layer":"label","name":"Старо-Калинкин мост"}},{"type":"Feature","geometry":{"type":"Point","coordinates":[30.2658599,59.9250181]},"properties":{"layer":"label","name":"Большая Нева"}},{"type":"Feature","geometry":{"type":"Point","coordinates":[30.2748205,59.9309421]},"properties":{"layer":"label","name":"Большая Нева"}},{"type":"Feature","geometry":{"type":"Point","coordinates":[30.2758958,59.9159976]},"properties":{"layer":"label","name":"р. Фонтанка"}},{"type":"Feature","geometry":{"type":"Point","coordinates":[30.2821682,59.9279622]},"properties":{"layer":"label","name":"р. Мойка"}},{"type":"Feature","geometry":{"type":"Point","coordinates":[30.2793008,59.9250181]},"properties":{"layer":"label","name":"р. Пряжка"}},{"type":"Feature","geometry":{"type":"Point","coordinates":[30.2846055,59.9313011]},"properties":{"layer":"label","name":"Ново-Адмиралтейский канал"}},{"type":"Feature","geometry":{"type":"Point","coordinates":[30.2717739,59.9142473]},"properties":{"layer":"label","name":"р. Екатерингофка"}},{"type":"Feature","geometry":{"type":"Polygon","coordinates":[[[30.2799101,59.9164374],[30.2799101,59.9158091],[30.2803402,59.9158091],[30.2803402,59.9164374],[30.2799101,59.9164374]]]},"properties":{"layer":"bridge","id":"B1","name":"Старо-Калинкин мост"}},{"type":"Feature","geometry":{"type":"Polygon","coordinates":[[[30.2789782,59.921926],[30.2796592,59.921926],[30.2796592,59.9220068],[30.2789782,59.9220068],[30.2789782,59.921926]]]},"properties":{"layer":"bridge","id":"B2","name":"Матисов мост"}},{"type":"Feature","geometry":{"type":"Polygon","coordinates":[[[30.2768633,59.9202638],[30.2768095,59.9206049],[30.2766666,59.9205993],[30.2767204,59.9202582],[30.2768633,59.9202638]]]},"properties":{"layer":"bridge","id":"B3","name":"Бердов мост"}},{"type":"Feature","geometry":{"type":"Polygon","coordinates":[[[30.2736556,59.9200647],[30.2736376,59.9204237],[30.2734585,59.9204214],[30.2734764,59.9200624],[30.2736556,59.9200647]]]},"properties":{"layer":"bridge","id":"B4","name":"Заводской мост через Пряжку"}},{"type":"Feature","geometry":{"type":"Polygon","coordinates":[[[30.2759854,59.9268671],[30.2759854,59.9273877],[30.2758061,59.9273877],[30.2758061,59.9268671],[30.2759854,59.9268671]]]},"properties":{"layer":"bridge","id":"B5","name":"Заводской мост через Мойку"}},{"type":"Feature","geometry":{"type":"Polygon","coordinates":[[[30.2842471,59.9310767],[30.2849639,59.9310767],[30.2849639,59.9311665],[30.2842471,59.9311665],[30.2842471,59.9310767]]]},"properties":{"layer":"bridge","id":"B6","name":"Мост к Северной проходной"}},{"type":"Feature","geometry":{"type":"Polygon","coordinates":[[[30.2726073,59.9147487],[30.2714782,59.914641],[30.2715319,59.9144999],[30.2726609,59.9146076],[30.2726073,59.9147487]]]},"properties":{"layer":"bridge","id":"B7","name":"Мост через Екатерингофку"}}]}